draw_number,numbers,bonus_number,prize_info,draw_date
1,"[10, 23, 29, 33, 37, 40]",16,"[{""rank"": ""1등"", ""winners"": 0, ""prize_amount"": 0}, {""rank"": ""2등"", ""winners"": 1, ""prize_amount"": 143934100}, {""rank"": ""3등"", ""winners"": 28, ""prize_amount"": 5140500}, {""rank"": ""4등"", ""winners"": 2537, ""prize_amount"": 113400}, {""rank"": ""5등"", ""winners"": 40155, ""prize_amount"": 10000}]",2002-12-07
2,"[9, 13, 21, 25, 32, 42]",2,"[{""rank"": ""1등"", ""winners"": 1, ""prize_amount"": 2002006800}, {""rank"": ""2등"", ""winners"": 2, ""prize_amount"": 94866800}, {""rank"": ""3등"", ""winners"": 103, ""prize_amount"": 1842000}, {""rank"": ""4등"", ""winners"": 3763, ""prize_amount"": 100800}, {""rank"": ""5등"", ""winners"": 55480, ""prize_amount"": 10000}]",2002-12-14
3,"[11, 16, 19, 21, 27, 31]",30,"[{""rank"": ""1등"", ""winners"": 1, ""prize_amount"": 2000000000}, {""rank"": ""2등"", ""winners"": 0, ""prize_amount"": 0}, {""rank"": ""3등"", ""winners"": 139, ""prize_amount"": 1174100}, {""rank"": ""4등"", ""winners"": 5940, ""prize_amount"": 54900}, {""rank"": ""5등"", ""winners"": 73256, ""prize_amount"": 10000}]",2002-12-21
4,"[14, 27, 30, 31, 40, 42]",2,"[{""rank"": ""1등"", ""winners"": 0, ""prize_amount"": 0}, {""rank"": ""2등"", ""winners"": 1, ""prize_amount"": 211191200}, {""rank"": ""3등"", ""winners"": 29, ""prize_amount"": 7282400}, {""rank"": ""4등"", ""winners"": 2777, ""prize_amount"": 152100}, {""rank"": ""5등"", ""winners"": 52382, ""prize_amount"": 10000}]",2002-12-28
5,"[16, 24, 29, 40, 41, 42]",3,"[{""rank"": ""1등"", ""winners"": 0, ""prize_amount"": 0}, {""rank"": ""2등"", ""winners"": 0, ""prize_amount"": 0}, {""rank"": ""3등"", ""winners"": 42, ""prize_amount"": 6033800}, {""rank"": ""4등"", ""winners"": 3043, ""prize_amount"": 166500}, {""rank"": ""5등"", ""winners"": 60434, ""prize_amount"": 10000}]",2003-01-04
6,"[14, 15, 26, 27, 40, 42]",34,"[{""rank"": ""1등"", ""winners"": 1, ""prize_amount"": 6574451700}, {""rank"": ""2등"", ""winners"": 3, ""prize_amount"": 196297600}, {""rank"": ""3등"", ""winners"": 138, ""prize_amount"": 4267300}, {""rank"": ""4등"", ""winners"": 13445, ""prize_amount"": 87600}, {""rank"": ""5등"", ""winners"": 176375, ""prize_amount"": 10000}]",2003-01-11
7,"[2, 9, 16, 25, 26, 40]",42,"[{""rank"": ""1등"", ""winners"": 0, ""prize_amount"": 0}, {""rank"": ""2등"", ""winners"": 9, ""prize_amount"": 48165000}, {""rank"": ""3등"", ""winners"": 270, ""prize_amount"": 1605500}, {""rank"": ""4등"", ""winners"": 13229, ""prize_amount"": 65500}, {""rank"": ""5등"", ""winners"": 206259, ""prize_amount"": 10000}]",2003-01-18
8,"[8, 19, 25, 34, 37, 39]",9,"[{""rank"": ""1등"", ""winners"": 0, ""prize_amount"": 0}, {""rank"": ""2등"", ""winners"": 6, ""prize_amount"": 131555000}, {""rank"": ""3등"", ""winners"": 348, ""prize_amount"": 2268100}, {""rank"": ""4등"", ""winners"": 14279, ""prize_amount"": 110500}, {""rank"": ""5등"", ""winners"": 248242, ""prize_amount"": 10000}]",2003-01-25
9,"[2, 4, 16, 17, 36, 39]",14,"[{""rank"": ""1등"", ""winners"": 0, ""prize_amount"": 0}, {""rank"": ""2등"", ""winners"": 4, ""prize_amount"": 769456500}, {""rank"": ""3등"", ""winners"": 352, ""prize_amount"": 8743800}, {""rank"": ""4등"", ""winners"": 23672, ""prize_amount"": 260000}, {""rank"": ""5등"", ""winners"": 603375, ""prize_amount"": 10000}]",2003-02-01
10,"[9, 25, 30, 33, 41, 44]",6,"[{""rank"": ""1등"", ""winners"": 13, ""prize_amount"": 6430437900}, {""rank"": ""2등"", ""winners"": 236, ""prize_amount"": 40813400}, {""rank"": ""3등"", ""winners"": 11247, ""prize_amount"": 856400}, {""rank"": ""4등"", ""winners"": 703234, ""prize_amount"": 27300}, {""rank"": ""5등"", ""winners"": 3410846, ""prize_amount"": 10000}]",2003-02-08
11,"[1, 7, 36, 37, 41, 42]",14,"[{""rank"": ""1등"", ""winners"": 5, ""prize_amount"": 4780152300}, {""rank"": ""2등"", ""winners"": 11, ""prize_amount"": 362132700}, {""rank"": ""3등"", ""winners"": 428, ""prize_amount"": 9307100}, {""rank"": ""4등"", ""winners"": 38515, ""prize_amount"": 206800}, {""rank"": ""5등"", ""winners"": 612805, ""prize_amount"": 10000}]",2003-02-15
12,"[2, 11, 21, 25, 39, 45]",44,"[{""rank"": ""1등"", ""winners"": 12, ""prize_amount"": 1348845700}, {""rank"": ""2등"", ""winners"": 27, ""prize_amount"": 99914400}, {""rank"": ""3등"", ""winners"": 1903, ""prize_amount"": 1417500}, {""rank"": ""4등"", ""winners"": 76845, ""prize_amount"": 70200}, {""rank"": ""5등"", ""winners"": 1115084, ""prize_amount"": 10000}]",2003-02-22
13,"[22, 23, 25, 37, 38, 42]",26,"[{""rank"": ""1등"", ""winners"": 0, ""prize_amount"": 0}, {""rank"": ""2등"", ""winners"": 6, ""prize_amount"": 433309300}, {""rank"": ""3등"", ""winners"": 450, ""prize_amount"": 5777400}, {""rank"": ""4등"", ""winners"": 29601, ""prize_amount"": 175600}, {""rank"": ""5등"", ""winners"": 726751, ""prize_amount"": 10000}]",2003-03-01
14,"[2, 6, 12, 31, 33, 40]",15,"[{""rank"": ""1등"", ""winners"": 4, ""prize_amount"": 9375048300}, {""rank"": ""2등"", ""winners"": 28, ""prize_amount"": 130363400}, {""rank"": ""3등"", ""winners"": 1421, ""prize_amount"": 2568700}, {""rank"": ""4등"", ""winners"": 77736, ""prize_amount"": 93900}, {""rank"": ""5등"", ""winners"": 1341756, ""prize_amount"": 10000}]",2003-03-08
15,"[3, 4, 16, 30, 31, 37]",13,"[{""rank"": ""1등"", ""winners"": 1, ""prize_amount"": 17014245000}, {""rank"": ""2등"", ""winners"": 16, ""prize_amount"": 177231700}, {""rank"": ""3등"", ""winners"": 509, ""prize_amount"": 5571100}, {""rank"": ""4등"", ""winners"": 39202, ""prize_amount"": 144600}, {""rank"": ""5등"", ""winners"": 827538, ""prize_amount"": 10000}]",2003-03-15
16,"[6, 7, 24, 37, 38, 40]",33,"[{""rank"": ""1등"", ""winners"": 4, ""prize_amount"": 4377146100}, {""rank"": ""2등"", ""winners"": 12, ""prize_amount"": 243174700}, {""rank"": ""3등"", ""winners"": 862, ""prize_amount"": 3385200}, {""rank"": ""4등"", ""winners"": 47255, ""prize_amount"": 123500}, {""rank"": ""5등"", ""winners"": 870770, ""prize_amount"": 10000}]",2003-03-22
17,"[3, 4, 9, 17, 32, 37]",1,"[{""rank"": ""1등"", ""winners"": 3, ""prize_amount"": 5349491200}, {""rank"": ""2등"", ""winners"": 9, ""prize_amount"": 297193900}, {""rank"": ""3등"", ""winners"": 1142, ""prize_amount"": 2342100}, {""rank"": ""4등"", ""winners"": 61651, ""prize_amount"": 86700}, {""rank"": ""5등"", ""winners"": 961162, ""prize_amount"": 10000}]",2003-03-29
18,"[3, 12, 13, 19, 32, 35]",29,"[{""rank"": ""1등"", ""winners"": 0, ""prize_amount"": 0}, {""rank"": ""2등"", ""winners"": 15, ""prize_amount"": 175017300}, {""rank"": ""3등"", ""winners"": 664, ""prize_amount"": 3953700}, {""rank"": ""4등"", ""winners"": 38453, ""prize_amount"": 136500}, {""rank"": ""5등"", ""winners"": 693323, ""prize_amount"": 10000}]",2003-04-05
19,"[6, 30, 38, 39, 40, 43]",26,"[{""rank"": ""1등"", ""winners"": 1, ""prize_amount"": 40722959400}, {""rank"": ""2등"", ""winners"": 14, ""prize_amount"": 297278500}, {""rank"": ""3등"", ""winners"": 697, ""prize_amount"": 5971100}, {""rank"": ""4등"", ""winners"": 55154, ""prize_amount"": 150900}, {""rank"": ""5등"", ""winners"": 1135991, ""prize_amount"": 10000}]",2003-04-12
20,"[10, 14, 18, 20, 23, 30]",41,"[{""rank"": ""1등"", ""winners"": 1, ""prize_amount"": 19352212800}, {""rank"": ""2등"", ""winners"": 14, ""prize_amount"": 230383400}, {""rank"": ""3등"", ""winners"": 888, ""prize_amount"": 3632100}, {""rank"": ""4등"", ""winners"": 48158, ""prize_amount"": 133900}, {""rank"": ""5등"", ""winners"": 827470, ""prize_amount"": 10000}]",2003-04-19
21,"[6, 12, 17, 18, 31, 32]",21,"[{""rank"": ""1등"", ""winners"": 23, ""prize_amount"": 797475400}, {""rank"": ""2등"", ""winners"": 26, ""prize_amount"": 117576500}, {""rank"": ""3등"", ""winners"": 2008, ""prize_amount"": 1522400}, {""rank"": ""4등"", ""winners"": 82996, ""prize_amount"": 73600}, {""rank"": ""5등"", ""winners"": 1155368, ""prize_amount"": 10000}]",2003-04-26
22,"[4, 5, 6, 8, 17, 39]",25,"[{""rank"": ""1등"", ""winners"": 4, ""prize_amount"": 4552194900}, {""rank"": ""2등"", ""winners"": 32, ""prize_amount"": 94837300}, {""rank"": ""3등"", ""winners"": 827, ""prize_amount"": 3669600}, {""rank"": ""4등"", ""winners"": 53248, ""prize_amount"": 113900}, {""rank"": ""5등"", ""winners"": 937961, ""prize_amount"": 10000}]",2003-05-03
23,"[5, 13, 17, 18, 33, 42]",44,"[{""rank"": ""1등"", ""winners"": 4, ""prize_amount"": 4317947700}, {""rank"": ""2등"", ""winners"": 23, ""prize_amount"": 125157900}, {""rank"": ""3등"", ""winners"": 1372, ""prize_amount"": 2098100}, {""rank"": ""4등"", ""winners"": 63717, ""prize_amount"": 90300}, {""rank"": ""5등"", ""winners"": 990081, ""prize_amount"": 10000}]",2003-05-10
24,"[7, 8, 27, 29, 36, 43]",6,"[{""rank"": ""1등"", ""winners"": 0, ""prize_amount"": 0}, {""rank"": ""2등"", ""winners"": 18, ""prize_amount"": 176023700}, {""rank"": ""3등"", ""winners"": 925, ""prize_amount"": 3425300}, {""rank"": ""4등"", ""winners"": 52777, ""prize_amount"": 120000}, {""rank"": ""5등"", ""winners"": 755905, ""prize_amount"": 10000}]",2003-05-17
25,"[2, 4, 21, 26, 43, 44]",16,"[{""rank"": ""1등"", ""winners"": 2, ""prize_amount"": 24227745300}, {""rank"": ""2등"", ""winners"": 28, ""prize_amount"": 175267400}, {""rank"": ""3등"", ""winners"": 1111, ""prize_amount"": 4417100}, {""rank"": ""4등"", ""winners"": 58903, ""prize_amount"": 166600}, {""rank"": ""5등"", ""winners"": 1096200, ""prize_amount"": 10000}]",2003-05-24
26,"[4, 5, 7, 18, 20, 25]",31,"[{""rank"": ""1등"", ""winners"": 5, ""prize_amount"": 3495069900}, {""rank"": ""2등"", ""winners"": 39, ""prize_amount"": 74680900}, {""rank"": ""3등"", ""winners"": 1340, ""prize_amount"": 2173500}, {""rank"": ""4등"", ""winners"": 72252, ""prize_amount"": 80600}, {""rank"": ""5등"", ""winners"": 1097093, ""prize_amount"": 10000}]",2003-05-31
27,"[1, 20, 26, 28, 37, 43]",27,"[{""rank"": ""1등"", ""winners"": 2, ""prize_amount"": 9543982500}, {""rank"": ""2등"", ""winners"": 16, ""prize_amount"": 198832900}, {""rank"": ""3등"", ""winners"": 579, ""prize_amount"": 5494500}, {""rank"": ""4등"", ""winners"": 33509, ""prize_amount"": 189800}, {""rank"": ""5등"", ""winners"": 625925, ""prize_amount"": 10000}]",2003-06-07
28,"[9, 18, 23, 25, 35, 37]",1,"[{""rank"": ""1등"", ""winners"": 10, ""prize_amount"": 1700361100}, {""rank"": ""2등"", ""winners"": 22, ""prize_amount"": 128815200}, {""rank"": ""3등"", ""winners"": 1164, ""prize_amount"": 2434600}, {""rank"": ""4등"", ""winners"": 57870, ""prize_amount"": 97900}, {""rank"": ""5등"", ""winners"": 938483, ""prize_amount"": 10000}]",2003-06-14
29,"[1, 5, 13, 34, 39, 40]",11,"[{""rank"": ""1등"", ""winners"": 5, ""prize_amount"": 3552594000}, {""rank"": ""2등"", ""winners"": 17, ""prize_amount"": 174146700}, {""rank"": ""3등"", ""winners"": 752, ""prize_amount"": 3936800}, {""rank"": ""4등"", ""winners"": 42347, ""prize_amount"": 139800}, {""rank"": ""5등"", ""winners"": 765661, ""prize_amount"": 10000}]",2003-06-21
30,"[8, 17, 20, 35, 36, 44]",4,"[{""rank"": ""1등"", ""winners"": 2, ""prize_amount"": 8728555500}, {""rank"": ""2등"", ""winners"": 22, ""prize_amount"": 132250800}, {""rank"": ""3등"", ""winners"": 872, ""prize_amount"": 3336600}, {""rank"": ""4등"", ""winners"": 42319, ""prize_amount"": 137500}, {""rank"": ""5등"", ""winners"": 710466, ""prize_amount"": 10000}]",2003-06-28
31,"[7, 9, 18, 23, 28, 35]",32,"[{""rank"": ""1등"", ""winners"": 2, ""prize_amount"": 8106672900}, {""rank"": ""2등"", ""winners"": 29, ""prize_amount"": 93180100}, {""rank"": ""3등"", ""winners"": 1130, ""prize_amount"": 2391300}, {""rank"": ""4등"", ""winners"": 58406, ""prize_amount"": 92500}, {""rank"": ""5등"", ""winners"": 863641, ""prize_amount"": 10000}]",2003-07-05
32,"[6, 14, 19, 25, 34, 44]",11,"[{""rank"": ""1등"", ""winners"": 10, ""prize_amount"": 1634528300}, {""rank"": ""2등"", ""winners"": 49, ""prize_amount"": 55596200}, {""rank"": ""3등"", ""winners"": 1203, ""prize_amount"": 2264500}, {""rank"": ""4등"", ""winners"": 52704, ""prize_amount"": 103300}, {""rank"": ""5등"", ""winners"": 834746, ""prize_amount"": 10000}]",2003-07-12
33,"[4, 7, 32, 33, 40, 41]",9,"[{""rank"": ""1등"", ""winners"": 1, ""prize_amount"": 14903517600}, {""rank"": ""2등"", ""winners"": 41, ""prize_amount"": 60583400}, {""rank"": ""3등"", ""winners"": 1063, ""prize_amount"": 2336700}, {""rank"": ""4등"", ""winners"": 52142, ""prize_amount"": 95200}, {""rank"": ""5등"", ""winners"": 888943, ""prize_amount"": 10000}]",2003-07-19
34,"[9, 26, 35, 37, 40, 42]",2,"[{""rank"": ""1등"", ""winners"": 5, ""prize_amount"": 3056918000}, {""rank"": ""2등"", ""winners"": 45, ""prize_amount"": 56609500}, {""rank"": ""3등"", ""winners"": 1264, ""prize_amount"": 2015300}, {""rank"": ""4등"", ""winners"": 68519, ""prize_amount"": 74300}, {""rank"": ""5등"", ""winners"": 922063, ""prize_amount"": 10000}]",2003-07-26
35,"[2, 3, 11, 26, 37, 43]",39,"[{""rank"": ""1등"", ""winners"": 3, ""prize_amount"": 5054598200}, {""rank"": ""2등"", ""winners"": 24, ""prize_amount"": 105304100}, {""rank"": ""3등"", ""winners"": 933, ""prize_amount"": 2708700}, {""rank"": ""4등"", ""winners"": 46866, ""prize_amount"": 107800}, {""rank"": ""5등"", ""winners"": 779854, ""prize_amount"": 10000}]",2003-08-02
36,"[1, 10, 23, 26, 28, 40]",31,"[{""rank"": ""1등"", ""winners"": 1, ""prize_amount"": 16014475800}, {""rank"": ""2등"", ""winners"": 19, ""prize_amount"": 140477800}, {""rank"": ""3등"", ""winners"": 768, ""prize_amount"": 3475300}, {""rank"": ""4등"", ""winners"": 38321, ""prize_amount"": 139300}, {""rank"": ""5등"", ""winners"": 673755, ""prize_amount"": 10000}]",2003-08-09
37,"[7, 27, 30, 33, 35, 37]",42,"[{""rank"": ""1등"", ""winners"": 3, ""prize_amount"": 4985999400}, {""rank"": ""2등"", ""winners"": 20, ""prize_amount"": 124649900}, {""rank"": ""3등"", ""winners"": 857, ""prize_amount"": 2908900}, {""rank"": ""4등"", ""winners"": 46334, ""prize_amount"": 107600}, {""rank"": ""5등"", ""winners"": 782490, ""prize_amount"": 10000}]",2003-08-16
38,"[16, 17, 22, 30, 37, 43]",36,"[{""rank"": ""1등"", ""winners"": 3, ""prize_amount"": 5374866400}, {""rank"": ""2등"", ""winners"": 18, ""prize_amount"": 149301800}, {""rank"": ""3등"", ""winners"": 679, ""prize_amount"": 3957900}, {""rank"": ""4등"", ""winners"": 36377, ""prize_amount"": 147700}, {""rank"": ""5등"", ""winners"": 681031, ""prize_amount"": 10000}]",2003-08-23
39,"[6, 7, 13, 15, 21, 43]",8,"[{""rank"": ""1등"", ""winners"": 6, ""prize_amount"": 2623748800}, {""rank"": ""2등"", ""winners"": 25, ""prize_amount"": 104949900}, {""rank"": ""3등"", ""winners"": 699, ""prize_amount"": 3753500}, {""rank"": ""4등"", ""winners"": 38752, ""prize_amount"": 135400}, {""rank"": ""5등"", ""winners"": 680975, ""prize_amount"": 10000}]",2003-08-30
40,"[7, 13, 18, 19, 25, 26]",6,"[{""rank"": ""1등"", ""winners"": 13, ""prize_amount"": 1147652400}, {""rank"": ""2등"", ""winners"": 44, ""prize_amount"": 56513100}, {""rank"": ""3등"", ""winners"": 1055, ""prize_amount"": 2356900}, {""rank"": ""4등"", ""winners"": 65081, ""prize_amount"": 76400}, {""rank"": ""5등"", ""winners"": 798374, ""prize_amount"": 10000}]",2003-09-06
41,"[13, 20, 23, 35, 38, 43]",34,"[{""rank"": ""1등"", ""winners"": 0, ""prize_amount"": 0}, {""rank"": ""2등"", ""winners"": 21, ""prize_amount"": 109404000}, {""rank"": ""3등"", ""winners"": 700, ""prize_amount"": 3282100}, {""rank"": ""4등"", ""winners"": 33805, ""prize_amount"": 135900}, {""rank"": ""5등"", ""winners"": 583744, ""prize_amount"": 10000}]",2003-09-13
42,"[17, 18, 19, 21, 23, 32]",1,"[{""rank"": ""1등"", ""winners"": 6, ""prize_amount"": 6899280100}, {""rank"": ""2등"", ""winners"": 35, ""prize_amount"": 131479800}, {""rank"": ""3등"", ""winners"": 1405, ""prize_amount"": 3275200}, {""rank"": ""4등"", ""winners"": 79543, ""prize_amount"": 115700}, {""rank"": ""5등"", ""winners"": 1393691, ""prize_amount"": 10000}]",2003-09-20
43,"[6, 31, 35, 38, 39, 44]",1,"[{""rank"": ""1등"", ""winners"": 1, ""prize_amount"": 17749630800}, {""rank"": ""2등"", ""winners"": 21, ""prize_amount"": 140870000}, {""rank"": ""3등"", ""winners"": 926, ""prize_amount"": 3194600}, {""rank"": ""4등"", ""winners"": 45078, ""prize_amount"": 131200}, {""rank"": ""5등"", ""winners"": 776043, ""prize_amount"": 10000}]",2003-09-27
44,"[3, 11, 21, 30, 38, 45]",39,"[{""rank"": ""1등"", ""winners"": 5, ""prize_amount"": 3362155800}, {""rank"": ""2등"", ""winners"": 23, ""prize_amount"": 121817200}, {""rank"": ""3등"", ""winners"": 785, ""prize_amount"": 3569100}, {""rank"": ""4등"", ""winners"": 40092, ""prize_amount"": 139700}, {""rank"": ""5등"", ""winners"": 696051, ""prize_amount"": 10000}]",2003-10-04
45,"[1, 10, 20, 27, 33, 35]",17,"[{""rank"": ""1등"", ""winners"": 2, ""prize_amount"": 8356417800}, {""rank"": ""2등"", ""winners"": 27, ""prize_amount"": 103165600}, {""rank"": ""3등"", ""winners"": 890, ""prize_amount"": 3129700}, {""rank"": ""4등"", ""winners"": 45470, ""prize_amount"": 122500}, {""rank"": ""5등"", ""winners"": 775339, ""prize_amount"": 10000}]",2003-10-11
46,"[8, 13, 15, 23, 31, 38]",39,"[{""rank"": ""1등"", ""winners"": 3, ""prize_amount"": 5327758800}, {""rank"": ""2등"", ""winners"": 39, ""prize_amount"": 68304600}, {""rank"": ""3등"", ""winners"": 1043, ""prize_amount"": 2554000}, {""rank"": ""4등"", ""winners"": 45243, ""prize_amount"": 117700}, {""rank"": ""5등"", ""winners"": 745199, ""prize_amount"": 10000}]",2003-10-18
47,"[14, 17, 26, 31, 36, 45]",27,"[{""rank"": ""1등"", ""winners"": 5, ""prize_amount"": 3250042400}, {""rank"": ""2등"", ""winners"": 11, ""prize_amount"": 246215300}, {""rank"": ""3등"", ""winners"": 902, ""prize_amount"": 3002600}, {""rank"": ""4등"", ""winners"": 40580, ""prize_amount"": 133400}, {""rank"": ""5등"", ""winners"": 679466, ""prize_amount"": 10000}]",2003-10-25
48,"[6, 10, 18, 26, 37, 38]",3,"[{""rank"": ""1등"", ""winners"": 6, ""prize_amount"": 2415673600}, {""rank"": ""2등"", ""winners"": 25, ""prize_amount"": 96626900}, {""rank"": ""3등"", ""winners"": 1279, ""prize_amount"": 1888700}, {""rank"": ""4등"", ""winners"": 58047, ""prize_amount"": 83200}, {""rank"": ""5등"", ""winners"": 874668, ""prize_amount"": 10000}]",2003-11-01
49,"[4, 7, 16, 19, 33, 40]",30,"[{""rank"": ""1등"", ""winners"": 7, ""prize_amount"": 1967504600}, {""rank"": ""2등"", ""winners"": 49, ""prize_amount"": 46845300}, {""rank"": ""3등"", ""winners"": 1487, ""prize_amount"": 1543600}, {""rank"": ""4등"", ""winners"": 66451, ""prize_amount"": 69000}, {""rank"": ""5등"", ""winners"": 929635, ""prize_amount"": 10000}]",2003-11-08
50,"[2, 10, 12, 15, 22, 44]",1,"[{""rank"": ""1등"", ""winners"": 3, ""prize_amount"": 5227061400}, {""rank"": ""2등"", ""winners"": 14, ""prize_amount"": 186680700}, {""rank"": ""3등"", ""winners"": 826, ""prize_amount"": 3164000}, {""rank"": ""4등"", ""winners"": 40296, ""prize_amount"": 129700}, {""rank"": ""5등"", ""winners"": 664631, ""prize_amount"": 10000}]",2003-11-15
51,"[2, 3, 11, 16, 26, 44]",35,"[{""rank"": ""1등"", ""winners"": 6, ""prize_amount"": 2421117000}, {""rank"": ""2등"", ""winners"": 26, ""prize_amount"": 93119800}, {""rank"": ""3등"", ""winners"": 961, ""prize_amount"": 2519300}, {""rank"": ""4등"", ""winners"": 45707, ""prize_amount"": 105900}, {""rank"": ""5등"", ""winners"": 706567, ""prize_amount"": 10000}]",2003-11-22
52,"[2, 4, 15, 16, 20, 29]",1,"[{""rank"": ""1등"", ""winners"": 4, ""prize_amount"": 3900844900}, {""rank"": ""2등"", ""winners"": 13, ""prize_amount"": 200043300}, {""rank"": ""3등"", ""winners"": 669, ""prize_amount"": 3887200}, {""rank"": ""4등"", ""winners"": 34665, ""prize_amount"": 150000}, {""rank"": ""5등"", ""winners"": 619109, ""prize_amount"": 10000}]",2003-11-29
53,"[7, 8, 14, 32, 33, 39]",42,"[{""rank"": ""1등"", ""winners"": 3, ""prize_amount"": 5014371000}, {""rank"": ""2등"", ""winners"": 25, ""prize_amount"": 100287400}, {""rank"": ""3등"", ""winners"": 802, ""prize_amount"": 3126100}, {""rank"": ""4등"", ""winners"": 45372, ""prize_amount"": 110500}, {""rank"": ""5등"", ""winners"": 742615, ""prize_amount"": 10000}]",2003-12-06
54,"[1, 8, 21, 27, 36, 39]",37,"[{""rank"": ""1등"", ""winners"": 3, ""prize_amount"": 5148626600}, {""rank"": ""2등"", ""winners"": 15, ""prize_amount"": 171620800}, {""rank"": ""3등"", ""winners"": 719, ""prize_amount"": 3580400}, {""rank"": ""4등"", ""winners"": 34854, ""prize_amount"": 147700}, {""rank"": ""5등"", ""winners"": 617337, ""prize_amount"": 10000}]",2003-12-13
55,"[17, 21, 31, 37, 40, 44]",7,"[{""rank"": ""1등"", ""winners"": 2, ""prize_amount"": 7088799600}, {""rank"": ""2등"", ""winners"": 24, ""prize_amount"": 98455500}, {""rank"": ""3등"", ""winners"": 728, ""prize_amount"": 3245700}, {""rank"": ""4등"", ""winners"": 42550, ""prize_amount"": 111000}, {""rank"": ""5등"", ""winners"": 746855, ""prize_amount"": 10000}]",2003-12-20
56,"[10, 14, 30, 31, 33, 37]",19,"[{""rank"": ""1등"", ""winners"": 4, ""prize_amount"": 3777570900}, {""rank"": ""2등"", ""winners"": 29, ""prize_amount"": 86840700}, {""rank"": ""3등"", ""winners"": 1359, ""prize_amount"": 1853100}, {""rank"": ""4등"", ""winners"": 41156, ""prize_amount"": 122300}, {""rank"": ""5등"", ""winners"": 744566, ""prize_amount"": 10000}]",2003-12-27
57,"[7, 10, 16, 25, 29, 44]",6,"[{""rank"": ""1등"", ""winners"": 4, ""prize_amount"": 4114411900}, {""rank"": ""2등"", ""winners"": 25, ""prize_amount"": 109717600}, {""rank"": ""3등"", ""winners"": 960, ""prize_amount"": 2857200}, {""rank"": ""4등"", ""winners"": 44050, ""prize_amount"": 124500}, {""rank"": ""5등"", ""winners"": 763692, ""prize_amount"": 10000}]",2004-01-03
58,"[10, 24, 25, 33, 40, 44]",1,"[{""rank"": ""1등"", ""winners"": 4, ""prize_amount"": 3676429200}, {""rank"": ""2등"", ""winners"": 39, ""prize_amount"": 62844900}, {""rank"": ""3등"", ""winners"": 1318, ""prize_amount"": 1859600}, {""rank"": ""4등"", ""winners"": 58215, ""prize_amount"": 84200}, {""rank"": ""5등"", ""winners"": 880954, ""prize_amount"": 10000}]",2004-01-10
59,"[6, 29, 36, 39, 41, 45]",13,"[{""rank"": ""1등"", ""winners"": 4, ""prize_amount"": 4127587300}, {""rank"": ""2등"", ""winners"": 23, ""prize_amount"": 119640200}, {""rank"": ""3등"", ""winners"": 651, ""prize_amount"": 4226900}, {""rank"": ""4등"", ""winners"": 35026, ""prize_amount"": 157100}, {""rank"": ""5등"", ""winners"": 626460, ""prize_amount"": 10000}]",2004-01-17
60,"[2, 8, 25, 36, 39, 42]",11,"[{""rank"": ""1등"", ""winners"": 7, ""prize_amount"": 2172504600}, {""rank"": ""2등"", ""winners"": 27, ""prize_amount"": 93873600}, {""rank"": ""3등"", ""winners"": 1088, ""prize_amount"": 2329500}, {""rank"": ""4등"", ""winners"": 45712, ""prize_amount"": 110800}, {""rank"": ""5등"", ""winners"": 735708, ""prize_amount"": 10000}]",2004-01-24
61,"[14, 15, 19, 30, 38, 43]",8,"[{""rank"": ""1등"", ""winners"": 5, ""prize_amount"": 3541038800}, {""rank"": ""2등"", ""winners"": 11, ""prize_amount"": 268260500}, {""rank"": ""3등"", ""winners"": 789, ""prize_amount"": 3740000}, {""rank"": ""4등"", ""winners"": 41227, ""prize_amount"": 143100}, {""rank"": ""5등"", ""winners"": 714784, ""prize_amount"": 10000}]",2004-01-31
62,"[3, 8, 15, 27, 29, 35]",21,"[{""rank"": ""1등"", ""winners"": 1, ""prize_amount"": 15817286400}, {""rank"": ""2등"", ""winners"": 22, ""prize_amount"": 119827900}, {""rank"": ""3등"", ""winners"": 829, ""prize_amount"": 3179900}, {""rank"": ""4등"", ""winners"": 41686, ""prize_amount"": 126400}, {""rank"": ""5등"", ""winners"": 700804, ""prize_amount"": 10000}]",2004-02-07
63,"[3, 20, 23, 36, 38, 40]",5,"[{""rank"": ""1등"", ""winners"": 2, ""prize_amount"": 7922245500}, {""rank"": ""2등"", ""winners"": 26, ""prize_amount"": 101567200}, {""rank"": ""3등"", ""winners"": 824, ""prize_amount"": 3204700}, {""rank"": ""4등"", ""winners"": 41505, ""prize_amount"": 127200}, {""rank"": ""5등"", ""winners"": 712954, ""prize_amount"": 10000}]",2004-02-14
64,"[14, 15, 18, 21, 26, 36]",39,"[{""rank"": ""1등"", ""winners"": 4, ""prize_amount"": 3899818000}, {""rank"": ""2등"", ""winners"": 11, ""prize_amount"": 236352600}, {""rank"": ""3등"", ""winners"": 651, ""prize_amount"": 3993600}, {""rank"": ""4등"", ""winners"": 37117, ""prize_amount"": 140000}, {""rank"": ""5등"", ""winners"": 654379, ""prize_amount"": 10000}]",2004-02-21
65,"[4, 25, 33, 36, 40, 43]",39,"[{""rank"": ""1등"", ""winners"": 4, ""prize_amount"": 3727945800}, {""rank"": ""2등"", ""winners"": 27, ""prize_amount"": 92048000}, {""rank"": ""3등"", ""winners"": 1003, ""prize_amount"": 2477800}, {""rank"": ""4등"", ""winners"": 52556, ""prize_amount"": 94500}, {""rank"": ""5등"", ""winners"": 848960, ""prize_amount"": 10000}]",2004-02-28
66,"[2, 3, 7, 17, 22, 24]",45,"[{""rank"": ""1등"", ""winners"": 4, ""prize_amount"": 3685138200}, {""rank"": ""2등"", ""winners"": 19, ""prize_amount"": 129303000}, {""rank"": ""3등"", ""winners"": 786, ""prize_amount"": 3125600}, {""rank"": ""4등"", ""winners"": 40188, ""prize_amount"": 122200}, {""rank"": ""5등"", ""winners"": 712181, ""prize_amount"": 10000}]",2004-03-06
67,"[3, 7, 10, 15, 36, 38]",33,"[{""rank"": ""1등"", ""winners"": 7, ""prize_amount"": 2114436500}, {""rank"": ""2등"", ""winners"": 62, ""prize_amount"": 39787700}, {""rank"": ""3등"", ""winners"": 972, ""prize_amount"": 2537900}, {""rank"": ""4등"", ""winners"": 46740, ""prize_amount"": 105500}, {""rank"": ""5등"", ""winners"": 748901, ""prize_amount"": 10000}]",2004-03-13
68,"[10, 12, 15, 16, 26, 39]",38,"[{""rank"": ""1등"", ""winners"": 5, ""prize_amount"": 2945882100}, {""rank"": ""2등"", ""winners"": 20, ""prize_amount"": 122745000}, {""rank"": ""3등"", ""winners"": 754, ""prize_amount"": 3255800}, {""rank"": ""4등"", ""winners"": 43265, ""prize_amount"": 113400}, {""rank"": ""5등"", ""winners"": 735760, ""prize_amount"": 10000}]",2004-03-20
69,"[5, 8, 14, 15, 19, 39]",35,"[{""rank"": ""1등"", ""winners"": 3, ""prize_amount"": 4962712200}, {""rank"": ""2등"", ""winners"": 20, ""prize_amount"": 124067800}, {""rank"": ""3등"", ""winners"": 766, ""prize_amount"": 3239300}, {""rank"": ""4등"", ""winners"": 41220, ""prize_amount"": 120300}, {""rank"": ""5등"", ""winners"": 704209, ""prize_amount"": 10000}]",2004-03-27
70,"[5, 19, 22, 25, 28, 43]",26,"[{""rank"": ""1등"", ""winners"": 3, ""prize_amount"": 5031277800}, {""rank"": ""2등"", ""winners"": 14, ""prize_amount"": 179688400}, {""rank"": ""3등"", ""winners"": 717, ""prize_amount"": 3508500}, {""rank"": ""4등"", ""winners"": 36781, ""prize_amount"": 136700}, {""rank"": ""5등"", ""winners"": 645990, ""prize_amount"": 10000}]",2004-04-03
71,"[5, 9, 12, 16, 29, 41]",21,"[{""rank"": ""1등"", ""winners"": 0, ""prize_amount"": 0}, {""rank"": ""2등"", ""winners"": 28, ""prize_amount"": 88745200}, {""rank"": ""3등"", ""winners"": 782, ""prize_amount"": 3177500}, {""rank"": ""4등"", ""winners"": 39516, ""prize_amount"": 125700}, {""rank"": ""5등"", ""winners"": 659631, ""prize_amount"": 10000}]",2004-04-10
72,"[2, 4, 11, 17, 26, 27]",1,"[{""rank"": ""1등"", ""winners"": 13, ""prize_amount"": 3260524600}, {""rank"": ""2등"", ""winners"": 44, ""prize_amount"": 104081800}, {""rank"": ""3등"", ""winners"": 2510, ""prize_amount"": 1824500}, {""rank"": ""4등"", ""winners"": 113994, ""prize_amount"": 80300}, {""rank"": ""5등"", ""winners"": 1702959, ""prize_amount"": 10000}]",2004-04-17
73,"[3, 12, 18, 32, 40, 43]",38,"[{""rank"": ""1등"", ""winners"": 6, ""prize_amount"": 2766662100}, {""rank"": ""2등"", ""winners"": 26, ""prize_amount"": 106410000}, {""rank"": ""3등"", ""winners"": 1363, ""prize_amount"": 2029800}, {""rank"": ""4등"", ""winners"": 55608, ""prize_amount"": 99500}, {""rank"": ""5등"", ""winners"": 865131, ""prize_amount"": 10000}]",2004-04-24
74,"[6, 15, 17, 18, 35, 40]",23,"[{""rank"": ""1등"", ""winners"": 3, ""prize_amount"": 5284949800}, {""rank"": ""2등"", ""winners"": 40, ""prize_amount"": 66061800}, {""rank"": ""3등"", ""winners"": 1021, ""prize_amount"": 2588100}, {""rank"": ""4등"", ""winners"": 48438, ""prize_amount"": 109100}, {""rank"": ""5등"", ""winners"": 802633, ""prize_amount"": 10000}]",2004-05-01
75,"[2, 5, 24, 32, 34, 44]",28,"[{""rank"": ""1등"", ""winners"": 4, ""prize_amount"": 3914616900}, {""rank"": ""2등"", ""winners"": 19, ""prize_amount"": 137354900}, {""rank"": ""3등"", ""winners"": 817, ""prize_amount"": 3194300}, {""rank"": ""4등"", ""winners"": 40782, ""prize_amount"": 127900}, {""rank"": ""5등"", ""winners"": 697174, ""prize_amount"": 10000}]",2004-05-08
76,"[1, 3, 15, 22, 25, 37]",43,"[{""rank"": ""1등"", ""winners"": 2, ""prize_amount"": 7451022600}, {""rank"": ""2등"", ""winners"": 17, ""prize_amount"": 146098400}, {""rank"": ""3등"", ""winners"": 840, ""prize_amount"": 2956700}, {""rank"": ""4등"", ""winners"": 44504, ""prize_amount"": 111600}, {""rank"": ""5등"", ""winners"": 770522, ""prize_amount"": 10000}]",2004-05-15
77,"[2, 18, 29, 32, 43, 44]",37,"[{""rank"": ""1등"", ""winners"": 3, ""prize_amount"": 5155758600}, {""rank"": ""2등"", ""winners"": 19, ""prize_amount"": 135677800}, {""rank"": ""3등"", ""winners"": 713, ""prize_amount"": 3615500}, {""rank"": ""4등"", ""winners"": 37033, ""prize_amount"": 139200}, {""rank"": ""5등"", ""winners"": 643154, ""prize_amount"": 10000}]",2004-05-22
78,"[10, 13, 25, 29, 33, 35]",38,"[{""rank"": ""1등"", ""winners"": 4, ""prize_amount"": 3519850000}, {""rank"": ""2등"", ""winners"": 22, ""prize_amount"": 106662100}, {""rank"": ""3등"", ""winners"": 910, ""prize_amount"": 2578600}, {""rank"": ""4등"", ""winners"": 42450, ""prize_amount"": 110500}, {""rank"": ""5등"", ""winners"": 716323, ""prize_amount"": 10000}]",2004-05-29
79,"[3, 12, 24, 27, 30, 32]",14,"[{""rank"": ""1등"", ""winners"": 4, ""prize_amount"": 3416443800}, {""rank"": ""2등"", ""winners"": 31, ""prize_amount"": 73471910}, {""rank"": ""3등"", ""winners"": 1196, ""prize_amount"": 1904373}, {""rank"": ""4등"", ""winners"": 49431, ""prize_amount"": 92154}, {""rank"": ""5등"", ""winners"": 741871, ""prize_amount"": 10000}]",2004-06-05
80,"[17, 18, 24, 25, 26, 30]",1,"[{""rank"": ""1등"", ""winners"": 1, ""prize_amount"": 13809540000}, {""rank"": ""2등"", ""winners"": 16, ""prize_amount"": 143849375}, {""rank"": ""3등"", ""winners"": 868, ""prize_amount"": 2651602}, {""rank"": ""4등"", ""winners"": 40251, ""prize_amount"": 114362}, {""rank"": ""5등"", ""winners"": 706432, ""prize_amount"": 10000}]",2004-06-12
81,"[5, 7, 11, 13, 20, 33]",6,"[{""rank"": ""1등"", ""winners"": 5, ""prize_amount"": 2714288880}, {""rank"": ""2등"", ""winners"": 20, ""prize_amount"": 113095370}, {""rank"": ""3등"", ""winners"": 1046, ""prize_amount"": 2162436}, {""rank"": ""4등"", ""winners"": 51654, ""prize_amount"": 87580}, {""rank"": ""5등"", ""winners"": 787258, ""prize_amount"": 10000}]",2004-06-19
82,"[1, 2, 3, 14, 27, 42]",39,"[{""rank"": ""1등"", ""winners"": 1, ""prize_amount"": 14562494400}, {""rank"": ""2등"", ""winners"": 20, ""prize_amount"": 121354120}, {""rank"": ""3등"", ""winners"": 637, ""prize_amount"": 3810177}, {""rank"": ""4등"", ""winners"": 36139, ""prize_amount"": 134320}, {""rank"": ""5등"", ""winners"": 638058, ""prize_amount"": 10000}]",2004-06-26
83,"[6, 10, 15, 17, 19, 34]",14,"[{""rank"": ""1등"", ""winners"": 2, ""prize_amount"": 7086948300}, {""rank"": ""2등"", ""winners"": 15, ""prize_amount"": 157487740}, {""rank"": ""3등"", ""winners"": 851, ""prize_amount"": 2775930}, {""rank"": ""4등"", ""winners"": 45924, ""prize_amount"": 102880}, {""rank"": ""5등"", ""winners"": 763287, ""prize_amount"": 10000}]",2004-07-03
84,"[16, 23, 27, 34, 42, 45]",11,"[{""rank"": ""1등"", ""winners"": 2, ""prize_amount"": 7669779000}, {""rank"": ""2등"", ""winners"": 17, ""prize_amount"": 150387824}, {""rank"": ""3등"", ""winners"": 635, ""prize_amount"": 4026131}, {""rank"": ""4등"", ""winners"": 32402, ""prize_amount"": 157805}, {""rank"": ""5등"", ""winners"": 582445, ""prize_amount"": 10000}]",2004-07-10
85,"[6, 8, 13, 23, 31, 36]",21,"[{""rank"": ""1등"", ""winners"": 4, ""prize_amount"": 3462109800}, {""rank"": ""2등"", ""winners"": 31, ""prize_amount"": 74453975}, {""rank"": ""3등"", ""winners"": 823, ""prize_amount"": 2804464}, {""rank"": ""4등"", ""winners"": 41746, ""prize_amount"": 110577}, {""rank"": ""5등"", ""winners"": 664492, ""prize_amount"": 10000}]",2004-07-17
86,"[2, 12, 37, 39, 41, 45]",33,"[{""rank"": ""1등"", ""winners"": 1, ""prize_amount"": 14252186400}, {""rank"": ""2등"", ""winners"": 16, ""prize_amount"": 148460275}, {""rank"": ""3등"", ""winners"": 611, ""prize_amount"": 3887667}, {""rank"": ""4등"", ""winners"": 35057, ""prize_amount"": 135515}, {""rank"": ""5등"", ""winners"": 616434, ""prize_amount"": 10000}]",2004-07-24
87,"[4, 12, 16, 23, 34, 43]",26,"[{""rank"": ""1등"", ""winners"": 11, ""prize_amount"": 1799358055}, {""rank"": ""2등"", ""winners"": 33, ""prize_amount"": 99964337}, {""rank"": ""3등"", ""winners"": 1250, ""prize_amount"": 2639059}, {""rank"": ""4등"", ""winners"": 54768, ""prize_amount"": 120466}, {""rank"": ""5등"", ""winners"": 890859, ""prize_amount"": 10000}]",2004-07-31
88,"[1, 17, 20, 24, 30, 41]",27,"[{""rank"": ""1등"", ""winners"": 4, ""prize_amount"": 3069709650}, {""rank"": ""2등"", ""winners"": 31, ""prize_amount"": 66015262}, {""rank"": ""3등"", ""winners"": 1183, ""prize_amount"": 1729902}, {""rank"": ""4등"", ""winners"": 64639, ""prize_amount"": 63321}, {""rank"": ""5등"", ""winners"": 1098115, ""prize_amount"": 5000}]",2004-08-07
89,"[4, 26, 28, 29, 33, 40]",37,"[{""rank"": ""1등"", ""winners"": 3, ""prize_amount"": 4248321900}, {""rank"": ""2등"", ""winners"": 30, ""prize_amount"": 70805365}, {""rank"": ""3등"", ""winners"": 1340, ""prize_amount"": 1585195}, {""rank"": ""4등"", ""winners"": 72667, ""prize_amount"": 58463}, {""rank"": ""5등"", ""winners"": 1261896, ""prize_amount"": 5000}]",2004-08-14
90,"[17, 20, 29, 35, 38, 44]",10,"[{""rank"": ""1등"", ""winners"": 4, ""prize_amount"": 3291435300}, {""rank"": ""2등"", ""winners"": 34, ""prize_amount"": 64537948}, {""rank"": ""3등"", ""winners"": 1297, ""prize_amount"": 1691820}, {""rank"": ""4등"", ""winners"": 67888, ""prize_amount"": 64645}, {""rank"": ""5등"", ""winners"": 1160774, ""prize_amount"": 5000}]",2004-08-21
91,"[1, 21, 24, 26, 29, 42]",27,"[{""rank"": ""1등"", ""winners"": 4, ""prize_amount"": 3582902400}, {""rank"": ""2등"", ""winners"": 32, ""prize_amount"": 74643800}, {""rank"": ""3등"", ""winners"": 1205, ""prize_amount"": 1982242}, {""rank"": ""4등"", ""winners"": 64183, ""prize_amount"": 74431}, {""rank"": ""5등"", ""winners"": 1128902, ""prize_amount"": 5000}]",2004-08-28
92,"[3, 14, 24, 33, 35, 36]",17,"[{""rank"": ""1등"", ""winners"": 11, ""prize_amount"": 1233270846}, {""rank"": ""2등"", ""winners"": 50, ""prize_amount"": 45219931}, {""rank"": ""3등"", ""winners"": 1623, ""prize_amount"": 1393098}, {""rank"": ""4등"", ""winners"": 79319, ""prize_amount"": 57011}, {""rank"": ""5등"", ""winners"": 1307607, ""prize_amount"": 5000}]",2004-09-04
93,"[6, 22, 24, 36, 38, 44]",19,"[{""rank"": ""1등"", ""winners"": 6, ""prize_amount"": 2269178150}, {""rank"": ""2등"", ""winners"": 26, ""prize_amount"": 87276083}, {""rank"": ""3등"", ""winners"": 1462, ""prize_amount"": 1552106}, {""rank"": ""4등"", ""winners"": 68597, ""prize_amount"": 66160}, {""rank"": ""5등"", ""winners"": 1185275, ""prize_amount"": 5000}]",2004-09-11
94,"[5, 32, 34, 40, 41, 45]",6,"[{""rank"": ""1등"", ""winners"": 6, ""prize_amount"": 2245339950}, {""rank"": ""2등"", ""winners"": 38, ""prize_amount"": 59087894}, {""rank"": ""3등"", ""winners"": 1353, ""prize_amount"": 1659527}, {""rank"": ""4등"", ""winners"": 71106, ""prize_amount"": 63155}, {""rank"": ""5등"", ""winners"": 1223793, ""prize_amount"": 5000}]",2004-09-18
95,"[8, 17, 27, 31, 34, 43]",14,"[{""rank"": ""1등"", ""winners"": 8, ""prize_amount"": 1747741238}, {""rank"": ""2등"", ""winners"": 48, ""prize_amount"": 48548368}, {""rank"": ""3등"", ""winners"": 1728, ""prize_amount"": 1348566}, {""rank"": ""4등"", ""winners"": 82432, ""prize_amount"": 56540}, {""rank"": ""5등"", ""winners"": 1347106, ""prize_amount"": 5000}]",2004-09-25
96,"[1, 3, 8, 21, 22, 31]",20,"[{""rank"": ""1등"", ""winners"": 7, ""prize_amount"": 1847133515}, {""rank"": ""2등"", ""winners"": 38, ""prize_amount"": 56710240}, {""rank"": ""3등"", ""winners"": 1197, ""prize_amount"": 1800326}, {""rank"": ""4등"", ""winners"": 65301, ""prize_amount"": 66002}, {""rank"": ""5등"", ""winners"": 1111779, ""prize_amount"": 5000}]",2004-10-02
97,"[6, 7, 14, 15, 20, 36]",3,"[{""rank"": ""1등"", ""winners"": 9, ""prize_amount"": 1496214000}, {""rank"": ""2등"", ""winners"": 46, ""prize_amount"": 48789587}, {""rank"": ""3등"", ""winners"": 1543, ""prize_amount"": 1454518}, {""rank"": ""4등"", ""winners"": 77227, ""prize_amount"": 58123}, {""rank"": ""5등"", ""winners"": 1282678, ""prize_amount"": 5000}]",2004-10-09
98,"[6, 9, 16, 23, 24, 32]",43,"[{""rank"": ""1등"", ""winners"": 4, ""prize_amount"": 3177972300}, {""rank"": ""2등"", ""winners"": 45, ""prize_amount"": 47081072}, {""rank"": ""3등"", ""winners"": 1880, ""prize_amount"": 1126941}, {""rank"": ""4등"", ""winners"": 87818, ""prize_amount"": 48251}, {""rank"": ""5등"", ""winners"": 1385812, ""prize_amount"": 5000}]",2004-10-16
99,"[1, 3, 10, 27, 29, 37]",11,"[{""rank"": ""1등"", ""winners"": 6, ""prize_amount"": 2169219050}, {""rank"": ""2등"", ""winners"": 40, ""prize_amount"": 54230477}, {""rank"": ""3등"", ""winners"": 1581, ""prize_amount"": 1372056}, {""rank"": ""4등"", ""winners"": 77203, ""prize_amount"": 56196}, {""rank"": ""5등"", ""winners"": 1282311, ""prize_amount"": 5000}]",2004-10-23
100,"[1, 7, 11, 23, 37, 42]",6,"[{""rank"": ""1등"", ""winners"": 4, ""prize_amount"": 3315315525}, {""rank"": ""2등"", ""winners"": 36, ""prize_amount"": 61394732}, {""rank"": ""3등"", ""winners"": 1544, ""prize_amount"": 1431484}, {""rank"": ""4등"", ""winners"": 76899, ""prize_amount"": 57484}, {""rank"": ""5등"", ""winners"": 1235777, ""prize_amount"": 5000}]",2004-10-30
101,"[1, 3, 17, 32, 35, 45]",8,"[{""rank"": ""1등"", ""winners"": 5, ""prize_amount"": 2707297500}, {""rank"": ""2등"", ""winners"": 38, ""prize_amount"": 59370560}, {""rank"": ""3등"", ""winners"": 1405, ""prize_amount"": 1605752}, {""rank"": ""4등"", ""winners"": 73210, ""prize_amount"": 61634}, {""rank"": ""5등"", ""winners"": 1246344, ""prize_amount"": 5000}]",2004-11-06
102,"[17, 22, 24, 26, 35, 40]",42,"[{""rank"": ""1등"", ""winners"": 9, ""prize_amount"": 1457153067}, {""rank"": ""2등"", ""winners"": 24, ""prize_amount"": 91072067}, {""rank"": ""3등"", ""winners"": 1352, ""prize_amount"": 1616664}, {""rank"": ""4등"", ""winners"": 75476, ""prize_amount"": 57919}, {""rank"": ""5등"", ""winners"": 1322337, ""prize_amount"": 5000}]",2004-11-13
103,"[5, 14, 15, 27, 30, 45]",10,"[{""rank"": ""1등"", ""winners"": 8, ""prize_amount"": 1691589563}, {""rank"": ""2등"", ""winners"": 38, ""prize_amount"": 59354020}, {""rank"": ""3등"", ""winners"": 1583, ""prize_amount"": 1424797}, {""rank"": ""4등"", ""winners"": 75587, ""prize_amount"": 59679}, {""rank"": ""5등"", ""winners"": 1231156, ""prize_amount"": 5000}]",2004-11-20
104,"[17, 32, 33, 34, 42, 44]",35,"[{""rank"": ""1등"", ""winners"": 2, ""prize_amount"": 6610743750}, {""rank"": ""2등"", ""winners"": 23, ""prize_amount"": 95807881}, {""rank"": ""3등"", ""winners"": 1293, ""prize_amount"": 1704240}, {""rank"": ""4등"", ""winners"": 71824, ""prize_amount"": 61361}, {""rank"": ""5등"", ""winners"": 1246208, ""prize_amount"": 5000}]",2004-11-27
105,"[8, 10, 20, 34, 41, 45]",28,"[{""rank"": ""1등"", ""winners"": 4, ""prize_amount"": 3416781450}, {""rank"": ""2등"", ""winners"": 26, ""prize_amount"": 87609781}, {""rank"": ""3등"", ""winners"": 1331, ""prize_amount"": 1711386}, {""rank"": ""4등"", ""winners"": 69127, ""prize_amount"": 65904}, {""rank"": ""5등"", ""winners"": 1192263, ""prize_amount"": 5000}]",2004-12-04
106,"[4, 10, 12, 22, 24, 33]",29,"[{""rank"": ""1등"", ""winners"": 16, ""prize_amount"": 810461157}, {""rank"": ""2등"", ""winners"": 40, ""prize_amount"": 54030744}, {""rank"": ""3등"", ""winners"": 2056, ""prize_amount"": 1051182}, {""rank"": ""4등"", ""winners"": 93551, ""prize_amount"": 46205}, {""rank"": ""5등"", ""winners"": 1415989, ""prize_amount"": 5000}]",2004-12-11
107,"[1, 4, 5, 6, 9, 31]",17,"[{""rank"": ""1등"", ""winners"": 2, ""prize_amount"": 6679927800}, {""rank"": ""2등"", ""winners"": 35, ""prize_amount"": 63618360}, {""rank"": ""3등"", ""winners"": 2181, ""prize_amount"": 1020928}, {""rank"": ""4등"", ""winners"": 91651, ""prize_amount"": 48590}, {""rank"": ""5등"", ""winners"": 1301235, ""prize_amount"": 5000}]",2004-12-18
108,"[7, 18, 22, 23, 29, 44]",12,"[{""rank"": ""1등"", ""winners"": 7, ""prize_amount"": 1998900772}, {""rank"": ""2등"", ""winners"": 41, ""prize_amount"": 56879291}, {""rank"": ""3등"", ""winners"": 1462, ""prize_amount"": 1595111}, {""rank"": ""4등"", ""winners"": 70827, ""prize_amount"": 65853}, {""rank"": ""5등"", ""winners"": 1223421, ""prize_amount"": 5000}]",2004-12-25
109,"[1, 5, 34, 36, 42, 44]",33,"[{""rank"": ""1등"", ""winners"": 12, ""prize_amount"": 1246838200}, {""rank"": ""2등"", ""winners"": 31, ""prize_amount"": 80441175}, {""rank"": ""3등"", ""winners"": 1493, ""prize_amount"": 1670246}, {""rank"": ""4등"", ""winners"": 73179, ""prize_amount"": 68153}, {""rank"": ""5등"", ""winners"": 1271057, ""prize_amount"": 5000}]",2005-01-01
110,"[7, 20, 22, 23, 29, 43]",1,"[{""rank"": ""1등"", ""winners"": 3, ""prize_amount"": 4566262000}, {""rank"": ""2등"", ""winners"": 38, ""prize_amount"": 60082395}, {""rank"": ""3등"", ""winners"": 1392, ""prize_amount"": 1640181}, {""rank"": ""4등"", ""winners"": 73674, ""prize_amount"": 61980}, {""rank"": ""5등"", ""winners"": 1196287, ""prize_amount"": 5000}]",2005-01-08
111,"[7, 18, 31, 33, 36, 40]",27,"[{""rank"": ""1등"", ""winners"": 6, ""prize_amount"": 2199047450}, {""rank"": ""2등"", ""winners"": 51, ""prize_amount"": 43118578}, {""rank"": ""3등"", ""winners"": 1734, ""prize_amount"": 1268194}, {""rank"": ""4등"", ""winners"": 86863, ""prize_amount"": 50633}, {""rank"": ""5등"", ""winners"": 1389605, ""prize_amount"": 5000}]",2005-01-15
112,"[26, 29, 30, 33, 41, 42]",43,"[{""rank"": ""1등"", ""winners"": 9, ""prize_amount"": 1567271167}, {""rank"": ""2등"", ""winners"": 32, ""prize_amount"": 73465836}, {""rank"": ""3등"", ""winners"": 1370, ""prize_amount"": 1715991}, {""rank"": ""4등"", ""winners"": 70247, ""prize_amount"": 66933}, {""rank"": ""5등"", ""winners"": 1227387, ""prize_amount"": 5000}]",2005-01-22
113,"[4, 9, 28, 33, 36, 45]",26,"[{""rank"": ""1등"", ""winners"": 9, ""prize_amount"": 1561528934}, {""rank"": ""2등"", ""winners"": 43, ""prize_amount"": 54471940}, {""rank"": ""3등"", ""winners"": 1479, ""prize_amount"": 1583701}, {""rank"": ""4등"", ""winners"": 72711, ""prize_amount"": 64428}, {""rank"": ""5등"", ""winners"": 1241238, ""prize_amount"": 5000}]",2005-01-29
114,"[11, 14, 19, 26, 28, 41]",2,"[{""rank"": ""1등"", ""winners"": 6, ""prize_amount"": 2362345050}, {""rank"": ""2등"", ""winners"": 41, ""prize_amount"": 57618172}, {""rank"": ""3등"", ""winners"": 1491, ""prize_amount"": 1584404}, {""rank"": ""4등"", ""winners"": 78504, ""prize_amount"": 60185}, {""rank"": ""5등"", ""winners"": 1283250, ""prize_amount"": 5000}]",2005-02-05
115,"[1, 2, 6, 9, 25, 28]",31,"[{""rank"": ""1등"", ""winners"": 9, ""prize_amount"": 1488589567}, {""rank"": ""2등"", ""winners"": 34, ""prize_amount"": 65673070}, {""rank"": ""3등"", ""winners"": 1990, ""prize_amount"": 1122053}, {""rank"": ""4등"", ""winners"": 91627, ""prize_amount"": 48739}, {""rank"": ""5등"", ""winners"": 1447287, ""prize_amount"": 5000}]",2005-02-12
116,"[2, 4, 25, 31, 34, 37]",17,"[{""rank"": ""1등"", ""winners"": 7, ""prize_amount"": 1997747315}, {""rank"": ""2등"", ""winners"": 56, ""prize_amount"": 41619736}, {""rank"": ""3등"", ""winners"": 1735, ""prize_amount"": 1343346}, {""rank"": ""4등"", ""winners"": 91897, ""prize_amount"": 50725}, {""rank"": ""5등"", ""winners"": 1499198, ""prize_amount"": 5000}]",2005-02-19
117,"[5, 10, 22, 34, 36, 44]",35,"[{""rank"": ""1등"", ""winners"": 9, ""prize_amount"": 1558378334}, {""rank"": ""2등"", ""winners"": 50, ""prize_amount"": 46751350}, {""rank"": ""3등"", ""winners"": 1642, ""prize_amount"": 1423610}, {""rank"": ""4등"", ""winners"": 78361, ""prize_amount"": 59662}, {""rank"": ""5등"", ""winners"": 1267826, ""prize_amount"": 5000}]",2005-02-26
118,"[3, 4, 10, 17, 19, 22]",38,"[{""rank"": ""1등"", ""winners"": 10, ""prize_amount"": 1297989720}, {""rank"": ""2등"", ""winners"": 41, ""prize_amount"": 52763810}, {""rank"": ""3등"", ""winners"": 1671, ""prize_amount"": 1294624}, {""rank"": ""4등"", ""winners"": 83233, ""prize_amount"": 51983}, {""rank"": ""5등"", ""winners"": 1390561, ""prize_amount"": 5000}]",2005-03-05
119,"[3, 11, 13, 14, 17, 21]",38,"[{""rank"": ""1등"", ""winners"": 9, ""prize_amount"": 1474899400}, {""rank"": ""2등"", ""winners"": 49, ""prize_amount"": 45149982}, {""rank"": ""3등"", ""winners"": 1936, ""prize_amount"": 1142743}, {""rank"": ""4등"", ""winners"": 85327, ""prize_amount"": 51856}, {""rank"": ""5등"", ""winners"": 1355365, ""prize_amount"": 5000}]",2005-03-12
120,"[4, 6, 10, 11, 32, 37]",30,"[{""rank"": ""1등"", ""winners"": 3, ""prize_amount"": 4364530300}, {""rank"": ""2등"", ""winners"": 31, ""prize_amount"": 70395650}, {""rank"": ""3등"", ""winners"": 1605, ""prize_amount"": 1359667}, {""rank"": ""4등"", ""winners"": 80400, ""prize_amount"": 54286}, {""rank"": ""5등"", ""winners"": 1377368, ""prize_amount"": 5000}]",2005-03-19
121,"[12, 28, 30, 34, 38, 43]",9,"[{""rank"": ""1등"", ""winners"": 2, ""prize_amount"": 6839648100}, {""rank"": ""2등"", ""winners"": 31, ""prize_amount"": 73544604}, {""rank"": ""3등"", ""winners"": 1342, ""prize_amount"": 1698870}, {""rank"": ""4등"", ""winners"": 67464, ""prize_amount"": 67589}, {""rank"": ""5등"", ""winners"": 1153689, ""prize_amount"": 5000}]",2005-03-26
122,"[1, 11, 16, 17, 36, 40]",8,"[{""rank"": ""1등"", ""winners"": 9, ""prize_amount"": 1450073800}, {""rank"": ""2등"", ""winners"": 38, ""prize_amount"": 57239756}, {""rank"": ""3등"", ""winners"": 1403, ""prize_amount"": 1550329}, {""rank"": ""4등"", ""winners"": 72518, ""prize_amount"": 59989}, {""rank"": ""5등"", ""winners"": 1266949, ""prize_amount"": 5000}]",2005-04-02
123,"[7, 17, 18, 28, 30, 45]",27,"[{""rank"": ""1등"", ""winners"": 5, ""prize_amount"": 2532982680}, {""rank"": ""2등"", ""winners"": 38, ""prize_amount"": 55547866}, {""rank"": ""3등"", ""winners"": 1477, ""prize_amount"": 1429126}, {""rank"": ""4등"", ""winners"": 72742, ""prize_amount"": 58036}, {""rank"": ""5등"", ""winners"": 1188107, ""prize_amount"": 5000}]",2005-04-09
124,"[4, 16, 23, 25, 29, 42]",1,"[{""rank"": ""1등"", ""winners"": 9, ""prize_amount"": 1395936267}, {""rank"": ""2등"", ""winners"": 37, ""prize_amount"": 56592011}, {""rank"": ""3등"", ""winners"": 1540, ""prize_amount"": 1359679}, {""rank"": ""4등"", ""winners"": 75040, ""prize_amount"": 55808}, {""rank"": ""5등"", ""winners"": 1230275, ""prize_amount"": 5000}]",2005-04-16
125,"[2, 8, 32, 33, 35, 36]",18,"[{""rank"": ""1등"", ""winners"": 7, ""prize_amount"": 1754870786}, {""rank"": ""2등"", ""winners"": 36, ""prize_amount"": 56870813}, {""rank"": ""3등"", ""winners"": 1444, ""prize_amount"": 1417832}, {""rank"": ""4등"", ""winners"": 74261, ""prize_amount"": 55140}, {""rank"": ""5등"", ""winners"": 1220272, ""prize_amount"": 5000}]",2005-04-23
126,"[7, 20, 22, 27, 40, 43]",1,"[{""rank"": ""1등"", ""winners"": 9, ""prize_amount"": 1369301500}, {""rank"": ""2등"", ""winners"": 35, ""prize_amount"": 58684350}, {""rank"": ""3등"", ""winners"": 1439, ""prize_amount"": 1427347}, {""rank"": ""4등"", ""winners"": 71370, ""prize_amount"": 57558}, {""rank"": ""5등"", ""winners"": 1166992, ""prize_amount"": 5000}]",2005-04-30
127,"[3, 5, 10, 29, 32, 43]",35,"[{""rank"": ""1등"", ""winners"": 6, ""prize_amount"": 1965939150}, {""rank"": ""2등"", ""winners"": 43, ""prize_amount"": 45719516}, {""rank"": ""3등"", ""winners"": 1279, ""prize_amount"": 1537091}, {""rank"": ""4등"", ""winners"": 67175, ""prize_amount"": 58532}, {""rank"": ""5등"", ""winners"": 1143382, ""prize_amount"": 5000}]",2005-05-07
128,"[12, 30, 34, 36, 37, 45]",39,"[{""rank"": ""1등"", ""winners"": 6, ""prize_amount"": 2064043100}, {""rank"": ""2등"", ""winners"": 23, ""prize_amount"": 89741005}, {""rank"": ""3등"", ""winners"": 1192, ""prize_amount"": 1731580}, {""rank"": ""4등"", ""winners"": 63294, ""prize_amount"": 65221}, {""rank"": ""5등"", ""winners"": 1102953, ""prize_amount"": 5000}]",2005-05-14
129,"[19, 23, 25, 28, 38, 42]",17,"[{""rank"": ""1등"", ""winners"": 11, ""prize_amount"": 1093629655}, {""rank"": ""2등"", ""winners"": 50, ""prize_amount"": 40099754}, {""rank"": ""3등"", ""winners"": 1473, ""prize_amount"": 1361160}, {""rank"": ""4등"", ""winners"": 71124, ""prize_amount"": 56381}, {""rank"": ""5등"", ""winners"": 1145600, ""prize_amount"": 5000}]",2005-05-21
130,"[7, 19, 24, 27, 42, 45]",31,"[{""rank"": ""1등"", ""winners"": 4, ""prize_amount"": 3036496650}, {""rank"": ""2등"", ""winners"": 30, ""prize_amount"": 67477704}, {""rank"": ""3등"", ""winners"": 1273, ""prize_amount"": 1590206}, {""rank"": ""4등"", ""winners"": 63587, ""prize_amount"": 63672}, {""rank"": ""5등"", ""winners"": 1087239, ""prize_amount"": 5000}]",2005-05-28
131,"[8, 10, 11, 14, 15, 21]",37,"[{""rank"": ""1등"", ""winners"": 8, ""prize_amount"": 1451214488}, {""rank"": ""2등"", ""winners"": 33, ""prize_amount"": 58634929}, {""rank"": ""3등"", ""winners"": 1645, ""prize_amount"": 1176264}, {""rank"": ""4등"", ""winners"": 73893, ""prize_amount"": 52372}, {""rank"": ""5등"", ""winners"": 1153272, ""prize_amount"": 5000}]",2005-06-04
132,"[3, 17, 23, 34, 41, 45]",43,"[{""rank"": ""1등"", ""winners"": 4, ""prize_amount"": 2920473525}, {""rank"": ""2등"", ""winners"": 34, ""prize_amount"": 57264187}, {""rank"": ""3등"", ""winners"": 1382, ""prize_amount"": 1408816}, {""rank"": ""4등"", ""winners"": 65277, ""prize_amount"": 59653}, {""rank"": ""5등"", ""winners"": 1098225, ""prize_amount"": 5000}]",2005-06-11
133,"[4, 7, 15, 18, 23, 26]",13,"[{""rank"": ""1등"", ""winners"": 8, ""prize_amount"": 1450242600}, {""rank"": ""2등"", ""winners"": 51, ""prize_amount"": 37914840}, {""rank"": ""3등"", ""winners"": 1466, ""prize_amount"": 1319002}, {""rank"": ""4등"", ""winners"": 76266, ""prize_amount"": 50709}, {""rank"": ""5등"", ""winners"": 1221679, ""prize_amount"": 5000}]",2005-06-18
134,"[3, 12, 20, 23, 31, 35]",43,"[{""rank"": ""1등"", ""winners"": 5, ""prize_amount"": 2349155100}, {""rank"": ""2등"", ""winners"": 50, ""prize_amount"": 39152585}, {""rank"": ""3등"", ""winners"": 1433, ""prize_amount"": 1366106}, {""rank"": ""4등"", ""winners"": 69698, ""prize_amount"": 56175}, {""rank"": ""5등"", ""winners"": 1129299, ""prize_amount"": 5000}]",2005-06-25
135,"[6, 14, 22, 28, 35, 39]",16,"[{""rank"": ""1등"", ""winners"": 7, ""prize_amount"": 1717293515}, {""rank"": ""2등"", ""winners"": 28, ""prize_amount"": 71553897}, {""rank"": ""3등"", ""winners"": 1424, ""prize_amount"": 1406959}, {""rank"": ""4등"", ""winners"": 66201, ""prize_amount"": 60529}, {""rank"": ""5등"", ""winners"": 1099249, ""prize_amount"": 5000}]",2005-07-02
136,"[2, 16, 30, 36, 41, 42]",11,"[{""rank"": ""1등"", ""winners"": 6, ""prize_amount"": 1997694150}, {""rank"": ""2등"", ""winners"": 26, ""prize_amount"": 76834391}, {""rank"": ""3등"", ""winners"": 1279, ""prize_amount"": 1561919}, {""rank"": ""4등"", ""winners"": 66993, ""prize_amount"": 59639}, {""rank"": ""5등"", ""winners"": 1119075, ""prize_amount"": 5000}]",2005-07-09
137,"[7, 9, 20, 25, 36, 39]",15,"[{""rank"": ""1등"", ""winners"": 9, ""prize_amount"": 1270403467}, {""rank"": ""2등"", ""winners"": 40, ""prize_amount"": 47640130}, {""rank"": ""3등"", ""winners"": 1578, ""prize_amount"": 1207608}, {""rank"": ""4등"", ""winners"": 72935, ""prize_amount"": 52255}, {""rank"": ""5등"", ""winners"": 1186655, ""prize_amount"": 5000}]",2005-07-16
138,"[10, 11, 27, 28, 37, 39]",19,"[{""rank"": ""1등"", ""winners"": 5, ""prize_amount"": 2227152000}, {""rank"": ""2등"", ""winners"": 32, ""prize_amount"": 57998750}, {""rank"": ""3등"", ""winners"": 1251, ""prize_amount"": 1483582}, {""rank"": ""4등"", ""winners"": 61230, ""prize_amount"": 60623}, {""rank"": ""5등"", ""winners"": 1056925, ""prize_amount"": 5000}]",2005-07-23
139,"[9, 11, 15, 20, 28, 43]",13,"[{""rank"": ""1등"", ""winners"": 7, ""prize_amount"": 1650210215}, {""rank"": ""2등"", ""winners"": 28, ""prize_amount"": 68758759}, {""rank"": ""3등"", ""winners"": 1128, ""prize_amount"": 1706778}, {""rank"": ""4등"", ""winners"": 57271, ""prize_amount"": 67233}, {""rank"": ""5등"", ""winners"": 986618, ""prize_amount"": 5000}]",2005-07-30
140,"[3, 13, 17, 18, 19, 28]",8,"[{""rank"": ""1등"", ""winners"": 5, ""prize_amount"": 2109462840}, {""rank"": ""2등"", ""winners"": 34, ""prize_amount"": 51702521}, {""rank"": ""3등"", ""winners"": 1310, ""prize_amount"": 1341898}, {""rank"": ""4등"", ""winners"": 64372, ""prize_amount"": 54617}, {""rank"": ""5등"", ""winners"": 1082575, ""prize_amount"": 5000}]",2005-08-06
141,"[8, 12, 29, 31, 42, 43]",2,"[{""rank"": ""1등"", ""winners"": 6, ""prize_amount"": 1900552400}, {""rank"": ""2등"", ""winners"": 29, ""prize_amount"": 65536290}, {""rank"": ""3등"", ""winners"": 1144, ""prize_amount"": 1661323}, {""rank"": ""4등"", ""winners"": 58203, ""prize_amount"": 65308}, {""rank"": ""5등"", ""winners"": 1000591, ""prize_amount"": 5000}]",2005-08-13
142,"[12, 16, 30, 34, 40, 44]",19,"[{""rank"": ""1등"", ""winners"": 11, ""prize_amount"": 1018265564}, {""rank"": ""2등"", ""winners"": 28, ""prize_amount"": 66672150}, {""rank"": ""3등"", ""winners"": 1326, ""prize_amount"": 1407859}, {""rank"": ""4등"", ""winners"": 64602, ""prize_amount"": 57795}, {""rank"": ""5등"", ""winners"": 1067644, ""prize_amount"": 5000}]",2005-08-20
143,"[26, 27, 28, 42, 43, 45]",8,"[{""rank"": ""1등"", ""winners"": 3, ""prize_amount"": 3954584700}, {""rank"": ""2등"", ""winners"": 35, ""prize_amount"": 56494068}, {""rank"": ""3등"", ""winners"": 1182, ""prize_amount"": 1672837}, {""rank"": ""4등"", ""winners"": 57130, ""prize_amount"": 69221}, {""rank"": ""5등"", ""winners"": 986951, ""prize_amount"": 5000}]",2005-08-27
144,"[4, 15, 17, 26, 36, 37]",43,"[{""rank"": ""1등"", ""winners"": 8, ""prize_amount"": 1402440413}, {""rank"": ""2등"", ""winners"": 38, ""prize_amount"": 49208436}, {""rank"": ""3등"", ""winners"": 1498, ""prize_amount"": 1248279}, {""rank"": ""4등"", ""winners"": 74181, ""prize_amount"": 50416}, {""rank"": ""5등"", ""winners"": 1180411, ""prize_amount"": 5000}]",2005-09-03
145,"[2, 3, 13, 20, 27, 44]",9,"[{""rank"": ""1등"", ""winners"": 3, ""prize_amount"": 3797838200}, {""rank"": ""2등"", ""winners"": 38, ""prize_amount"": 49971556}, {""rank"": ""3등"", ""winners"": 1217, ""prize_amount"": 1560328}, {""rank"": ""4등"", ""winners"": 63120, ""prize_amount"": 60169}, {""rank"": ""5등"", ""winners"": 1093545, ""prize_amount"": 5000}]",2005-09-10
146,"[2, 19, 27, 35, 41, 42]",25,"[{""rank"": ""1등"", ""winners"": 2, ""prize_amount"": 6043415250}, {""rank"": ""2등"", ""winners"": 34, ""prize_amount"": 59249170}, {""rank"": ""3등"", ""winners"": 1383, ""prize_amount"": 1456596}, {""rank"": ""4등"", ""winners"": 62524, ""prize_amount"": 64439}, {""rank"": ""5등"", ""winners"": 1038812, ""prize_amount"": 5000}]",2005-09-17
147,"[4, 6, 13, 21, 40, 42]",36,"[{""rank"": ""1등"", ""winners"": 7, ""prize_amount"": 1700040215}, {""rank"": ""2등"", ""winners"": 35, ""prize_amount"": 56668008}, {""rank"": ""3등"", ""winners"": 1215, ""prize_amount"": 1632412}, {""rank"": ""4등"", ""winners"": 62412, ""prize_amount"": 63558}, {""rank"": ""5등"", ""winners"": 1067800, ""prize_amount"": 5000}]",2005-09-24
148,"[21, 25, 33, 34, 35, 36]",17,"[{""rank"": ""1등"", ""winners"": 5, ""prize_amount"": 2323596420}, {""rank"": ""2등"", ""winners"": 35, ""prize_amount"": 55323725}, {""rank"": ""3등"", ""winners"": 1185, ""prize_amount"": 1634035}, {""rank"": ""4등"", ""winners"": 63358, ""prize_amount"": 61124}, {""rank"": ""5등"", ""winners"": 1079664, ""prize_amount"": 5000}]",2005-10-01
149,"[2, 11, 21, 34, 41, 42]",27,"[{""rank"": ""1등"", ""winners"": 7, ""prize_amount"": 1639052143}, {""rank"": ""2등"", ""winners"": 43, ""prize_amount"": 44470407}, {""rank"": ""3등"", ""winners"": 1171, ""prize_amount"": 1632987}, {""rank"": ""4등"", ""winners"": 60450, ""prize_amount"": 63267}, {""rank"": ""5등"", ""winners"": 1016240, ""prize_amount"": 5000}]",2005-10-08
150,"[2, 18, 25, 28, 37, 39]",16,"[{""rank"": ""1등"", ""winners"": 4, ""prize_amount"": 2831645850}, {""rank"": ""2등"", ""winners"": 46, ""prize_amount"": 41038346}, {""rank"": ""3등"", ""winners"": 1279, ""prize_amount"": 1475969}, {""rank"": ""4등"", ""winners"": 65200, ""prize_amount"": 57907}, {""rank"": ""5등"", ""winners"": 1100850, ""prize_amount"": 5000}]",2005-10-15
151,"[1, 2, 10, 13, 18, 19]",15,"[{""rank"": ""1등"", ""winners"": 4, ""prize_amount"": 2716634025}, {""rank"": ""2등"", ""winners"": 45, ""prize_amount"": 40246430}, {""rank"": ""3등"", ""winners"": 1491, ""prize_amount"": 1214681}, {""rank"": ""4등"", ""winners"": 68250, ""prize_amount"": 53073}, {""rank"": ""5등"", ""winners"": 1113528, ""prize_amount"": 5000}]",2005-10-22
152,"[1, 5, 13, 26, 29, 34]",43,"[{""rank"": ""1등"", ""winners"": 5, ""prize_amount"": 2278131840}, {""rank"": ""2등"", ""winners"": 30, ""prize_amount"": 63281440}, {""rank"": ""3등"", ""winners"": 1184, ""prize_amount"": 1603415}, {""rank"": ""4등"", ""winners"": 60282, ""prize_amount"": 62986}, {""rank"": ""5등"", ""winners"": 1021147, ""prize_amount"": 5000}]",2005-10-29
153,"[3, 8, 11, 12, 13, 36]",33,"[{""rank"": ""1등"", ""winners"": 4, ""prize_amount"": 2730526125}, {""rank"": ""2등"", ""winners"": 52, ""prize_amount"": 35006746}, {""rank"": ""3등"", ""winners"": 1446, ""prize_amount"": 1258888}, {""rank"": ""4등"", ""winners"": 71562, ""prize_amount"": 50875}, {""rank"": ""5등"", ""winners"": 1137072, ""prize_amount"": 5000}]",2005-11-05
154,"[6, 19, 21, 35, 40, 45]",20,"[{""rank"": ""1등"", ""winners"": 4, ""prize_amount"": 2836628700}, {""rank"": ""2등"", ""winners"": 32, ""prize_amount"": 59096432}, {""rank"": ""3등"", ""winners"": 1189, ""prize_amount"": 1590485}, {""rank"": ""4등"", ""winners"": 60181, ""prize_amount"": 62847}, {""rank"": ""5등"", ""winners"": 1020067, ""prize_amount"": 5000}]",2005-11-12
155,"[16, 19, 20, 32, 33, 41]",4,"[{""rank"": ""1등"", ""winners"": 9, ""prize_amount"": 1193005734}, {""rank"": ""2등"", ""winners"": 37, ""prize_amount"": 48365098}, {""rank"": ""3등"", ""winners"": 1287, ""prize_amount"": 1390450}, {""rank"": ""4등"", ""winners"": 62882, ""prize_amount"": 56917}, {""rank"": ""5등"", ""winners"": 1035003, ""prize_amount"": 5000}]",2005-11-19
156,"[5, 18, 28, 30, 42, 45]",2,"[{""rank"": ""1등"", ""winners"": 8, ""prize_amount"": 1401099900}, {""rank"": ""2등"", ""winners"": 30, ""prize_amount"": 62271107}, {""rank"": ""3등"", ""winners"": 1230, ""prize_amount"": 1518808}, {""rank"": ""4등"", ""winners"": 59506, ""prize_amount"": 62789}, {""rank"": ""5등"", ""winners"": 998192, ""prize_amount"": 5000}]",2005-11-26
157,"[19, 26, 30, 33, 35, 39]",37,"[{""rank"": ""1등"", ""winners"": 2, ""prize_amount"": 5484903750}, {""rank"": ""2등"", ""winners"": 28, ""prize_amount"": 65296474}, {""rank"": ""3등"", ""winners"": 1155, ""prize_amount"": 1582945}, {""rank"": ""4등"", ""winners"": 61650, ""prize_amount"": 59313}, {""rank"": ""5등"", ""winners"": 1028734, ""prize_amount"": 5000}]",2005-12-03
158,"[4, 9, 13, 18, 21, 34]",7,"[{""rank"": ""1등"", ""winners"": 10, ""prize_amount"": 1069544340}, {""rank"": ""2등"", ""winners"": 45, ""prize_amount"": 39612754}, {""rank"": ""3등"", ""winners"": 1516, ""prize_amount"": 1175841}, {""rank"": ""4등"", ""winners"": 67910, ""prize_amount"": 52499}, {""rank"": ""5등"", ""winners"": 1071741, ""prize_amount"": 5000}]",2005-12-10
159,"[1, 18, 30, 41, 42, 43]",32,"[{""rank"": ""1등"", ""winners"": 6, ""prize_amount"": 1755407300}, {""rank"": ""2등"", ""winners"": 24, ""prize_amount"": 73141971}, {""rank"": ""3등"", ""winners"": 1071, ""prize_amount"": 1639036}, {""rank"": ""4등"", ""winners"": 54933, ""prize_amount"": 63911}, {""rank"": ""5등"", ""winners"": 920378, ""prize_amount"": 5000}]",2005-12-17
160,"[3, 7, 8, 34, 39, 41]",1,"[{""rank"": ""1등"", ""winners"": 2, ""prize_amount"": 5490805350}, {""rank"": ""2등"", ""winners"": 32, ""prize_amount"": 57195890}, {""rank"": ""3등"", ""winners"": 1079, ""prize_amount"": 1696264}, {""rank"": ""4등"", ""winners"": 58680, ""prize_amount"": 62382}, {""rank"": ""5등"", ""winners"": 1022787, ""prize_amount"": 5000}]",2005-12-24
161,"[22, 34, 36, 40, 42, 45]",44,"[{""rank"": ""1등"", ""winners"": 7, ""prize_amount"": 1996876272}, {""rank"": ""2등"", ""winners"": 63, ""prize_amount"": 33275487}, {""rank"": ""3등"", ""winners"": 1381, ""prize_amount"": 1517999}, {""rank"": ""4등"", ""winners"": 66233, ""prize_amount"": 63303}, {""rank"": ""5등"", ""winners"": 1116934, ""prize_amount"": 5000}]",2005-12-31
162,"[1, 5, 21, 25, 38, 41]",24,"[{""rank"": ""1등"", ""winners"": 5, ""prize_amount"": 2308265760}, {""rank"": ""2등"", ""winners"": 33, ""prize_amount"": 58289540}, {""rank"": ""3등"", ""winners"": 1172, ""prize_amount"": 1641259}, {""rank"": ""4등"", ""winners"": 61205, ""prize_amount"": 62857}, {""rank"": ""5등"", ""winners"": 1057899, ""prize_amount"": 5000}]",2006-01-07
163,"[7, 11, 26, 28, 29, 44]",16,"[{""rank"": ""1등"", ""winners"": 7, ""prize_amount"": 1629726515}, {""rank"": ""2등"", ""winners"": 47, ""prize_amount"": 40454205}, {""rank"": ""3등"", ""winners"": 1390, ""prize_amount"": 1367876}, {""rank"": ""4등"", ""winners"": 66604, ""prize_amount"": 57095}, {""rank"": ""5등"", ""winners"": 1099200, ""prize_amount"": 5000}]",2006-01-14
164,"[6, 9, 10, 11, 39, 41]",27,"[{""rank"": ""1등"", ""winners"": 3, ""prize_amount"": 4054937900}, {""rank"": ""2등"", ""winners"": 39, ""prize_amount"": 51986384}, {""rank"": ""3등"", ""winners"": 1626, ""prize_amount"": 1246906}, {""rank"": ""4등"", ""winners"": 74835, ""prize_amount"": 54186}, {""rank"": ""5등"", ""winners"": 1250274, ""prize_amount"": 5000}]",2006-01-21
165,"[5, 13, 18, 19, 22, 42]",31,"[{""rank"": ""1등"", ""winners"": 2, ""prize_amount"": 6767426700}, {""rank"": ""2등"", ""winners"": 40, ""prize_amount"": 56395223}, {""rank"": ""3등"", ""winners"": 1535, ""prize_amount"": 1469583}, {""rank"": ""4등"", ""winners"": 78820, ""prize_amount"": 57240}, {""rank"": ""5등"", ""winners"": 1297194, ""prize_amount"": 5000}]",2006-01-28
166,"[9, 12, 27, 36, 39, 45]",14,"[{""rank"": ""1등"", ""winners"": 11, ""prize_amount"": 1111299982}, {""rank"": ""2등"", ""winners"": 28, ""prize_amount"": 72763690}, {""rank"": ""3등"", ""winners"": 1507, ""prize_amount"": 1351947}, {""rank"": ""4등"", ""winners"": 70751, ""prize_amount"": 57594}, {""rank"": ""5등"", ""winners"": 1140980, ""prize_amount"": 5000}]",2006-02-04
167,"[24, 27, 28, 30, 36, 39]",4,"[{""rank"": ""1등"", ""winners"": 5, ""prize_amount"": 2491222920}, {""rank"": ""2등"", ""winners"": 36, ""prize_amount"": 57667198}, {""rank"": ""3등"", ""winners"": 1313, ""prize_amount"": 1581127}, {""rank"": ""4등"", ""winners"": 64208, ""prize_amount"": 64666}, {""rank"": ""5등"", ""winners"": 1122401, ""prize_amount"": 5000}]",2006-02-11
168,"[3, 10, 31, 40, 42, 43]",30,"[{""rank"": ""1등"", ""winners"": 5, ""prize_amount"": 2349946920}, {""rank"": ""2등"", ""winners"": 54, ""prize_amount"": 36264613}, {""rank"": ""3등"", ""winners"": 1544, ""prize_amount"": 1268322}, {""rank"": ""4등"", ""winners"": 74504, ""prize_amount"": 52569}, {""rank"": ""5등"", ""winners"": 1233043, ""prize_amount"": 5000}]",2006-02-18
169,"[16, 27, 35, 37, 43, 45]",19,"[{""rank"": ""1등"", ""winners"": 5, ""prize_amount"": 2482888380}, {""rank"": ""2등"", ""winners"": 31, ""prize_amount"": 66744312}, {""rank"": ""3등"", ""winners"": 1171, ""prize_amount"": 1766929}, {""rank"": ""4등"", ""winners"": 62705, ""prize_amount"": 65994}, {""rank"": ""5등"", ""winners"": 1069471, ""prize_amount"": 5000}]",2006-02-25
170,"[2, 11, 13, 15, 31, 42]",10,"[{""rank"": ""1등"", ""winners"": 6, ""prize_amount"": 1923108250}, {""rank"": ""2등"", ""winners"": 27, ""prize_amount"": 71226232}, {""rank"": ""3등"", ""winners"": 1309, ""prize_amount"": 1469144}, {""rank"": ""4등"", ""winners"": 67030, ""prize_amount"": 57381}, {""rank"": ""5등"", ""winners"": 1125608, ""prize_amount"": 5000}]",2006-03-04
171,"[4, 16, 25, 29, 34, 35]",1,"[{""rank"": ""1등"", ""winners"": 6, ""prize_amount"": 1961339700}, {""rank"": ""2등"", ""winners"": 19, ""prize_amount"": 103228406}, {""rank"": ""3등"", ""winners"": 1381, ""prize_amount"": 1420232}, {""rank"": ""4등"", ""winners"": 71461, ""prize_amount"": 54893}, {""rank"": ""5등"", ""winners"": 1113068, ""prize_amount"": 5000}]",2006-03-11
172,"[4, 19, 21, 24, 26, 41]",35,"[{""rank"": ""1등"", ""winners"": 11, ""prize_amount"": 1081154073}, {""rank"": ""2등"", ""winners"": 19, ""prize_amount"": 104321885}, {""rank"": ""3등"", ""winners"": 1276, ""prize_amount"": 1553383}, {""rank"": ""4등"", ""winners"": 65456, ""prize_amount"": 60564}, {""rank"": ""5등"", ""winners"": 1111595, ""prize_amount"": 5000}]",2006-03-18
173,"[3, 9, 24, 30, 33, 34]",18,"[{""rank"": ""1등"", ""winners"": 8, ""prize_amount"": 1487736788}, {""rank"": ""2등"", ""winners"": 63, ""prize_amount"": 31486493}, {""rank"": ""3등"", ""winners"": 1448, ""prize_amount"": 1369924}, {""rank"": ""4등"", ""winners"": 78349, ""prize_amount"": 50637}, {""rank"": ""5등"", ""winners"": 1261354, ""prize_amount"": 5000}]",2006-03-25
174,"[13, 14, 18, 22, 35, 39]",16,"[{""rank"": ""1등"", ""winners"": 7, ""prize_amount"": 1771103058}, {""rank"": ""2등"", ""winners"": 26, ""prize_amount"": 79472574}, {""rank"": ""3등"", ""winners"": 1325, ""prize_amount"": 1559462}, {""rank"": ""4등"", ""winners"": 64999, ""prize_amount"": 63580}, {""rank"": ""5등"", ""winners"": 1101483, ""prize_amount"": 5000}]",2006-04-01
175,"[19, 26, 28, 31, 33, 36]",17,"[{""rank"": ""1등"", ""winners"": 5, ""prize_amount"": 2371132620}, {""rank"": ""2등"", ""winners"": 48, ""prize_amount"": 41165497}, {""rank"": ""3등"", ""winners"": 1347, ""prize_amount"": 1466922}, {""rank"": ""4등"", ""winners"": 67585, ""prize_amount"": 58473}, {""rank"": ""5등"", ""winners"": 1137627, ""prize_amount"": 5000}]",2006-04-08
176,"[4, 17, 30, 32, 33, 34]",15,"[{""rank"": ""1등"", ""winners"": 5, ""prize_amount"": 2314663080}, {""rank"": ""2등"", ""winners"": 40, ""prize_amount"": 48222148}, {""rank"": ""3등"", ""winners"": 1535, ""prize_amount"": 1256604}, {""rank"": ""4등"", ""winners"": 76689, ""prize_amount"": 50305}, {""rank"": ""5등"", ""winners"": 1191081, ""prize_amount"": 5000}]",2006-04-15
177,"[1, 10, 13, 16, 37, 43]",6,"[{""rank"": ""1등"", ""winners"": 7, ""prize_amount"": 1693285500}, {""rank"": ""2등"", ""winners"": 30, ""prize_amount"": 65849992}, {""rank"": ""3등"", ""winners"": 1260, ""prize_amount"": 1567857}, {""rank"": ""4등"", ""winners"": 64437, ""prize_amount"": 61316}, {""rank"": ""5등"", ""winners"": 1097033, ""prize_amount"": 5000}]",2006-04-22
178,"[1, 5, 11, 12, 18, 23]",9,"[{""rank"": ""1등"", ""winners"": 5, ""prize_amount"": 2254621080}, {""rank"": ""2등"", ""winners"": 44, ""prize_amount"": 42701157}, {""rank"": ""3등"", ""winners"": 1566, ""prize_amount"": 1199778}, {""rank"": ""4등"", ""winners"": 74612, ""prize_amount"": 50364}, {""rank"": ""5등"", ""winners"": 1200574, ""prize_amount"": 5000}]",2006-04-29
179,"[5, 9, 17, 25, 39, 43]",32,"[{""rank"": ""1등"", ""winners"": 10, ""prize_amount"": 1081093920}, {""rank"": ""2등"", ""winners"": 53, ""prize_amount"": 33996665}, {""rank"": ""3등"", ""winners"": 1540, ""prize_amount"": 1170016}, {""rank"": ""4등"", ""winners"": 69956, ""prize_amount"": 51514}, {""rank"": ""5등"", ""winners"": 1125523, ""prize_amount"": 5000}]",2006-05-06
180,"[2, 15, 20, 21, 29, 34]",22,"[{""rank"": ""1등"", ""winners"": 2, ""prize_amount"": 5763371550}, {""rank"": ""2등"", ""winners"": 35, ""prize_amount"": 54889253}, {""rank"": ""3등"", ""winners"": 1284, ""prize_amount"": 1496203}, {""rank"": ""4등"", ""winners"": 62876, ""prize_amount"": 61109}, {""rank"": ""5등"", ""winners"": 1047300, ""prize_amount"": 5000}]",2006-05-13
181,"[14, 21, 23, 32, 40, 45]",44,"[{""rank"": ""1등"", ""winners"": 6, ""prize_amount"": 1941763300}, {""rank"": ""2등"", ""winners"": 24, ""prize_amount"": 80906805}, {""rank"": ""3등"", ""winners"": 1233, ""prize_amount"": 1574829}, {""rank"": ""4등"", ""winners"": 60637, ""prize_amount"": 64046}, {""rank"": ""5등"", ""winners"": 1028918, ""prize_amount"": 5000}]",2006-05-20
182,"[13, 15, 27, 29, 34, 40]",35,"[{""rank"": ""1등"", ""winners"": 3, ""prize_amount"": 3721439400}, {""rank"": ""2등"", ""winners"": 44, ""prize_amount"": 42289085}, {""rank"": ""3등"", ""winners"": 1228, ""prize_amount"": 1515245}, {""rank"": ""4등"", ""winners"": 59004, ""prize_amount"": 63071}, {""rank"": ""5등"", ""winners"": 1000820, ""prize_amount"": 5000}]",2006-05-27
183,"[2, 18, 24, 34, 40, 42]",5,"[{""rank"": ""1등"", ""winners"": 6, ""prize_amount"": 1777221500}, {""rank"": ""2등"", ""winners"": 25, ""prize_amount"": 71088860}, {""rank"": ""3등"", ""winners"": 1294, ""prize_amount"": 1373433}, {""rank"": ""4등"", ""winners"": 67137, ""prize_amount"": 52944}, {""rank"": ""5등"", ""winners"": 1039403, ""prize_amount"": 5000}]",2006-06-03
184,"[1, 2, 6, 16, 20, 33]",41,"[{""rank"": ""1등"", ""winners"": 6, ""prize_amount"": 1747753050}, {""rank"": ""2등"", ""winners"": 31, ""prize_amount"": 56379131}, {""rank"": ""3등"", ""winners"": 1331, ""prize_amount"": 1313113}, {""rank"": ""4등"", ""winners"": 63344, ""prize_amount"": 55183}, {""rank"": ""5등"", ""winners"": 1054829, ""prize_amount"": 5000}]",2006-06-10
185,"[1, 2, 4, 8, 19, 38]",14,"[{""rank"": ""1등"", ""winners"": 3, ""prize_amount"": 3522485800}, {""rank"": ""2등"", ""winners"": 34, ""prize_amount"": 51801262}, {""rank"": ""3등"", ""winners"": 1228, ""prize_amount"": 1434237}, {""rank"": ""4등"", ""winners"": 65938, ""prize_amount"": 53422}, {""rank"": ""5등"", ""winners"": 1055823, ""prize_amount"": 5000}]",2006-06-17
186,"[4, 10, 14, 19, 21, 45]",9,"[{""rank"": ""1등"", ""winners"": 9, ""prize_amount"": 1187882600}, {""rank"": ""2등"", ""winners"": 46, ""prize_amount"": 38735303}, {""rank"": ""3등"", ""winners"": 1169, ""prize_amount"": 1524230}, {""rank"": ""4등"", ""winners"": 58566, ""prize_amount"": 60849}, {""rank"": ""5등"", ""winners"": 984795, ""prize_amount"": 5000}]",2006-06-24
187,"[1, 2, 8, 18, 29, 38]",42,"[{""rank"": ""1등"", ""winners"": 7, ""prize_amount"": 1544733900}, {""rank"": ""2등"", ""winners"": 19, ""prize_amount"": 94852082}, {""rank"": ""3등"", ""winners"": 1253, ""prize_amount"": 1438300}, {""rank"": ""4등"", ""winners"": 59780, ""prize_amount"": 60295}, {""rank"": ""5등"", ""winners"": 981217, ""prize_amount"": 5000}]",2006-07-01
188,"[19, 24, 27, 30, 31, 34]",36,"[{""rank"": ""1등"", ""winners"": 3, ""prize_amount"": 3501405200}, {""rank"": ""2등"", ""winners"": 33, ""prize_amount"": 53051594}, {""rank"": ""3등"", ""winners"": 1320, ""prize_amount"": 1326290}, {""rank"": ""4등"", ""winners"": 61227, ""prize_amount"": 57188}, {""rank"": ""5등"", ""winners"": 1016219, ""prize_amount"": 5000}]",2006-07-08
189,"[8, 14, 32, 35, 37, 45]",28,"[{""rank"": ""1등"", ""winners"": 3, ""prize_amount"": 3461775100}, {""rank"": ""2등"", ""winners"": 33, ""prize_amount"": 52451138}, {""rank"": ""3등"", ""winners"": 1085, ""prize_amount"": 1595289}, {""rank"": ""4등"", ""winners"": 52193, ""prize_amount"": 66327}, {""rank"": ""5등"", ""winners"": 903280, ""prize_amount"": 5000}]",2006-07-15
190,"[8, 14, 18, 30, 31, 44]",15,"[{""rank"": ""1등"", ""winners"": 6, ""prize_amount"": 1784159450}, {""rank"": ""2등"", ""winners"": 33, ""prize_amount"": 54065438}, {""rank"": ""3등"", ""winners"": 1016, ""prize_amount"": 1756063}, {""rank"": ""4등"", ""winners"": 53791, ""prize_amount"": 66337}, {""rank"": ""5등"", ""winners"": 918127, ""prize_amount"": 5000}]",2006-07-22
191,"[5, 6, 24, 25, 32, 37]",8,"[{""rank"": ""1등"", ""winners"": 4, ""prize_amount"": 2577114675}, {""rank"": ""2등"", ""winners"": 23, ""prize_amount"": 74698977}, {""rank"": ""3등"", ""winners"": 1145, ""prize_amount"": 1500504}, {""rank"": ""4등"", ""winners"": 59650, ""prize_amount"": 57606}, {""rank"": ""5등"", ""winners"": 1017334, ""prize_amount"": 5000}]",2006-07-29
192,"[4, 8, 11, 18, 37, 45]",33,"[{""rank"": ""1등"", ""winners"": 4, ""prize_amount"": 2445348375}, {""rank"": ""2등"", ""winners"": 38, ""prize_amount"": 42900849}, {""rank"": ""3등"", ""winners"": 1098, ""prize_amount"": 1484729}, {""rank"": ""4등"", ""winners"": 55766, ""prize_amount"": 58467}, {""rank"": ""5등"", ""winners"": 943042, ""prize_amount"": 5000}]",2006-08-05
193,"[6, 14, 18, 26, 36, 39]",13,"[{""rank"": ""1등"", ""winners"": 3, ""prize_amount"": 3404449700}, {""rank"": ""2등"", ""winners"": 20, ""prize_amount"": 85111243}, {""rank"": ""3등"", ""winners"": 1135, ""prize_amount"": 1499758}, {""rank"": ""4등"", ""winners"": 58638, ""prize_amount"": 58059}, {""rank"": ""5등"", ""winners"": 974398, ""prize_amount"": 5000}]",2006-08-12
194,"[15, 20, 23, 26, 39, 44]",28,"[{""rank"": ""1등"", ""winners"": 4, ""prize_amount"": 2650567875}, {""rank"": ""2등"", ""winners"": 21, ""prize_amount"": 84145012}, {""rank"": ""3등"", ""winners"": 1072, ""prize_amount"": 1648364}, {""rank"": ""4등"", ""winners"": 53559, ""prize_amount"": 65985}, {""rank"": ""5등"", ""winners"": 917061, ""prize_amount"": 5000}]",2006-08-19
195,"[7, 10, 19, 22, 35, 40]",31,"[{""rank"": ""1등"", ""winners"": 11, ""prize_amount"": 918992591}, {""rank"": ""2등"", ""winners"": 66, ""prize_amount"": 25527572}, {""rank"": ""3등"", ""winners"": 1691, ""prize_amount"": 996346}, {""rank"": ""4등"", ""winners"": 70324, ""prize_amount"": 47916}, {""rank"": ""5등"", ""winners"": 1067833, ""prize_amount"": 5000}]",2006-08-26
196,"[35, 36, 37, 41, 44, 45]",30,"[{""rank"": ""1등"", ""winners"": 15, ""prize_amount"": 727876520}, {""rank"": ""2등"", ""winners"": 27, ""prize_amount"": 67395975}, {""rank"": ""3등"", ""winners"": 1518, ""prize_amount"": 1198743}, {""rank"": ""4등"", ""winners"": 58079, ""prize_amount"": 62663}, {""rank"": ""5등"", ""winners"": 937967, ""prize_amount"": 5000}]",2006-09-02
197,"[7, 12, 16, 34, 42, 45]",4,"[{""rank"": ""1등"", ""winners"": 6, ""prize_amount"": 1803018300}, {""rank"": ""2등"", ""winners"": 42, ""prize_amount"": 42929008}, {""rank"": ""3등"", ""winners"": 1229, ""prize_amount"": 1467062}, {""rank"": ""4등"", ""winners"": 58551, ""prize_amount"": 61588}, {""rank"": ""5등"", ""winners"": 993294, ""prize_amount"": 5000}]",2006-09-09
198,"[12, 19, 20, 25, 41, 45]",2,"[{""rank"": ""1등"", ""winners"": 6, ""prize_amount"": 1797855050}, {""rank"": ""2등"", ""winners"": 25, ""prize_amount"": 71914202}, {""rank"": ""3등"", ""winners"": 1050, ""prize_amount"": 1712243}, {""rank"": ""4등"", ""winners"": 55693, ""prize_amount"": 64564}, {""rank"": ""5등"", ""winners"": 965692, ""prize_amount"": 5000}]",2006-09-16
199,"[14, 21, 22, 25, 30, 36]",43,"[{""rank"": ""1등"", ""winners"": 2, ""prize_amount"": 5344252200}, {""rank"": ""2등"", ""winners"": 23, ""prize_amount"": 77452931}, {""rank"": ""3등"", ""winners"": 1049, ""prize_amount"": 1698206}, {""rank"": ""4등"", ""winners"": 55426, ""prize_amount"": 64281}, {""rank"": ""5등"", ""winners"": 939272, ""prize_amount"": 5000}]",2006-09-23
200,"[5, 6, 13, 14, 17, 20]",7,"[{""rank"": ""1등"", ""winners"": 8, ""prize_amount"": 1344616613}, {""rank"": ""2등"", ""winners"": 58, ""prize_amount"": 30910727}, {""rank"": ""3등"", ""winners"": 1387, ""prize_amount"": 1292590}, {""rank"": ""4등"", ""winners"": 66233, ""prize_amount"": 54137}, {""rank"": ""5등"", ""winners"": 1078398, ""prize_amount"": 5000}]",2006-09-30
201,"[3, 11, 24, 38, 39, 44]",26,"[{""rank"": ""1등"", ""winners"": 1, ""prize_amount"": 9719465400}, {""rank"": ""2등"", ""winners"": 37, ""prize_amount"": 43781376}, {""rank"": ""3등"", ""winners"": 1347, ""prize_amount"": 1202607}, {""rank"": ""4등"", ""winners"": 61045, ""prize_amount"": 53073}, {""rank"": ""5등"", ""winners"": 985655, ""prize_amount"": 5000}]",2006-10-07
202,"[12, 14, 27, 33, 39, 44]",17,"[{""rank"": ""1등"", ""winners"": 6, ""prize_amount"": 1893391700}, {""rank"": ""2등"", ""winners"": 40, ""prize_amount"": 47334793}, {""rank"": ""3등"", ""winners"": 1232, ""prize_amount"": 1536844}, {""rank"": ""4등"", ""winners"": 62532, ""prize_amount"": 60558}, {""rank"": ""5등"", ""winners"": 1043620, ""prize_amount"": 5000}]",2006-10-14
203,"[1, 3, 11, 24, 30, 32]",7,"[{""rank"": ""1등"", ""winners"": 5, ""prize_amount"": 2164564740}, {""rank"": ""2등"", ""winners"": 43, ""prize_amount"": 41948930}, {""rank"": ""3등"", ""winners"": 1328, ""prize_amount"": 1358287}, {""rank"": ""4등"", ""winners"": 66916, ""prize_amount"": 53913}, {""rank"": ""5등"", ""winners"": 1095728, ""prize_amount"": 5000}]",2006-10-21
204,"[3, 12, 14, 35, 40, 45]",5,"[{""rank"": ""1등"", ""winners"": 8, ""prize_amount"": 1358347125}, {""rank"": ""2등"", ""winners"": 23, ""prize_amount"": 78744761}, {""rank"": ""3등"", ""winners"": 1180, ""prize_amount"": 1534856}, {""rank"": ""4등"", ""winners"": 57646, ""prize_amount"": 62837}, {""rank"": ""5등"", ""winners"": 985516, ""prize_amount"": 5000}]",2006-10-28
205,"[1, 3, 21, 29, 35, 37]",30,"[{""rank"": ""1등"", ""winners"": 6, ""prize_amount"": 1835221800}, {""rank"": ""2등"", ""winners"": 21, ""prize_amount"": 87391515}, {""rank"": ""3등"", ""winners"": 1098, ""prize_amount"": 1671423}, {""rank"": ""4등"", ""winners"": 56067, ""prize_amount"": 65466}, {""rank"": ""5등"", ""winners"": 962608, ""prize_amount"": 5000}]",2006-11-04
206,"[1, 2, 3, 15, 20, 25]",43,"[{""rank"": ""1등"", ""winners"": 5, ""prize_amount"": 2032859340}, {""rank"": ""2등"", ""winners"": 36, ""prize_amount"": 47056930}, {""rank"": ""3등"", ""winners"": 1549, ""prize_amount"": 1093641}, {""rank"": ""4등"", ""winners"": 66445, ""prize_amount"": 50992}, {""rank"": ""5등"", ""winners"": 1044599, ""prize_amount"": 5000}]",2006-11-11
207,"[3, 11, 14, 31, 32, 37]",38,"[{""rank"": ""1등"", ""winners"": 5, ""prize_amount"": 2104673760}, {""rank"": ""2등"", ""winners"": 37, ""prize_amount"": 47402563}, {""rank"": ""3등"", ""winners"": 1203, ""prize_amount"": 1457935}, {""rank"": ""4등"", ""winners"": 60871, ""prize_amount"": 57627}, {""rank"": ""5등"", ""winners"": 1020444, ""prize_amount"": 5000}]",2006-11-18
208,"[14, 25, 31, 34, 40, 44]",24,"[{""rank"": ""1등"", ""winners"": 6, ""prize_amount"": 1760767400}, {""rank"": ""2등"", ""winners"": 34, ""prize_amount"": 51787277}, {""rank"": ""3등"", ""winners"": 1224, ""prize_amount"": 1438536}, {""rank"": ""4등"", ""winners"": 64277, ""prize_amount"": 54787}, {""rank"": ""5등"", ""winners"": 1030103, ""prize_amount"": 5000}]",2006-11-25
209,"[2, 7, 18, 20, 24, 33]",37,"[{""rank"": ""1등"", ""winners"": 6, ""prize_amount"": 1660896350}, {""rank"": ""2등"", ""winners"": 34, ""prize_amount"": 48849893}, {""rank"": ""3등"", ""winners"": 1358, ""prize_amount"": 1223046}, {""rank"": ""4등"", ""winners"": 65973, ""prize_amount"": 50351}, {""rank"": ""5등"", ""winners"": 1053545, ""prize_amount"": 5000}]",2006-12-02
210,"[10, 19, 22, 23, 25, 37]",39,"[{""rank"": ""1등"", ""winners"": 2, ""prize_amount"": 5139085950}, {""rank"": ""2등"", ""winners"": 46, ""prize_amount"": 37239754}, {""rank"": ""3등"", ""winners"": 1298, ""prize_amount"": 1319745}, {""rank"": ""4등"", ""winners"": 64325, ""prize_amount"": 53262}, {""rank"": ""5등"", ""winners"": 1049739, ""prize_amount"": 5000}]",2006-12-09
211,"[12, 13, 17, 20, 33, 41]",8,"[{""rank"": ""1등"", ""winners"": 10, ""prize_amount"": 1035800250}, {""rank"": ""2등"", ""winners"": 29, ""prize_amount"": 59528750}, {""rank"": ""3등"", ""winners"": 1308, ""prize_amount"": 1319828}, {""rank"": ""4등"", ""winners"": 64785, ""prize_amount"": 53295}, {""rank"": ""5등"", ""winners"": 1080600, ""prize_amount"": 5000}]",2006-12-16
212,"[11, 12, 18, 21, 31, 38]",8,"[{""rank"": ""1등"", ""winners"": 4, ""prize_amount"": 2660747250}, {""rank"": ""2등"", ""winners"": 36, ""prize_amount"": 49273098}, {""rank"": ""3등"", ""winners"": 1228, ""prize_amount"": 1444489}, {""rank"": ""4등"", ""winners"": 64059, ""prize_amount"": 55382}, {""rank"": ""5등"", ""winners"": 1066249, ""prize_amount"": 5000}]",2006-12-23
213,"[2, 3, 4, 5, 20, 24]",42,"[{""rank"": ""1등"", ""winners"": 8, ""prize_amount"": 1376678025}, {""rank"": ""2등"", ""winners"": 33, ""prize_amount"": 55623355}, {""rank"": ""3등"", ""winners"": 1977, ""prize_amount"": 928463}, {""rank"": ""4등"", ""winners"": 95451, ""prize_amount"": 38462}, {""rank"": ""5등"", ""winners"": 1203368, ""prize_amount"": 5000}]",2006-12-30
214,"[5, 7, 20, 25, 28, 37]",32,"[{""rank"": ""1등"", ""winners"": 8, ""prize_amount"": 1406980875}, {""rank"": ""2등"", ""winners"": 36, ""prize_amount"": 52110403}, {""rank"": ""3등"", ""winners"": 1433, ""prize_amount"": 1309124}, {""rank"": ""4등"", ""winners"": 70219, ""prize_amount"": 53433}, {""rank"": ""5등"", ""winners"": 1167625, ""prize_amount"": 5000}]",2007-01-06
215,"[2, 3, 7, 15, 43, 44]",4,"[{""rank"": ""1등"", ""winners"": 7, ""prize_amount"": 1587689615}, {""rank"": ""2등"", ""winners"": 32, ""prize_amount"": 57884518}, {""rank"": ""3등"", ""winners"": 1248, ""prize_amount"": 1484219}, {""rank"": ""4등"", ""winners"": 65898, ""prize_amount"": 56218}, {""rank"": ""5등"", ""winners"": 1062967, ""prize_amount"": 5000}]",2007-01-13
216,"[7, 16, 17, 33, 36, 40]",1,"[{""rank"": ""1등"", ""winners"": 13, ""prize_amount"": 848506108}, {""rank"": ""2등"", ""winners"": 63, ""prize_amount"": 29181427}, {""rank"": ""3등"", ""winners"": 2612, ""prize_amount"": 703840}, {""rank"": ""4등"", ""winners"": 79174, ""prize_amount"": 46441}, {""rank"": ""5등"", ""winners"": 1157342, ""prize_amount"": 5000}]",2007-01-20
217,"[16, 20, 27, 33, 35, 39]",38,"[{""rank"": ""1등"", ""winners"": 7, ""prize_amount"": 1611246172}, {""rank"": ""2등"", ""winners"": 29, ""prize_amount"": 64820249}, {""rank"": ""3등"", ""winners"": 1206, ""prize_amount"": 1558696}, {""rank"": ""4등"", ""winners"": 64156, ""prize_amount"": 58601}, {""rank"": ""5등"", ""winners"": 1066490, ""prize_amount"": 5000}]",2007-01-27
218,"[1, 8, 14, 18, 29, 44]",20,"[{""rank"": ""1등"", ""winners"": 4, ""prize_amount"": 2779075800}, {""rank"": ""2등"", ""winners"": 26, ""prize_amount"": 71258354}, {""rank"": ""3등"", ""winners"": 1203, ""prize_amount"": 1540081}, {""rank"": ""4등"", ""winners"": 60492, ""prize_amount"": 61255}, {""rank"": ""5등"", ""winners"": 996397, ""prize_amount"": 5000}]",2007-02-03
219,"[4, 11, 20, 26, 35, 37]",16,"[{""rank"": ""1등"", ""winners"": 9, ""prize_amount"": 1208409167}, {""rank"": ""2등"", ""winners"": 41, ""prize_amount"": 44210092}, {""rank"": ""3등"", ""winners"": 1292, ""prize_amount"": 1402952}, {""rank"": ""4등"", ""winners"": 63889, ""prize_amount"": 56743}, {""rank"": ""5등"", ""winners"": 1065147, ""prize_amount"": 5000}]",2007-02-10
220,"[5, 11, 19, 21, 34, 43]",31,"[{""rank"": ""1등"", ""winners"": 6, ""prize_amount"": 1958094950}, {""rank"": ""2등"", ""winners"": 28, ""prize_amount"": 69931963}, {""rank"": ""3등"", ""winners"": 1317, ""prize_amount"": 1486785}, {""rank"": ""4등"", ""winners"": 67271, ""prize_amount"": 58216}, {""rank"": ""5등"", ""winners"": 1122150, ""prize_amount"": 5000}]",2007-02-17
221,"[2, 20, 33, 35, 37, 40]",10,"[{""rank"": ""1등"", ""winners"": 6, ""prize_amount"": 1800104250}, {""rank"": ""2등"", ""winners"": 44, ""prize_amount"": 40911461}, {""rank"": ""3등"", ""winners"": 1608, ""prize_amount"": 1119468}, {""rank"": ""4등"", ""winners"": 75459, ""prize_amount"": 47711}, {""rank"": ""5등"", ""winners"": 1167205, ""prize_amount"": 5000}]",2007-02-24
222,"[5, 7, 28, 29, 39, 43]",44,"[{""rank"": ""1등"", ""winners"": 5, ""prize_amount"": 2275193820}, {""rank"": ""2등"", ""winners"": 33, ""prize_amount"": 57454390}, {""rank"": ""3등"", ""winners"": 1105, ""prize_amount"": 1715833}, {""rank"": ""4등"", ""winners"": 57093, ""prize_amount"": 66418}, {""rank"": ""5등"", ""winners"": 981530, ""prize_amount"": 5000}]",2007-03-03
223,"[1, 3, 18, 20, 26, 27]",38,"[{""rank"": ""1등"", ""winners"": 7, ""prize_amount"": 1498170600}, {""rank"": ""2등"", ""winners"": 39, ""prize_amount"": 44817070}, {""rank"": ""3등"", ""winners"": 1416, ""prize_amount"": 1234369}, {""rank"": ""4등"", ""winners"": 67509, ""prize_amount"": 51782}, {""rank"": ""5등"", ""winners"": 1107956, ""prize_amount"": 5000}]",2007-03-10
224,"[4, 19, 26, 27, 30, 42]",7,"[{""rank"": ""1등"", ""winners"": 6, ""prize_amount"": 1808969950}, {""rank"": ""2등"", ""winners"": 26, ""prize_amount"": 69575768}, {""rank"": ""3등"", ""winners"": 1158, ""prize_amount"": 1562151}, {""rank"": ""4등"", ""winners"": 60549, ""prize_amount"": 59753}, {""rank"": ""5등"", ""winners"": 1025571, ""prize_amount"": 5000}]",2007-03-17
225,"[5, 11, 13, 19, 31, 36]",7,"[{""rank"": ""1등"", ""winners"": 6, ""prize_amount"": 1777201800}, {""rank"": ""2등"", ""winners"": 41, ""prize_amount"": 43346386}, {""rank"": ""3등"", ""winners"": 1287, ""prize_amount"": 1380888}, {""rank"": ""4등"", ""winners"": 65281, ""prize_amount"": 54448}, {""rank"": ""5등"", ""winners"": 1080798, ""prize_amount"": 5000}]",2007-03-24
226,"[2, 6, 8, 14, 21, 22]",34,"[{""rank"": ""1등"", ""winners"": 6, ""prize_amount"": 1744100150}, {""rank"": ""2등"", ""winners"": 38, ""prize_amount"": 45897373}, {""rank"": ""3등"", ""winners"": 1305, ""prize_amount"": 1336476}, {""rank"": ""4등"", ""winners"": 64076, ""prize_amount"": 54439}, {""rank"": ""5등"", ""winners"": 1026364, ""prize_amount"": 5000}]",2007-03-31
227,"[4, 5, 15, 16, 22, 42]",2,"[{""rank"": ""1등"", ""winners"": 2, ""prize_amount"": 5253542400}, {""rank"": ""2등"", ""winners"": 24, ""prize_amount"": 72965867}, {""rank"": ""3등"", ""winners"": 1103, ""prize_amount"": 1587653}, {""rank"": ""4등"", ""winners"": 56663, ""prize_amount"": 61811}, {""rank"": ""5등"", ""winners"": 942116, ""prize_amount"": 5000}]",2007-04-07
228,"[17, 25, 35, 36, 39, 44]",23,"[{""rank"": ""1등"", ""winners"": 9, ""prize_amount"": 1146700334}, {""rank"": ""2등"", ""winners"": 39, ""prize_amount"": 44103859}, {""rank"": ""3등"", ""winners"": 1338, ""prize_amount"": 1285539}, {""rank"": ""4등"", ""winners"": 66002, ""prize_amount"": 52122}, {""rank"": ""5등"", ""winners"": 1036309, ""prize_amount"": 5000}]",2007-04-14
229,"[4, 5, 9, 11, 23, 38]",35,"[{""rank"": ""1등"", ""winners"": 7, ""prize_amount"": 1451441100}, {""rank"": ""2등"", ""winners"": 27, ""prize_amount"": 62716591}, {""rank"": ""3등"", ""winners"": 1312, ""prize_amount"": 1290662}, {""rank"": ""4등"", ""winners"": 67524, ""prize_amount"": 50156}, {""rank"": ""5등"", ""winners"": 1089603, ""prize_amount"": 5000}]",2007-04-21
230,"[5, 11, 14, 29, 32, 33]",12,"[{""rank"": ""1등"", ""winners"": 8, ""prize_amount"": 1292929163}, {""rank"": ""2등"", ""winners"": 25, ""prize_amount"": 68956222}, {""rank"": ""3등"", ""winners"": 1037, ""prize_amount"": 1662397}, {""rank"": ""4등"", ""winners"": 56346, ""prize_amount"": 61190}, {""rank"": ""5등"", ""winners"": 971324, ""prize_amount"": 5000}]",2007-04-28
231,"[5, 10, 19, 31, 44, 45]",27,"[{""rank"": ""1등"", ""winners"": 9, ""prize_amount"": 1088365900}, {""rank"": ""2등"", ""winners"": 19, ""prize_amount"": 85923624}, {""rank"": ""3등"", ""winners"": 1267, ""prize_amount"": 1288516}, {""rank"": ""4등"", ""winners"": 59311, ""prize_amount"": 55051}, {""rank"": ""5등"", ""winners"": 970465, ""prize_amount"": 5000}]",2007-05-05
232,"[8, 9, 10, 12, 24, 44]",35,"[{""rank"": ""1등"", ""winners"": 9, ""prize_amount"": 1110918400}, {""rank"": ""2등"", ""winners"": 18, ""prize_amount"": 92576534}, {""rank"": ""3등"", ""winners"": 1268, ""prize_amount"": 1314178}, {""rank"": ""4등"", ""winners"": 65000, ""prize_amount"": 51274}, {""rank"": ""5등"", ""winners"": 1023708, ""prize_amount"": 5000}]",2007-05-12
233,"[4, 6, 13, 17, 28, 40]",39,"[{""rank"": ""1등"", ""winners"": 10, ""prize_amount"": 999153750}, {""rank"": ""2등"", ""winners"": 26, ""prize_amount"": 64048318}, {""rank"": ""3등"", ""winners"": 1274, ""prize_amount"": 1307109}, {""rank"": ""4등"", ""winners"": 62535, ""prize_amount"": 53259}, {""rank"": ""5등"", ""winners"": 1021168, ""prize_amount"": 5000}]",2007-05-19
234,"[13, 21, 22, 24, 26, 37]",4,"[{""rank"": ""1등"", ""winners"": 4, ""prize_amount"": 2519743875}, {""rank"": ""2등"", ""winners"": 23, ""prize_amount"": 73036055}, {""rank"": ""3등"", ""winners"": 1049, ""prize_amount"": 1601363}, {""rank"": ""4등"", ""winners"": 54926, ""prize_amount"": 61167}, {""rank"": ""5등"", ""winners"": 921750, ""prize_amount"": 5000}]",2007-05-26
235,"[21, 22, 26, 27, 31, 37]",8,"[{""rank"": ""1등"", ""winners"": 3, ""prize_amount"": 3433330100}, {""rank"": ""2등"", ""winners"": 29, ""prize_amount"": 59195347}, {""rank"": ""3등"", ""winners"": 1178, ""prize_amount"": 1457271}, {""rank"": ""4등"", ""winners"": 59548, ""prize_amount"": 57657}, {""rank"": ""5등"", ""winners"": 901409, ""prize_amount"": 5000}]",2007-06-02
236,"[1, 4, 8, 13, 37, 39]",7,"[{""rank"": ""1등"", ""winners"": 2, ""prize_amount"": 5030040150}, {""rank"": ""2등"", ""winners"": 41, ""prize_amount"": 40894636}, {""rank"": ""3등"", ""winners"": 1046, ""prize_amount"": 1602945}, {""rank"": ""4등"", ""winners"": 54480, ""prize_amount"": 61553}, {""rank"": ""5등"", ""winners"": 940827, ""prize_amount"": 5000}]",2007-06-09
237,"[1, 11, 17, 21, 24, 44]",33,"[{""rank"": ""1등"", ""winners"": 7, ""prize_amount"": 1440630729}, {""rank"": ""2등"", ""winners"": 39, ""prize_amount"": 43095792}, {""rank"": ""3등"", ""winners"": 1098, ""prize_amount"": 1530725}, {""rank"": ""4등"", ""winners"": 57338, ""prize_amount"": 58626}, {""rank"": ""5등"", ""winners"": 974357, ""prize_amount"": 5000}]",2007-06-16
238,"[2, 4, 15, 28, 31, 34]",35,"[{""rank"": ""1등"", ""winners"": 9, ""prize_amount"": 1121660567}, {""rank"": ""2등"", ""winners"": 29, ""prize_amount"": 58016926}, {""rank"": ""3등"", ""winners"": 1066, ""prize_amount"": 1578322}, {""rank"": ""4등"", ""winners"": 54591, ""prize_amount"": 61640}, {""rank"": ""5등"", ""winners"": 930266, ""prize_amount"": 5000}]",2007-06-23
239,"[11, 15, 24, 39, 41, 44]",7,"[{""rank"": ""1등"", ""winners"": 9, ""prize_amount"": 1134140167}, {""rank"": ""2등"", ""winners"": 29, ""prize_amount"": 58662423}, {""rank"": ""3등"", ""winners"": 1083, ""prize_amount"": 1570832}, {""rank"": ""4등"", ""winners"": 55850, ""prize_amount"": 60921}, {""rank"": ""5등"", ""winners"": 927236, ""prize_amount"": 5000}]",2007-06-30
240,"[6, 10, 16, 40, 41, 43]",21,"[{""rank"": ""1등"", ""winners"": 2, ""prize_amount"": 5098251450}, {""rank"": ""2등"", ""winners"": 28, ""prize_amount"": 60693470}, {""rank"": ""3등"", ""winners"": 1084, ""prize_amount"": 1567728}, {""rank"": ""4등"", ""winners"": 57376, ""prize_amount"": 59238}, {""rank"": ""5등"", ""winners"": 961510, ""prize_amount"": 5000}]",2007-07-07
241,"[2, 16, 24, 27, 28, 35]",21,"[{""rank"": ""1등"", ""winners"": 4, ""prize_amount"": 2552016300}, {""rank"": ""2등"", ""winners"": 34, ""prize_amount"": 50039536}, {""rank"": ""3등"", ""winners"": 967, ""prize_amount"": 1759405}, {""rank"": ""4등"", ""winners"": 53783, ""prize_amount"": 63267}, {""rank"": ""5등"", ""winners"": 922001, ""prize_amount"": 5000}]",2007-07-14
242,"[4, 19, 20, 21, 32, 34]",43,"[{""rank"": ""1등"", ""winners"": 8, ""prize_amount"": 1234542375}, {""rank"": ""2등"", ""winners"": 36, ""prize_amount"": 45723792}, {""rank"": ""3등"", ""winners"": 1245, ""prize_amount"": 1322134}, {""rank"": ""4등"", ""winners"": 60644, ""prize_amount"": 54286}, {""rank"": ""5등"", ""winners"": 975863, ""prize_amount"": 5000}]",2007-07-21
243,"[2, 12, 17, 19, 28, 42]",34,"[{""rank"": ""1등"", ""winners"": 4, ""prize_amount"": 2408850000}, {""rank"": ""2등"", ""winners"": 29, ""prize_amount"": 55375863}, {""rank"": ""3등"", ""winners"": 1089, ""prize_amount"": 1474656}, {""rank"": ""4등"", ""winners"": 54055, ""prize_amount"": 59418}, {""rank"": ""5등"", ""winners"": 918683, ""prize_amount"": 5000}]",2007-07-28
244,"[13, 16, 25, 36, 37, 38]",19,"[{""rank"": ""1등"", ""winners"": 1, ""prize_amount"": 9121583100}, {""rank"": ""2등"", ""winners"": 25, ""prize_amount"": 60810554}, {""rank"": ""3등"", ""winners"": 1096, ""prize_amount"": 1387103}, {""rank"": ""4등"", ""winners"": 54930, ""prize_amount"": 55353}, {""rank"": ""5등"", ""winners"": 900577, ""prize_amount"": 5000}]",2007-08-04
245,"[9, 11, 27, 31, 32, 38]",22,"[{""rank"": ""1등"", ""winners"": 7, ""prize_amount"": 1382583129}, {""rank"": ""2등"", ""winners"": 35, ""prize_amount"": 46086105}, {""rank"": ""3등"", ""winners"": 1092, ""prize_amount"": 1477119}, {""rank"": ""4등"", ""winners"": 57445, ""prize_amount"": 56159}, {""rank"": ""5등"", ""winners"": 959435, ""prize_amount"": 5000}]",2007-08-11
246,"[13, 18, 21, 23, 26, 39]",15,"[{""rank"": ""1등"", ""winners"": 5, ""prize_amount"": 1911774240}, {""rank"": ""2등"", ""winners"": 26, ""prize_amount"": 61274816}, {""rank"": ""3등"", ""winners"": 1294, ""prize_amount"": 1231179}, {""rank"": ""4등"", ""winners"": 59600, ""prize_amount"": 53462}, {""rank"": ""5등"", ""winners"": 959025, ""prize_amount"": 5000}]",2007-08-18
247,"[12, 15, 28, 36, 39, 40]",13,"[{""rank"": ""1등"", ""winners"": 6, ""prize_amount"": 1669313900}, {""rank"": ""2등"", ""winners"": 29, ""prize_amount"": 57562549}, {""rank"": ""3등"", ""winners"": 1019, ""prize_amount"": 1638189}, {""rank"": ""4등"", ""winners"": 52284, ""prize_amount"": 63856}, {""rank"": ""5등"", ""winners"": 884542, ""prize_amount"": 5000}]",2007-08-25
248,"[3, 8, 17, 23, 38, 45]",13,"[{""rank"": ""1등"", ""winners"": 8, ""prize_amount"": 1227479363}, {""rank"": ""2등"", ""winners"": 23, ""prize_amount"": 71158224}, {""rank"": ""3등"", ""winners"": 1155, ""prize_amount"": 1417004}, {""rank"": ""4등"", ""winners"": 58847, ""prize_amount"": 55624}, {""rank"": ""5등"", ""winners"": 961562, ""prize_amount"": 5000}]",2007-09-01
249,"[3, 8, 27, 31, 41, 44]",11,"[{""rank"": ""1등"", ""winners"": 6, ""prize_amount"": 1663568700}, {""rank"": ""2등"", ""winners"": 29, ""prize_amount"": 57364438}, {""rank"": ""3등"", ""winners"": 1169, ""prize_amount"": 1423070}, {""rank"": ""4등"", ""winners"": 56034, ""prize_amount"": 59378}, {""rank"": ""5등"", ""winners"": 926776, ""prize_amount"": 5000}]",2007-09-08
250,"[19, 23, 30, 37, 43, 45]",38,"[{""rank"": ""1등"", ""winners"": 5, ""prize_amount"": 1994726280}, {""rank"": ""2등"", ""winners"": 17, ""prize_amount"": 97780700}, {""rank"": ""3등"", ""winners"": 1051, ""prize_amount"": 1581610}, {""rank"": ""4등"", ""winners"": 51328, ""prize_amount"": 64771}, {""rank"": ""5등"", ""winners"": 887737, ""prize_amount"": 5000}]",2007-09-15
251,"[6, 7, 19, 25, 28, 38]",45,"[{""rank"": ""1등"", ""winners"": 8, ""prize_amount"": 1282616400}, {""rank"": ""2등"", ""winners"": 40, ""prize_amount"": 42753880}, {""rank"": ""3등"", ""winners"": 1242, ""prize_amount"": 1376937}, {""rank"": ""4등"", ""winners"": 62015, ""prize_amount"": 55153}, {""rank"": ""5등"", ""winners"": 1028991, ""prize_amount"": 5000}]",2007-09-22
252,"[14, 23, 26, 31, 39, 45]",28,"[{""rank"": ""1등"", ""winners"": 7, ""prize_amount"": 1391089715}, {""rank"": ""2등"", ""winners"": 24, ""prize_amount"": 67622417}, {""rank"": ""3등"", ""winners"": 1087, ""prize_amount"": 1493044}, {""rank"": ""4등"", ""winners"": 51895, ""prize_amount"": 62547}, {""rank"": ""5등"", ""winners"": 874916, ""prize_amount"": 5000}]",2007-09-29
253,"[8, 19, 25, 31, 34, 36]",33,"[{""rank"": ""1등"", ""winners"": 4, ""prize_amount"": 2466189525}, {""rank"": ""2등"", ""winners"": 20, ""prize_amount"": 82206318}, {""rank"": ""3등"", ""winners"": 1169, ""prize_amount"": 1406439}, {""rank"": ""4등"", ""winners"": 57084, ""prize_amount"": 57604}, {""rank"": ""5등"", ""winners"": 942682, ""prize_amount"": 5000}]",2007-10-06
254,"[1, 5, 19, 20, 24, 30]",27,"[{""rank"": ""1등"", ""winners"": 1, ""prize_amount"": 9741015900}, {""rank"": ""2등"", ""winners"": 33, ""prize_amount"": 49197050}, {""rank"": ""3등"", ""winners"": 1225, ""prize_amount"": 1325309}, {""rank"": ""4등"", ""winners"": 59196, ""prize_amount"": 54852}, {""rank"": ""5등"", ""winners"": 978906, ""prize_amount"": 5000}]",2007-10-13
255,"[1, 5, 6, 24, 27, 42]",32,"[{""rank"": ""1등"", ""winners"": 6, ""prize_amount"": 1598618550}, {""rank"": ""2등"", ""winners"": 13, ""prize_amount"": 122970658}, {""rank"": ""3등"", ""winners"": 1054, ""prize_amount"": 1516716}, {""rank"": ""4등"", ""winners"": 55422, ""prize_amount"": 57689}, {""rank"": ""5등"", ""winners"": 945297, ""prize_amount"": 5000}]",2007-10-20
256,"[4, 11, 14, 21, 23, 43]",32,"[{""rank"": ""1등"", ""winners"": 2, ""prize_amount"": 4891017000}, {""rank"": ""2등"", ""winners"": 34, ""prize_amount"": 47951148}, {""rank"": ""3등"", ""winners"": 1192, ""prize_amount"": 1367735}, {""rank"": ""4등"", ""winners"": 56975, ""prize_amount"": 57230}, {""rank"": ""5등"", ""winners"": 938980, ""prize_amount"": 5000}]",2007-10-27
257,"[6, 13, 27, 31, 32, 37]",4,"[{""rank"": ""1등"", ""winners"": 4, ""prize_amount"": 2391377025}, {""rank"": ""2등"", ""winners"": 18, ""prize_amount"": 88569520}, {""rank"": ""3등"", ""winners"": 1233, ""prize_amount"": 1292986}, {""rank"": ""4등"", ""winners"": 57977, ""prize_amount"": 54996}, {""rank"": ""5등"", ""winners"": 954861, ""prize_amount"": 5000}]",2007-11-03
258,"[14, 27, 30, 31, 38, 40]",17,"[{""rank"": ""1등"", ""winners"": 4, ""prize_amount"": 2426434350}, {""rank"": ""2등"", ""winners"": 28, ""prize_amount"": 57772247}, {""rank"": ""3등"", ""winners"": 1724, ""prize_amount"": 938297}, {""rank"": ""4등"", ""winners"": 54638, ""prize_amount"": 59213}, {""rank"": ""5등"", ""winners"": 901197, ""prize_amount"": 5000}]",2007-11-10
259,"[4, 5, 14, 35, 42, 45]",34,"[{""rank"": ""1등"", ""winners"": 2, ""prize_amount"": 4838533500}, {""rank"": ""2등"", ""winners"": 25, ""prize_amount"": 64513780}, {""rank"": ""3등"", ""winners"": 1030, ""prize_amount"": 1565869}, {""rank"": ""4등"", ""winners"": 50402, ""prize_amount"": 64000}, {""rank"": ""5등"", ""winners"": 864868, ""prize_amount"": 5000}]",2007-11-17
260,"[7, 12, 15, 24, 37, 40]",43,"[{""rank"": ""1등"", ""winners"": 4, ""prize_amount"": 2310085575}, {""rank"": ""2등"", ""winners"": 26, ""prize_amount"": 59232964}, {""rank"": ""3등"", ""winners"": 1284, ""prize_amount"": 1199422}, {""rank"": ""4등"", ""winners"": 58258, ""prize_amount"": 52871}, {""rank"": ""5등"", ""winners"": 933907, ""prize_amount"": 5000}]",2007-11-24
261,"[6, 11, 16, 18, 31, 43]",2,"[{""rank"": ""1등"", ""winners"": 3, ""prize_amount"": 3192299100}, {""rank"": ""2등"", ""winners"": 32, ""prize_amount"": 49879674}, {""rank"": ""3등"", ""winners"": 1104, ""prize_amount"": 1445788}, {""rank"": ""4등"", ""winners"": 56285, ""prize_amount"": 56717}, {""rank"": ""5등"", ""winners"": 929205, ""prize_amount"": 5000}]",2007-12-01
262,"[9, 12, 24, 25, 29, 31]",36,"[{""rank"": ""1등"", ""winners"": 2, ""prize_amount"": 4518741600}, {""rank"": ""2등"", ""winners"": 21, ""prize_amount"": 71726058}, {""rank"": ""3등"", ""winners"": 1106, ""prize_amount"": 1361888}, {""rank"": ""4등"", ""winners"": 54807, ""prize_amount"": 54966}, {""rank"": ""5등"", ""winners"": 910729, ""prize_amount"": 5000}]",2007-12-08
263,"[1, 27, 28, 32, 37, 40]",18,"[{""rank"": ""1등"", ""winners"": 6, ""prize_amount"": 1551704900}, {""rank"": ""2등"", ""winners"": 27, ""prize_amount"": 57470552}, {""rank"": ""3등"", ""winners"": 937, ""prize_amount"": 1656036}, {""rank"": ""4등"", ""winners"": 50490, ""prize_amount"": 61466}, {""rank"": ""5등"", ""winners"": 864303, ""prize_amount"": 5000}]",2007-12-15
264,"[9, 16, 27, 36, 41, 44]",5,"[{""rank"": ""1등"", ""winners"": 7, ""prize_amount"": 1344889200}, {""rank"": ""2등"", ""winners"": 27, ""prize_amount"": 58112497}, {""rank"": ""3등"", ""winners"": 1047, ""prize_amount"": 1498604}, {""rank"": ""4등"", ""winners"": 50096, ""prize_amount"": 62642}, {""rank"": ""5등"", ""winners"": 840243, ""prize_amount"": 5000}]",2007-12-22
265,"[5, 9, 34, 37, 38, 39]",12,"[{""rank"": ""1등"", ""winners"": 8, ""prize_amount"": 1200838575}, {""rank"": ""2등"", ""winners"": 19, ""prize_amount"": 84269374}, {""rank"": ""3등"", ""winners"": 1010, ""prize_amount"": 1585266}, {""rank"": ""4등"", ""winners"": 52966, ""prize_amount"": 60459}, {""rank"": ""5등"", ""winners"": 889156, ""prize_amount"": 5000}]",2007-12-29
266,"[3, 4, 9, 11, 22, 42]",37,"[{""rank"": ""1등"", ""winners"": 3, ""prize_amount"": 3207211700}, {""rank"": ""2등"", ""winners"": 36, ""prize_amount"": 44544607}, {""rank"": ""3등"", ""winners"": 1194, ""prize_amount"": 1343054}, {""rank"": ""4등"", ""winners"": 58820, ""prize_amount"": 54526}, {""rank"": ""5등"", ""winners"": 986495, ""prize_amount"": 5000}]",2008-01-05
267,"[7, 8, 24, 34, 36, 41]",1,"[{""rank"": ""1등"", ""winners"": 3, ""prize_amount"": 3257663300}, {""rank"": ""2등"", ""winners"": 28, ""prize_amount"": 58172559}, {""rank"": ""3등"", ""winners"": 1141, ""prize_amount"": 1427548}, {""rank"": ""4등"", ""winners"": 55101, ""prize_amount"": 59122}, {""rank"": ""5등"", ""winners"": 925922, ""prize_amount"": 5000}]",2008-01-12
268,"[3, 10, 19, 24, 32, 45]",12,"[{""rank"": ""1등"", ""winners"": 7, ""prize_amount"": 1350954515}, {""rank"": ""2등"", ""winners"": 35, ""prize_amount"": 45031818}, {""rank"": ""3등"", ""winners"": 1362, ""prize_amount"": 1157206}, {""rank"": ""4등"", ""winners"": 61857, ""prize_amount"": 50960}, {""rank"": ""5등"", ""winners"": 969153, ""prize_amount"": 5000}]",2008-01-19
269,"[5, 18, 20, 36, 42, 43]",32,"[{""rank"": ""1등"", ""winners"": 5, ""prize_amount"": 1961399940}, {""rank"": ""2등"", ""winners"": 22, ""prize_amount"": 74295453}, {""rank"": ""3등"", ""winners"": 1014, ""prize_amount"": 1611933}, {""rank"": ""4등"", ""winners"": 50514, ""prize_amount"": 64715}, {""rank"": ""5등"", ""winners"": 866762, ""prize_amount"": 5000}]",2008-01-26
270,"[5, 9, 12, 20, 21, 26]",27,"[{""rank"": ""1등"", ""winners"": 5, ""prize_amount"": 1927830060}, {""rank"": ""2등"", ""winners"": 32, ""prize_amount"": 50203908}, {""rank"": ""3등"", ""winners"": 1242, ""prize_amount"": 1293499}, {""rank"": ""4등"", ""winners"": 59807, ""prize_amount"": 53724}, {""rank"": ""5등"", ""winners"": 971485, ""prize_amount"": 5000}]",2008-02-02
271,"[3, 8, 9, 27, 29, 40]",36,"[{""rank"": ""1등"", ""winners"": 6, ""prize_amount"": 1565918150}, {""rank"": ""2등"", ""winners"": 28, ""prize_amount"": 55925649}, {""rank"": ""3등"", ""winners"": 1256, ""prize_amount"": 1246751}, {""rank"": ""4등"", ""winners"": 59418, ""prize_amount"": 52709}, {""rank"": ""5등"", ""winners"": 956127, ""prize_amount"": 5000}]",2008-02-09
272,"[7, 9, 12, 27, 39, 43]",28,"[{""rank"": ""1등"", ""winners"": 9, ""prize_amount"": 1104622800}, {""rank"": ""2등"", ""winners"": 39, ""prize_amount"": 42485493}, {""rank"": ""3등"", ""winners"": 1370, ""prize_amount"": 1209442}, {""rank"": ""4등"", ""winners"": 63219, ""prize_amount"": 52419}, {""rank"": ""5등"", ""winners"": 1017199, ""prize_amount"": 5000}]",2008-02-16
273,"[1, 8, 24, 31, 34, 44]",6,"[{""rank"": ""1등"", ""winners"": 3, ""prize_amount"": 3339543100}, {""rank"": ""2등"", ""winners"": 21, ""prize_amount"": 79512931}, {""rank"": ""3등"", ""winners"": 1096, ""prize_amount"": 1523515}, {""rank"": ""4등"", ""winners"": 56192, ""prize_amount"": 59431}, {""rank"": ""5등"", ""winners"": 942078, ""prize_amount"": 5000}]",2008-02-23
274,"[13, 14, 15, 26, 35, 39]",25,"[{""rank"": ""1등"", ""winners"": 4, ""prize_amount"": 2505085575}, {""rank"": ""2등"", ""winners"": 37, ""prize_amount"": 45136678}, {""rank"": ""3등"", ""winners"": 1254, ""prize_amount"": 1331784}, {""rank"": ""4등"", ""winners"": 57315, ""prize_amount"": 58277}, {""rank"": ""5등"", ""winners"": 923057, ""prize_amount"": 5000}]",2008-03-01
275,"[14, 19, 20, 35, 38, 40]",26,"[{""rank"": ""1등"", ""winners"": 1, ""prize_amount"": 10044066900}, {""rank"": ""2등"", ""winners"": 19, ""prize_amount"": 88105850}, {""rank"": ""3등"", ""winners"": 991, ""prize_amount"": 1689215}, {""rank"": ""4등"", ""winners"": 51657, ""prize_amount"": 64813}, {""rank"": ""5등"", ""winners"": 884959, ""prize_amount"": 5000}]",2008-03-08
276,"[4, 15, 21, 33, 39, 41]",25,"[{""rank"": ""1등"", ""winners"": 3, ""prize_amount"": 3312569000}, {""rank"": ""2등"", ""winners"": 31, ""prize_amount"": 53428533}, {""rank"": ""3등"", ""winners"": 1161, ""prize_amount"": 1426602}, {""rank"": ""4등"", ""winners"": 59894, ""prize_amount"": 55308}, {""rank"": ""5등"", ""winners"": 944192, ""prize_amount"": 5000}]",2008-03-15
277,"[10, 12, 13, 15, 25, 29]",20,"[{""rank"": ""1등"", ""winners"": 3, ""prize_amount"": 3272627800}, {""rank"": ""2등"", ""winners"": 31, ""prize_amount"": 52784320}, {""rank"": ""3등"", ""winners"": 1104, ""prize_amount"": 1482169}, {""rank"": ""4등"", ""winners"": 55271, ""prize_amount"": 59211}, {""rank"": ""5등"", ""winners"": 914243, ""prize_amount"": 5000}]",2008-03-22
278,"[3, 11, 37, 39, 41, 43]",13,"[{""rank"": ""1등"", ""winners"": 3, ""prize_amount"": 3186530000}, {""rank"": ""2등"", ""winners"": 27, ""prize_amount"": 59009815}, {""rank"": ""3등"", ""winners"": 1089, ""prize_amount"": 1463054}, {""rank"": ""4등"", ""winners"": 55643, ""prize_amount"": 57268}, {""rank"": ""5등"", ""winners"": 922288, ""prize_amount"": 5000}]",2008-03-29
279,"[7, 16, 31, 36, 37, 38]",11,"[{""rank"": ""1등"", ""winners"": 5, ""prize_amount"": 1914205320}, {""rank"": ""2등"", ""winners"": 27, ""prize_amount"": 59080412}, {""rank"": ""3등"", ""winners"": 1088, ""prize_amount"": 1466150}, {""rank"": ""4등"", ""winners"": 55421, ""prize_amount"": 57566}, {""rank"": ""5등"", ""winners"": 922712, ""prize_amount"": 5000}]",2008-04-05
280,"[10, 11, 23, 24, 36, 37]",35,"[{""rank"": ""1등"", ""winners"": 7, ""prize_amount"": 1355258529}, {""rank"": ""2등"", ""winners"": 27, ""prize_amount"": 58560554}, {""rank"": ""3등"", ""winners"": 1145, ""prize_amount"": 1380904}, {""rank"": ""4등"", ""winners"": 53915, ""prize_amount"": 58653}, {""rank"": ""5등"", ""winners"": 905130, ""prize_amount"": 5000}]",2008-04-12
281,"[1, 3, 4, 6, 14, 41]",12,"[{""rank"": ""1등"", ""winners"": 6, ""prize_amount"": 1554683200}, {""rank"": ""2등"", ""winners"": 37, ""prize_amount"": 42018465}, {""rank"": ""3등"", ""winners"": 1491, ""prize_amount"": 1042712}, {""rank"": ""4등"", ""winners"": 74543, ""prize_amount"": 41713}, {""rank"": ""5등"", ""winners"": 970685, ""prize_amount"": 5000}]",2008-04-19
282,"[2, 5, 10, 18, 31, 32]",30,"[{""rank"": ""1등"", ""winners"": 7, ""prize_amount"": 1322052643}, {""rank"": ""2등"", ""winners"": 32, ""prize_amount"": 48199836}, {""rank"": ""3등"", ""winners"": 1523, ""prize_amount"": 1012735}, {""rank"": ""4등"", ""winners"": 66297, ""prize_amount"": 46530}, {""rank"": ""5등"", ""winners"": 1020328, ""prize_amount"": 5000}]",2008-04-26
283,"[6, 8, 18, 31, 38, 45]",42,"[{""rank"": ""1등"", ""winners"": 3, ""prize_amount"": 3137224600}, {""rank"": ""2등"", ""winners"": 24, ""prize_amount"": 65358846}, {""rank"": ""3등"", ""winners"": 1061, ""prize_amount"": 1478429}, {""rank"": ""4등"", ""winners"": 52989, ""prize_amount"": 59206}, {""rank"": ""5등"", ""winners"": 876107, ""prize_amount"": 5000}]",2008-05-03
284,"[2, 7, 15, 24, 30, 45]",28,"[{""rank"": ""1등"", ""winners"": 3, ""prize_amount"": 3117640300}, {""rank"": ""2등"", ""winners"": 14, ""prize_amount"": 111344297}, {""rank"": ""3등"", ""winners"": 955, ""prize_amount"": 1632273}, {""rank"": ""4등"", ""winners"": 50537, ""prize_amount"": 61691}, {""rank"": ""5등"", ""winners"": 859700, ""prize_amount"": 5000}]",2008-05-10
285,"[13, 33, 37, 40, 41, 45]",2,"[{""rank"": ""1등"", ""winners"": 3, ""prize_amount"": 3164370100}, {""rank"": ""2등"", ""winners"": 26, ""prize_amount"": 60853272}, {""rank"": ""3등"", ""winners"": 1017, ""prize_amount"": 1555738}, {""rank"": ""4등"", ""winners"": 51283, ""prize_amount"": 61705}, {""rank"": ""5등"", ""winners"": 872117, ""prize_amount"": 5000}]",2008-05-17
286,"[1, 15, 19, 40, 42, 44]",17,"[{""rank"": ""1등"", ""winners"": 3, ""prize_amount"": 3236566300}, {""rank"": ""2등"", ""winners"": 27, ""prize_amount"": 59936413}, {""rank"": ""3등"", ""winners"": 1033, ""prize_amount"": 1566586}, {""rank"": ""4등"", ""winners"": 48857, ""prize_amount"": 66246}, {""rank"": ""5등"", ""winners"": 857882, ""prize_amount"": 5000}]",2008-05-24
287,"[6, 12, 24, 27, 35, 37]",41,"[{""rank"": ""1등"", ""winners"": 7, ""prize_amount"": 1328657100}, {""rank"": ""2등"", ""winners"": 37, ""prize_amount"": 41894594}, {""rank"": ""3등"", ""winners"": 1330, ""prize_amount"": 1165489}, {""rank"": ""4등"", ""winners"": 60597, ""prize_amount"": 51161}, {""rank"": ""5등"", ""winners"": 962149, ""prize_amount"": 5000}]",2008-05-31
288,"[1, 12, 17, 28, 35, 41]",10,"[{""rank"": ""1등"", ""winners"": 4, ""prize_amount"": 2357261550}, {""rank"": ""2등"", ""winners"": 24, ""prize_amount"": 65479488}, {""rank"": ""3등"", ""winners"": 1056, ""prize_amount"": 1488171}, {""rank"": ""4등"", ""winners"": 50246, ""prize_amount"": 62553}, {""rank"": ""5등"", ""winners"": 853998, ""prize_amount"": 5000}]",2008-06-07
289,"[3, 14, 33, 37, 38, 42]",10,"[{""rank"": ""1등"", ""winners"": 0, ""prize_amount"": 0}, {""rank"": ""2등"", ""winners"": 24, ""prize_amount"": 63761694}, {""rank"": ""3등"", ""winners"": 1019, ""prize_amount"": 1501748}, {""rank"": ""4등"", ""winners"": 52281, ""prize_amount"": 58541}, {""rank"": ""5등"", ""winners"": 880103, ""prize_amount"": 5000}]",2008-06-14
290,"[8, 13, 18, 32, 39, 45]",7,"[{""rank"": ""1등"", ""winners"": 13, ""prize_amount"": 2149214424}, {""rank"": ""2등"", ""winners"": 61, ""prize_amount"": 51251650}, {""rank"": ""3등"", ""winners"": 2297, ""prize_amount"": 1361059}, {""rank"": ""4등"", ""winners"": 106752, ""prize_amount"": 58573}, {""rank"": ""5등"", ""winners"": 1783529, ""prize_amount"": 5000}]",2008-06-21
291,"[3, 7, 8, 18, 20, 42]",45,"[{""rank"": ""1등"", ""winners"": 7, ""prize_amount"": 1450585200}, {""rank"": ""2등"", ""winners"": 39, ""prize_amount"": 43393575}, {""rank"": ""3등"", ""winners"": 1227, ""prize_amount"": 1379258}, {""rank"": ""4등"", ""winners"": 62513, ""prize_amount"": 54144}, {""rank"": ""5등"", ""winners"": 1029643, ""prize_amount"": 5000}]",2008-06-28
292,"[17, 18, 31, 32, 33, 34]",10,"[{""rank"": ""1등"", ""winners"": 14, ""prize_amount"": 720373950}, {""rank"": ""2등"", ""winners"": 37, ""prize_amount"": 45428988}, {""rank"": ""3등"", ""winners"": 1688, ""prize_amount"": 995778}, {""rank"": ""4등"", ""winners"": 66893, ""prize_amount"": 50256}, {""rank"": ""5등"", ""winners"": 977718, ""prize_amount"": 5000}]",2008-07-05
293,"[1, 9, 17, 21, 29, 33]",24,"[{""rank"": ""1등"", ""winners"": 6, ""prize_amount"": 1656764400}, {""rank"": ""2등"", ""winners"": 21, ""prize_amount"": 78893543}, {""rank"": ""3등"", ""winners"": 1154, ""prize_amount"": 1435672}, {""rank"": ""4등"", ""winners"": 61059, ""prize_amount"": 54268}, {""rank"": ""5등"", ""winners"": 926442, ""prize_amount"": 5000}]",2008-07-12
294,"[6, 10, 17, 30, 37, 38]",40,"[{""rank"": ""1등"", ""winners"": 4, ""prize_amount"": 2406504975}, {""rank"": ""2등"", ""winners"": 26, ""prize_amount"": 61705256}, {""rank"": ""3등"", ""winners"": 1137, ""prize_amount"": 1411027}, {""rank"": ""4등"", ""winners"": 56795, ""prize_amount"": 56496}, {""rank"": ""5등"", ""winners"": 947708, ""prize_amount"": 5000}]",2008-07-19
295,"[1, 4, 12, 16, 18, 38]",8,"[{""rank"": ""1등"", ""winners"": 0, ""prize_amount"": 0}, {""rank"": ""2등"", ""winners"": 26, ""prize_amount"": 62969875}, {""rank"": ""3등"", ""winners"": 1013, ""prize_amount"": 1616207}, {""rank"": ""4등"", ""winners"": 55376, ""prize_amount"": 59131}, {""rank"": ""5등"", ""winners"": 950380, ""prize_amount"": 5000}]",2008-07-26
296,"[3, 8, 15, 27, 30, 45]",44,"[{""rank"": ""1등"", ""winners"": 8, ""prize_amount"": 3066088275}, {""rank"": ""2등"", ""winners"": 53, ""prize_amount"": 46243415}, {""rank"": ""3등"", ""winners"": 2066, ""prize_amount"": 1186303}, {""rank"": ""4등"", ""winners"": 89945, ""prize_amount"": 54498}, {""rank"": ""5등"", ""winners"": 1435988, ""prize_amount"": 5000}]",2008-08-02
297,"[6, 11, 19, 20, 28, 32]",34,"[{""rank"": ""1등"", ""winners"": 2, ""prize_amount"": 5056668750}, {""rank"": ""2등"", ""winners"": 28, ""prize_amount"": 60198438}, {""rank"": ""3등"", ""winners"": 1275, ""prize_amount"": 1322005}, {""rank"": ""4등"", ""winners"": 61258, ""prize_amount"": 55032}, {""rank"": ""5등"", ""winners"": 993035, ""prize_amount"": 5000}]",2008-08-09
298,"[5, 9, 27, 29, 37, 40]",19,"[{""rank"": ""1등"", ""winners"": 1, ""prize_amount"": 9909778500}, {""rank"": ""2등"", ""winners"": 40, ""prize_amount"": 41290744}, {""rank"": ""3등"", ""winners"": 1353, ""prize_amount"": 1220717}, {""rank"": ""4등"", ""winners"": 63561, ""prize_amount"": 51970}, {""rank"": ""5등"", ""winners"": 1011908, ""prize_amount"": 5000}]",2008-08-16
299,"[1, 3, 20, 25, 36, 45]",24,"[{""rank"": ""1등"", ""winners"": 7, ""prize_amount"": 1483772529}, {""rank"": ""2등"", ""winners"": 29, ""prize_amount"": 59691999}, {""rank"": ""3등"", ""winners"": 1118, ""prize_amount"": 1548362}, {""rank"": ""4등"", ""winners"": 58114, ""prize_amount"": 59575}, {""rank"": ""5등"", ""winners"": 984255, ""prize_amount"": 5000}]",2008-08-23
300,"[7, 9, 10, 12, 26, 38]",39,"[{""rank"": ""1등"", ""winners"": 12, ""prize_amount"": 836092425}, {""rank"": ""2등"", ""winners"": 34, ""prize_amount"": 49181908}, {""rank"": ""3등"", ""winners"": 1416, ""prize_amount"": 1180922}, {""rank"": ""4등"", ""winners"": 70193, ""prize_amount"": 47646}, {""rank"": ""5등"", ""winners"": 1102135, ""prize_amount"": 5000}]",2008-08-30
301,"[7, 11, 13, 33, 37, 43]",26,"[{""rank"": ""1등"", ""winners"": 7, ""prize_amount"": 1447385015}, {""rank"": ""2등"", ""winners"": 47, ""prize_amount"": 35927997}, {""rank"": ""3등"", ""winners"": 1271, ""prize_amount"": 1328573}, {""rank"": ""4등"", ""winners"": 65756, ""prize_amount"": 51361}, {""rank"": ""5등"", ""winners"": 1060486, ""prize_amount"": 5000}]",2008-09-06
302,"[13, 19, 20, 32, 38, 42]",4,"[{""rank"": ""1등"", ""winners"": 2, ""prize_amount"": 5472167250}, {""rank"": ""2등"", ""winners"": 44, ""prize_amount"": 41455813}, {""rank"": ""3등"", ""winners"": 1134, ""prize_amount"": 1608515}, {""rank"": ""4등"", ""winners"": 59455, ""prize_amount"": 61360}, {""rank"": ""5등"", ""winners"": 990149, ""prize_amount"": 5000}]",2008-09-13
303,"[2, 14, 17, 30, 38, 45]",43,"[{""rank"": ""1등"", ""winners"": 6, ""prize_amount"": 1672749000}, {""rank"": ""2등"", ""winners"": 29, ""prize_amount"": 57681000}, {""rank"": ""3등"", ""winners"": 1158, ""prize_amount"": 1444516}, {""rank"": ""4등"", ""winners"": 56266, ""prize_amount"": 59459}, {""rank"": ""5등"", ""winners"": 938678, ""prize_amount"": 5000}]",2008-09-20
304,"[4, 10, 16, 26, 33, 41]",38,"[{""rank"": ""1등"", ""winners"": 6, ""prize_amount"": 1661646150}, {""rank"": ""2등"", ""winners"": 37, ""prize_amount"": 44909356}, {""rank"": ""3등"", ""winners"": 1426, ""prize_amount"": 1165250}, {""rank"": ""4등"", ""winners"": 62096, ""prize_amount"": 53519}, {""rank"": ""5등"", ""winners"": 992573, ""prize_amount"": 5000}]",2008-09-27
305,"[7, 8, 18, 21, 23, 39]",9,"[{""rank"": ""1등"", ""winners"": 5, ""prize_amount"": 2008210140}, {""rank"": ""2등"", ""winners"": 34, ""prize_amount"": 49220837}, {""rank"": ""3등"", ""winners"": 1377, ""prize_amount"": 1215330}, {""rank"": ""4등"", ""winners"": 66162, ""prize_amount"": 50589}, {""rank"": ""5등"", ""winners"": 1049049, ""prize_amount"": 5000}]",2008-10-04
306,"[4, 18, 23, 30, 34, 41]",19,"[{""rank"": ""1등"", ""winners"": 5, ""prize_amount"": 2102669520}, {""rank"": ""2등"", ""winners"": 23, ""prize_amount"": 76183679}, {""rank"": ""3등"", ""winners"": 1219, ""prize_amount"": 1437428}, {""rank"": ""4등"", ""winners"": 56687, ""prize_amount"": 61822}, {""rank"": ""5등"", ""winners"": 937697, ""prize_amount"": 5000}]",2008-10-11
307,"[5, 15, 21, 23, 25, 45]",12,"[{""rank"": ""1등"", ""winners"": 4, ""prize_amount"": 2587643250}, {""rank"": ""2등"", ""winners"": 28, ""prize_amount"": 61610554}, {""rank"": ""3등"", ""winners"": 1177, ""prize_amount"": 1465672}, {""rank"": ""4등"", ""winners"": 59400, ""prize_amount"": 58085}, {""rank"": ""5등"", ""winners"": 937908, ""prize_amount"": 5000}]",2008-10-18
308,"[14, 15, 17, 19, 37, 45]",40,"[{""rank"": ""1등"", ""winners"": 1, ""prize_amount"": 10232872800}, {""rank"": ""2등"", ""winners"": 27, ""prize_amount"": 63165882}, {""rank"": ""3등"", ""winners"": 978, ""prize_amount"": 1743844}, {""rank"": ""4등"", ""winners"": 53749, ""prize_amount"": 63461}, {""rank"": ""5등"", ""winners"": 922984, ""prize_amount"": 5000}]",2008-10-25
309,"[1, 2, 5, 11, 18, 36]",22,"[{""rank"": ""1등"", ""winners"": 11, ""prize_amount"": 901622946}, {""rank"": ""2등"", ""winners"": 25, ""prize_amount"": 66119016}, {""rank"": ""3등"", ""winners"": 1390, ""prize_amount"": 1189191}, {""rank"": ""4등"", ""winners"": 69125, ""prize_amount"": 47826}, {""rank"": ""5등"", ""winners"": 1109802, ""prize_amount"": 5000}]",2008-11-01
310,"[1, 5, 19, 28, 34, 41]",16,"[{""rank"": ""1등"", ""winners"": 8, ""prize_amount"": 1296713325}, {""rank"": ""2등"", ""winners"": 29, ""prize_amount"": 59619004}, {""rank"": ""3등"", ""winners"": 1086, ""prize_amount"": 1592036}, {""rank"": ""4등"", ""winners"": 53956, ""prize_amount"": 64088}, {""rank"": ""5등"", ""winners"": 913906, ""prize_amount"": 5000}]",2008-11-08
311,"[4, 12, 24, 27, 28, 32]",10,"[{""rank"": ""1등"", ""winners"": 8, ""prize_amount"": 1237691063}, {""rank"": ""2등"", ""winners"": 43, ""prize_amount"": 38378018}, {""rank"": ""3등"", ""winners"": 1363, ""prize_amount"": 1210752}, {""rank"": ""4등"", ""winners"": 64780, ""prize_amount"": 50950}, {""rank"": ""5등"", ""winners"": 1020412, ""prize_amount"": 5000}]",2008-11-15
312,"[2, 3, 5, 6, 12, 20]",25,"[{""rank"": ""1등"", ""winners"": 15, ""prize_amount"": 629017820}, {""rank"": ""2등"", ""winners"": 58, ""prize_amount"": 27112838}, {""rank"": ""3등"", ""winners"": 2064, ""prize_amount"": 761892}, {""rank"": ""4등"", ""winners"": 91934, ""prize_amount"": 34211}, {""rank"": ""5등"", ""winners"": 1080450, ""prize_amount"": 5000}]",2008-11-22
313,"[9, 17, 34, 35, 43, 45]",2,"[{""rank"": ""1등"", ""winners"": 6, ""prize_amount"": 1715422800}, {""rank"": ""2등"", ""winners"": 26, ""prize_amount"": 65977800}, {""rank"": ""3등"", ""winners"": 1120, ""prize_amount"": 1531628}, {""rank"": ""4등"", ""winners"": 55743, ""prize_amount"": 61548}, {""rank"": ""5등"", ""winners"": 936364, ""prize_amount"": 5000}]",2008-11-29
314,"[15, 17, 19, 34, 38, 41]",2,"[{""rank"": ""1등"", ""winners"": 6, ""prize_amount"": 1660512200}, {""rank"": ""2등"", ""winners"": 24, ""prize_amount"": 69188009}, {""rank"": ""3등"", ""winners"": 1067, ""prize_amount"": 1556244}, {""rank"": ""4등"", ""winners"": 54892, ""prize_amount"": 60502}, {""rank"": ""5등"", ""winners"": 911785, ""prize_amount"": 5000}]",2008-12-06
315,"[1, 13, 33, 35, 43, 45]",23,"[{""rank"": ""1등"", ""winners"": 8, ""prize_amount"": 1308728625}, {""rank"": ""2등"", ""winners"": 32, ""prize_amount"": 54530360}, {""rank"": ""3등"", ""winners"": 1063, ""prize_amount"": 1641554}, {""rank"": ""4등"", ""winners"": 56207, ""prize_amount"": 62091}, {""rank"": ""5등"", ""winners"": 943975, ""prize_amount"": 5000}]",2008-12-13
316,"[10, 11, 21, 27, 31, 39]",43,"[{""rank"": ""1등"", ""winners"": 6, ""prize_amount"": 1673586400}, {""rank"": ""2등"", ""winners"": 29, ""prize_amount"": 57709876}, {""rank"": ""3등"", ""winners"": 1398, ""prize_amount"": 1197130}, {""rank"": ""4등"", ""winners"": 68356, ""prize_amount"": 48967}, {""rank"": ""5등"", ""winners"": 1060204, ""prize_amount"": 5000}]",2008-12-20
317,"[3, 10, 11, 22, 36, 39]",8,"[{""rank"": ""1등"", ""winners"": 4, ""prize_amount"": 2576258550}, {""rank"": ""2등"", ""winners"": 25, ""prize_amount"": 68700228}, {""rank"": ""3등"", ""winners"": 1132, ""prize_amount"": 1517232}, {""rank"": ""4등"", ""winners"": 57565, ""prize_amount"": 59672}, {""rank"": ""5등"", ""winners"": 978500, ""prize_amount"": 5000}]",2008-12-27
318,"[2, 17, 19, 20, 34, 45]",21,"[{""rank"": ""1등"", ""winners"": 9, ""prize_amount"": 1207436600}, {""rank"": ""2등"", ""winners"": 28, ""prize_amount"": 64684104}, {""rank"": ""3등"", ""winners"": 1381, ""prize_amount"": 1311481}, {""rank"": ""4등"", ""winners"": 64077, ""prize_amount"": 56531}, {""rank"": ""5등"", ""winners"": 1044063, ""prize_amount"": 5000}]",2009-01-03
319,"[5, 8, 22, 28, 33, 42]",37,"[{""rank"": ""1등"", ""winners"": 5, ""prize_amount"": 2135659380}, {""rank"": ""2등"", ""winners"": 26, ""prize_amount"": 68450622}, {""rank"": ""3등"", ""winners"": 1151, ""prize_amount"": 1546235}, {""rank"": ""4등"", ""winners"": 59490, ""prize_amount"": 59833}, {""rank"": ""5등"", ""winners"": 984086, ""prize_amount"": 5000}]",2009-01-10
320,"[16, 19, 23, 25, 41, 45]",3,"[{""rank"": ""1등"", ""winners"": 2, ""prize_amount"": 5513067900}, {""rank"": ""2등"", ""winners"": 25, ""prize_amount"": 73507572}, {""rank"": ""3등"", ""winners"": 1081, ""prize_amount"": 1699991}, {""rank"": ""4등"", ""winners"": 57061, ""prize_amount"": 64412}, {""rank"": ""5등"", ""winners"": 990610, ""prize_amount"": 5000}]",2009-01-17
321,"[12, 18, 20, 21, 25, 34]",42,"[{""rank"": ""1등"", ""winners"": 6, ""prize_amount"": 1959136100}, {""rank"": ""2등"", ""winners"": 35, ""prize_amount"": 55975318}, {""rank"": ""3등"", ""winners"": 1276, ""prize_amount"": 1535374}, {""rank"": ""4등"", ""winners"": 68791, ""prize_amount"": 56960}, {""rank"": ""5등"", ""winners"": 1143526, ""prize_amount"": 5000}]",2009-01-24
322,"[9, 18, 29, 32, 38, 43]",20,"[{""rank"": ""1등"", ""winners"": 6, ""prize_amount"": 1904544700}, {""rank"": ""2등"", ""winners"": 29, ""prize_amount"": 65673956}, {""rank"": ""3등"", ""winners"": 1465, ""prize_amount"": 1300031}, {""rank"": ""4등"", ""winners"": 67829, ""prize_amount"": 56158}, {""rank"": ""5등"", ""winners"": 1085740, ""prize_amount"": 5000}]",2009-01-31
323,"[10, 14, 15, 32, 36, 42]",3,"[{""rank"": ""1등"", ""winners"": 8, ""prize_amount"": 1461025388}, {""rank"": ""2등"", ""winners"": 27, ""prize_amount"": 72149402}, {""rank"": ""3등"", ""winners"": 1175, ""prize_amount"": 1657902}, {""rank"": ""4등"", ""winners"": 60796, ""prize_amount"": 64085}, {""rank"": ""5등"", ""winners"": 1024880, ""prize_amount"": 5000}]",2009-02-07
324,"[2, 4, 21, 25, 33, 36]",17,"[{""rank"": ""1등"", ""winners"": 6, ""prize_amount"": 1865130350}, {""rank"": ""2등"", ""winners"": 40, ""prize_amount"": 46628259}, {""rank"": ""3등"", ""winners"": 1228, ""prize_amount"": 1518836}, {""rank"": ""4등"", ""winners"": 62473, ""prize_amount"": 59710}, {""rank"": ""5등"", ""winners"": 1068571, ""prize_amount"": 5000}]",2009-02-14
325,"[7, 17, 20, 32, 44, 45]",33,"[{""rank"": ""1등"", ""winners"": 6, ""prize_amount"": 1806122450}, {""rank"": ""2등"", ""winners"": 33, ""prize_amount"": 54730984}, {""rank"": ""3등"", ""winners"": 1258, ""prize_amount"": 1435710}, {""rank"": ""4등"", ""winners"": 62629, ""prize_amount"": 57677}, {""rank"": ""5등"", ""winners"": 1051453, ""prize_amount"": 5000}]",2009-02-21
326,"[16, 23, 25, 33, 36, 39]",40,"[{""rank"": ""1등"", ""winners"": 6, ""prize_amount"": 1832134550}, {""rank"": ""2등"", ""winners"": 31, ""prize_amount"": 59101115}, {""rank"": ""3등"", ""winners"": 1335, ""prize_amount"": 1372386}, {""rank"": ""4등"", ""winners"": 64087, ""prize_amount"": 57177}, {""rank"": ""5등"", ""winners"": 1058186, ""prize_amount"": 5000}]",2009-02-28
327,"[6, 12, 13, 17, 32, 44]",24,"[{""rank"": ""1등"", ""winners"": 12, ""prize_amount"": 882674750}, {""rank"": ""2등"", ""winners"": 39, ""prize_amount"": 45265372}, {""rank"": ""3등"", ""winners"": 1242, ""prize_amount"": 1421377}, {""rank"": ""4등"", ""winners"": 63599, ""prize_amount"": 55515}, {""rank"": ""5등"", ""winners"": 1048457, ""prize_amount"": 5000}]",2009-03-07
328,"[1, 6, 9, 16, 17, 28]",24,"[{""rank"": ""1등"", ""winners"": 6, ""prize_amount"": 1819795900}, {""rank"": ""2등"", ""winners"": 30, ""prize_amount"": 60659864}, {""rank"": ""3등"", ""winners"": 1380, ""prize_amount"": 1318693}, {""rank"": ""4등"", ""winners"": 66590, ""prize_amount"": 54657}, {""rank"": ""5등"", ""winners"": 1092107, ""prize_amount"": 5000}]",2009-03-14
329,"[9, 17, 19, 30, 35, 42]",4,"[{""rank"": ""1등"", ""winners"": 6, ""prize_amount"": 1830391200}, {""rank"": ""2등"", ""winners"": 33, ""prize_amount"": 55466400}, {""rank"": ""3등"", ""winners"": 1215, ""prize_amount"": 1506495}, {""rank"": ""4등"", ""winners"": 62711, ""prize_amount"": 58376}, {""rank"": ""5등"", ""winners"": 1059068, ""prize_amount"": 5000}]",2009-03-21
330,"[3, 4, 16, 17, 19, 20]",23,"[{""rank"": ""1등"", ""winners"": 9, ""prize_amount"": 1162280200}, {""rank"": ""2등"", ""winners"": 32, ""prize_amount"": 54481885}, {""rank"": ""3등"", ""winners"": 1431, ""prize_amount"": 1218324}, {""rank"": ""4등"", ""winners"": 69225, ""prize_amount"": 50370}, {""rank"": ""5등"", ""winners"": 1099109, ""prize_amount"": 5000}]",2009-03-28
331,"[4, 9, 14, 26, 31, 44]",39,"[{""rank"": ""1등"", ""winners"": 5, ""prize_amount"": 2165902620}, {""rank"": ""2등"", ""winners"": 45, ""prize_amount"": 40109308}, {""rank"": ""3등"", ""winners"": 1365, ""prize_amount"": 1322285}, {""rank"": ""4등"", ""winners"": 64617, ""prize_amount"": 55866}, {""rank"": ""5등"", ""winners"": 1054309, ""prize_amount"": 5000}]",2009-04-04
332,"[16, 17, 34, 36, 42, 45]",3,"[{""rank"": ""1등"", ""winners"": 8, ""prize_amount"": 1359448388}, {""rank"": ""2등"", ""winners"": 37, ""prize_amount"": 48989132}, {""rank"": ""3등"", ""winners"": 1098, ""prize_amount"": 1650818}, {""rank"": ""4등"", ""winners"": 59833, ""prize_amount"": 60589}, {""rank"": ""5등"", ""winners"": 979060, ""prize_amount"": 5000}]",2009-04-11
333,"[5, 14, 27, 30, 39, 43]",35,"[{""rank"": ""1등"", ""winners"": 7, ""prize_amount"": 1550987143}, {""rank"": ""2등"", ""winners"": 36, ""prize_amount"": 50263473}, {""rank"": ""3등"", ""winners"": 1365, ""prize_amount"": 1325631}, {""rank"": ""4등"", ""winners"": 59991, ""prize_amount"": 60326}, {""rank"": ""5등"", ""winners"": 982937, ""prize_amount"": 5000}]",2009-04-18
334,"[13, 15, 21, 29, 39, 43]",33,"[{""rank"": ""1등"", ""winners"": 7, ""prize_amount"": 1523002972}, {""rank"": ""2등"", ""winners"": 31, ""prize_amount"": 57317317}, {""rank"": ""3등"", ""winners"": 1055, ""prize_amount"": 1684206}, {""rank"": ""4등"", ""winners"": 52311, ""prize_amount"": 67934}, {""rank"": ""5등"", ""winners"": 890292, ""prize_amount"": 5000}]",2009-04-25
335,"[5, 9, 16, 23, 26, 45]",21,"[{""rank"": ""1등"", ""winners"": 5, ""prize_amount"": 2037492480}, {""rank"": ""2등"", ""winners"": 28, ""prize_amount"": 60639658}, {""rank"": ""3등"", ""winners"": 1222, ""prize_amount"": 1389453}, {""rank"": ""4등"", ""winners"": 60578, ""prize_amount"": 56057}, {""rank"": ""5등"", ""winners"": 1001927, ""prize_amount"": 5000}]",2009-05-02
336,"[3, 5, 20, 34, 35, 44]",16,"[{""rank"": ""1등"", ""winners"": 6, ""prize_amount"": 1685632650}, {""rank"": ""2등"", ""winners"": 30, ""prize_amount"": 56187755}, {""rank"": ""3등"", ""winners"": 989, ""prize_amount"": 1704381}, {""rank"": ""4등"", ""winners"": 54887, ""prize_amount"": 61422}, {""rank"": ""5등"", ""winners"": 935668, ""prize_amount"": 5000}]",2009-05-09
337,"[1, 5, 14, 18, 32, 37]",4,"[{""rank"": ""1등"", ""winners"": 8, ""prize_amount"": 1257500513}, {""rank"": ""2등"", ""winners"": 33, ""prize_amount"": 50808102}, {""rank"": ""3등"", ""winners"": 1194, ""prize_amount"": 1404245}, {""rank"": ""4등"", ""winners"": 59392, ""prize_amount"": 56462}, {""rank"": ""5등"", ""winners"": 989912, ""prize_amount"": 5000}]",2009-05-16
338,"[2, 13, 34, 38, 42, 45]",16,"[{""rank"": ""1등"", ""winners"": 3, ""prize_amount"": 3383431000}, {""rank"": ""2등"", ""winners"": 39, ""prize_amount"": 43377321}, {""rank"": ""3등"", ""winners"": 1123, ""prize_amount"": 1506426}, {""rank"": ""4등"", ""winners"": 54492, ""prize_amount"": 62091}, {""rank"": ""5등"", ""winners"": 930171, ""prize_amount"": 5000}]",2009-05-23
339,"[6, 8, 14, 21, 30, 37]",45,"[{""rank"": ""1등"", ""winners"": 9, ""prize_amount"": 1096778334}, {""rank"": ""2등"", ""winners"": 32, ""prize_amount"": 51411485}, {""rank"": ""3등"", ""winners"": 1107, ""prize_amount"": 1486150}, {""rank"": ""4등"", ""winners"": 54545, ""prize_amount"": 60324}, {""rank"": ""5등"", ""winners"": 913229, ""prize_amount"": 5000}]",2009-05-30
340,"[18, 24, 26, 29, 34, 38]",32,"[{""rank"": ""1등"", ""winners"": 7, ""prize_amount"": 1439393186}, {""rank"": ""2등"", ""winners"": 35, ""prize_amount"": 47979773}, {""rank"": ""3등"", ""winners"": 1125, ""prize_amount"": 1492705}, {""rank"": ""4등"", ""winners"": 56209, ""prize_amount"": 59752}, {""rank"": ""5등"", ""winners"": 930628, ""prize_amount"": 5000}]",2009-06-06
341,"[1, 8, 19, 34, 39, 43]",41,"[{""rank"": ""1등"", ""winners"": 7, ""prize_amount"": 1497207772}, {""rank"": ""2등"", ""winners"": 33, ""prize_amount"": 52931588}, {""rank"": ""3등"", ""winners"": 1235, ""prize_amount"": 1414367}, {""rank"": ""4등"", ""winners"": 58756, ""prize_amount"": 59458}, {""rank"": ""5등"", ""winners"": 978760, ""prize_amount"": 5000}]",2009-06-13
342,"[1, 13, 14, 33, 34, 43]",25,"[{""rank"": ""1등"", ""winners"": 3, ""prize_amount"": 3454095800}, {""rank"": ""2등"", ""winners"": 29, ""prize_amount"": 59553376}, {""rank"": ""3등"", ""winners"": 1177, ""prize_amount"": 1467331}, {""rank"": ""4등"", ""winners"": 56149, ""prize_amount"": 61517}, {""rank"": ""5등"", ""winners"": 924123, ""prize_amount"": 5000}]",2009-06-20
343,"[1, 10, 17, 29, 31, 43]",15,"[{""rank"": ""1등"", ""winners"": 6, ""prize_amount"": 1717153000}, {""rank"": ""2등"", ""winners"": 29, ""prize_amount"": 59212173}, {""rank"": ""3등"", ""winners"": 1096, ""prize_amount"": 1566746}, {""rank"": ""4등"", ""winners"": 53794, ""prize_amount"": 63842}, {""rank"": ""5등"", ""winners"": 931340, ""prize_amount"": 5000}]",2009-06-27
344,"[1, 2, 15, 28, 34, 45]",38,"[{""rank"": ""1등"", ""winners"": 7, ""prize_amount"": 1467106543}, {""rank"": ""2등"", ""winners"": 23, ""prize_amount"": 74418448}, {""rank"": ""3등"", ""winners"": 1106, ""prize_amount"": 1547581}, {""rank"": ""4등"", ""winners"": 56496, ""prize_amount"": 60593}, {""rank"": ""5등"", ""winners"": 960640, ""prize_amount"": 5000}]",2009-07-04
345,"[15, 20, 23, 29, 39, 42]",2,"[{""rank"": ""1등"", ""winners"": 2, ""prize_amount"": 5203577550}, {""rank"": ""2등"", ""winners"": 38, ""prize_amount"": 45645418}, {""rank"": ""3등"", ""winners"": 1028, ""prize_amount"": 1687282}, {""rank"": ""4등"", ""winners"": 50722, ""prize_amount"": 68394}, {""rank"": ""5등"", ""winners"": 884042, ""prize_amount"": 5000}]",2009-07-11
346,"[5, 13, 14, 22, 44, 45]",33,"[{""rank"": ""1등"", ""winners"": 5, ""prize_amount"": 2017727340}, {""rank"": ""2등"", ""winners"": 26, ""prize_amount"": 64670749}, {""rank"": ""3등"", ""winners"": 1146, ""prize_amount"": 1467225}, {""rank"": ""4등"", ""winners"": 54509, ""prize_amount"": 61695}, {""rank"": ""5등"", ""winners"": 923360, ""prize_amount"": 5000}]",2009-07-18
347,"[3, 8, 13, 27, 32, 42]",10,"[{""rank"": ""1등"", ""winners"": 7, ""prize_amount"": 1456624286}, {""rank"": ""2등"", ""winners"": 38, ""prize_amount"": 44720922}, {""rank"": ""3등"", ""winners"": 1399, ""prize_amount"": 1214722}, {""rank"": ""4등"", ""winners"": 63761, ""prize_amount"": 53306}, {""rank"": ""5등"", ""winners"": 1023184, ""prize_amount"": 5000}]",2009-07-25
348,"[3, 14, 17, 20, 24, 31]",34,"[{""rank"": ""1등"", ""winners"": 3, ""prize_amount"": 3299994000}, {""rank"": ""2등"", ""winners"": 37, ""prize_amount"": 44594514}, {""rank"": ""3등"", ""winners"": 1222, ""prize_amount"": 1350244}, {""rank"": ""4등"", ""winners"": 65694, ""prize_amount"": 50233}, {""rank"": ""5등"", ""winners"": 978637, ""prize_amount"": 5000}]",2009-08-01
349,"[5, 13, 14, 20, 24, 25]",36,"[{""rank"": ""1등"", ""winners"": 3, ""prize_amount"": 3353209000}, {""rank"": ""2등"", ""winners"": 37, ""prize_amount"": 45313636}, {""rank"": ""3등"", ""winners"": 1168, ""prize_amount"": 1435450}, {""rank"": ""4등"", ""winners"": 59338, ""prize_amount"": 56511}, {""rank"": ""5등"", ""winners"": 990178, ""prize_amount"": 5000}]",2009-08-08
350,"[1, 8, 18, 24, 29, 33]",35,"[{""rank"": ""1등"", ""winners"": 9, ""prize_amount"": 1101052467}, {""rank"": ""2등"", ""winners"": 23, ""prize_amount"": 71807770}, {""rank"": ""3등"", ""winners"": 1197, ""prize_amount"": 1379765}, {""rank"": ""4등"", ""winners"": 57420, ""prize_amount"": 57527}, {""rank"": ""5등"", ""winners"": 964952, ""prize_amount"": 5000}]",2009-08-15
351,"[5, 25, 27, 29, 34, 36]",33,"[{""rank"": ""1등"", ""winners"": 4, ""prize_amount"": 2583357150}, {""rank"": ""2등"", ""winners"": 29, ""prize_amount"": 59387521}, {""rank"": ""3등"", ""winners"": 1137, ""prize_amount"": 1514722}, {""rank"": ""4등"", ""winners"": 55472, ""prize_amount"": 62094}, {""rank"": ""5등"", ""winners"": 950273, ""prize_amount"": 5000}]",2009-08-22
352,"[5, 16, 17, 20, 26, 41]",24,"[{""rank"": ""1등"", ""winners"": 6, ""prize_amount"": 1732858250}, {""rank"": ""2등"", ""winners"": 29, ""prize_amount"": 59753733}, {""rank"": ""3등"", ""winners"": 1166, ""prize_amount"": 1486157}, {""rank"": ""4등"", ""winners"": 58931, ""prize_amount"": 58810}, {""rank"": ""5등"", ""winners"": 1006238, ""prize_amount"": 5000}]",2009-08-29
353,"[11, 16, 19, 22, 29, 36]",26,"[{""rank"": ""1등"", ""winners"": 2, ""prize_amount"": 5290838250}, {""rank"": ""2등"", ""winners"": 29, ""prize_amount"": 60814233}, {""rank"": ""3등"", ""winners"": 1042, ""prize_amount"": 1692527}, {""rank"": ""4등"", ""winners"": 54217, ""prize_amount"": 65058}, {""rank"": ""5등"", ""winners"": 928067, ""prize_amount"": 5000}]",2009-09-05
354,"[14, 19, 36, 43, 44, 45]",1,"[{""rank"": ""1등"", ""winners"": 5, ""prize_amount"": 2124464340}, {""rank"": ""2등"", ""winners"": 34, ""prize_amount"": 52070205}, {""rank"": ""3등"", ""winners"": 1014, ""prize_amount"": 1745944}, {""rank"": ""4등"", ""winners"": 54318, ""prize_amount"": 65187}, {""rank"": ""5등"", ""winners"": 930195, ""prize_amount"": 5000}]",2009-09-12
355,"[5, 8, 29, 30, 35, 44]",38,"[{""rank"": ""1등"", ""winners"": 5, ""prize_amount"": 2145424800}, {""rank"": ""2등"", ""winners"": 24, ""prize_amount"": 74493917}, {""rank"": ""3등"", ""winners"": 1094, ""prize_amount"": 1634236}, {""rank"": ""4등"", ""winners"": 54130, ""prize_amount"": 66058}, {""rank"": ""5등"", ""winners"": 925997, ""prize_amount"": 5000}]",2009-09-19
356,"[2, 8, 14, 25, 29, 45]",24,"[{""rank"": ""1등"", ""winners"": 9, ""prize_amount"": 1157185267}, {""rank"": ""2등"", ""winners"": 37, ""prize_amount"": 46912917}, {""rank"": ""3등"", ""winners"": 1263, ""prize_amount"": 1374330}, {""rank"": ""4등"", ""winners"": 61162, ""prize_amount"": 56761}, {""rank"": ""5등"", ""winners"": 996940, ""prize_amount"": 5000}]",2009-09-26
357,"[10, 14, 18, 21, 36, 37]",5,"[{""rank"": ""1등"", ""winners"": 2, ""prize_amount"": 5313394350}, {""rank"": ""2등"", ""winners"": 27, ""prize_amount"": 65597462}, {""rank"": ""3등"", ""winners"": 1116, ""prize_amount"": 1587036}, {""rank"": ""4등"", ""winners"": 56547, ""prize_amount"": 62643}, {""rank"": ""5등"", ""winners"": 980978, ""prize_amount"": 5000}]",2009-10-03
358,"[1, 9, 10, 12, 21, 40]",37,"[{""rank"": ""1등"", ""winners"": 3, ""prize_amount"": 3472654900}, {""rank"": ""2등"", ""winners"": 44, ""prize_amount"": 39461988}, {""rank"": ""3등"", ""winners"": 1382, ""prize_amount"": 1256388}, {""rank"": ""4등"", ""winners"": 68247, ""prize_amount"": 50884}, {""rank"": ""5등"", ""winners"": 1092528, ""prize_amount"": 5000}]",2009-10-10
359,"[1, 10, 19, 20, 24, 40]",23,"[{""rank"": ""1등"", ""winners"": 8, ""prize_amount"": 1286712600}, {""rank"": ""2등"", ""winners"": 37, ""prize_amount"": 46368022}, {""rank"": ""3등"", ""winners"": 1656, ""prize_amount"": 1036001}, {""rank"": ""4등"", ""winners"": 73283, ""prize_amount"": 46822}, {""rank"": ""5등"", ""winners"": 1097592, ""prize_amount"": 5000}]",2009-10-17
360,"[4, 16, 23, 25, 35, 40]",27,"[{""rank"": ""1등"", ""winners"": 3, ""prize_amount"": 3566716200}, {""rank"": ""2등"", ""winners"": 33, ""prize_amount"": 54041155}, {""rank"": ""3등"", ""winners"": 1208, ""prize_amount"": 1476290}, {""rank"": ""4등"", ""winners"": 60311, ""prize_amount"": 59139}, {""rank"": ""5등"", ""winners"": 1005187, ""prize_amount"": 5000}]",2009-10-24
361,"[5, 10, 16, 24, 27, 35]",33,"[{""rank"": ""1등"", ""winners"": 7, ""prize_amount"": 1473115115}, {""rank"": ""2등"", ""winners"": 34, ""prize_amount"": 50548068}, {""rank"": ""3등"", ""winners"": 1463, ""prize_amount"": 1174733}, {""rank"": ""4등"", ""winners"": 67347, ""prize_amount"": 51039}, {""rank"": ""5등"", ""winners"": 1068999, ""prize_amount"": 5000}]",2009-10-31
362,"[2, 3, 22, 27, 30, 40]",29,"[{""rank"": ""1등"", ""winners"": 6, ""prize_amount"": 1729424650}, {""rank"": ""2등"", ""winners"": 26, ""prize_amount"": 66516333}, {""rank"": ""3등"", ""winners"": 1173, ""prize_amount"": 1474361}, {""rank"": ""4등"", ""winners"": 56798, ""prize_amount"": 60898}, {""rank"": ""5등"", ""winners"": 974787, ""prize_amount"": 5000}]",2009-11-07
363,"[11, 12, 14, 21, 32, 38]",6,"[{""rank"": ""1등"", ""winners"": 4, ""prize_amount"": 2615910600}, {""rank"": ""2등"", ""winners"": 33, ""prize_amount"": 52846679}, {""rank"": ""3등"", ""winners"": 1216, ""prize_amount"": 1434162}, {""rank"": ""4등"", ""winners"": 59672, ""prize_amount"": 58451}, {""rank"": ""5등"", ""winners"": 998514, ""prize_amount"": 5000}]",2009-11-14
364,"[2, 5, 7, 14, 16, 40]",4,"[{""rank"": ""1등"", ""winners"": 4, ""prize_amount"": 2531914800}, {""rank"": ""2등"", ""winners"": 37, ""prize_amount"": 45620087}, {""rank"": ""3등"", ""winners"": 1259, ""prize_amount"": 1340702}, {""rank"": ""4등"", ""winners"": 63195, ""prize_amount"": 53421}, {""rank"": ""5등"", ""winners"": 1043314, ""prize_amount"": 5000}]",2009-11-21
365,"[5, 15, 21, 25, 26, 30]",31,"[{""rank"": ""1등"", ""winners"": 1, ""prize_amount"": 10697716800}, {""rank"": ""2등"", ""winners"": 35, ""prize_amount"": 50941509}, {""rank"": ""3등"", ""winners"": 1181, ""prize_amount"": 1509698}, {""rank"": ""4등"", ""winners"": 62472, ""prize_amount"": 57081}, {""rank"": ""5등"", ""winners"": 1014701, ""prize_amount"": 5000}]",2009-11-28
366,"[5, 12, 19, 26, 27, 44]",38,"[{""rank"": ""1등"", ""winners"": 2, ""prize_amount"": 5351553900}, {""rank"": ""2등"", ""winners"": 39, ""prize_amount"": 45739777}, {""rank"": ""3등"", ""winners"": 1617, ""prize_amount"": 1103186}, {""rank"": ""4등"", ""winners"": 71467, ""prize_amount"": 49921}, {""rank"": ""5등"", ""winners"": 1028514, ""prize_amount"": 5000}]",2009-12-05
367,"[3, 22, 25, 29, 32, 44]",19,"[{""rank"": ""1등"", ""winners"": 7, ""prize_amount"": 1581736586}, {""rank"": ""2등"", ""winners"": 37, ""prize_amount"": 49874578}, {""rank"": ""3등"", ""winners"": 1049, ""prize_amount"": 1759161}, {""rank"": ""4등"", ""winners"": 55158, ""prize_amount"": 66912}, {""rank"": ""5등"", ""winners"": 955212, ""prize_amount"": 5000}]",2009-12-12
368,"[11, 21, 24, 30, 39, 45]",26,"[{""rank"": ""1등"", ""winners"": 7, ""prize_amount"": 1465825115}, {""rank"": ""2등"", ""winners"": 38, ""prize_amount"": 45003403}, {""rank"": ""3등"", ""winners"": 1195, ""prize_amount"": 1431071}, {""rank"": ""4등"", ""winners"": 57581, ""prize_amount"": 59400}, {""rank"": ""5등"", ""winners"": 954346, ""prize_amount"": 5000}]",2009-12-19
369,"[17, 20, 35, 36, 41, 43]",21,"[{""rank"": ""1등"", ""winners"": 6, ""prize_amount"": 1842177750}, {""rank"": ""2등"", ""winners"": 31, ""prize_amount"": 59425089}, {""rank"": ""3등"", ""winners"": 1157, ""prize_amount"": 1592203}, {""rank"": ""4등"", ""winners"": 59383, ""prize_amount"": 62044}, {""rank"": ""5등"", ""winners"": 987272, ""prize_amount"": 5000}]",2009-12-26
370,"[16, 18, 24, 42, 44, 45]",17,"[{""rank"": ""1등"", ""winners"": 7, ""prize_amount"": 1678941943}, {""rank"": ""2등"", ""winners"": 32, ""prize_amount"": 61211425}, {""rank"": ""3등"", ""winners"": 1168, ""prize_amount"": 1677026}, {""rank"": ""4등"", ""winners"": 60549, ""prize_amount"": 64701}, {""rank"": ""5등"", ""winners"": 1058734, ""prize_amount"": 5000}]",2010-01-02
371,"[7, 9, 15, 26, 27, 42]",18,"[{""rank"": ""1등"", ""winners"": 7, ""prize_amount"": 1524130543}, {""rank"": ""2등"", ""winners"": 29, ""prize_amount"": 61315597}, {""rank"": ""3등"", ""winners"": 1201, ""prize_amount"": 1480560}, {""rank"": ""4등"", ""winners"": 62102, ""prize_amount"": 57266}, {""rank"": ""5등"", ""winners"": 1028012, ""prize_amount"": 5000}]",2010-01-09
372,"[8, 11, 14, 16, 18, 21]",13,"[{""rank"": ""1등"", ""winners"": 9, ""prize_amount"": 1192593200}, {""rank"": ""2등"", ""winners"": 37, ""prize_amount"": 48348373}, {""rank"": ""3등"", ""winners"": 1368, ""prize_amount"": 1307668}, {""rank"": ""4등"", ""winners"": 62564, ""prize_amount"": 57186}, {""rank"": ""5등"", ""winners"": 1038927, ""prize_amount"": 5000}]",2010-01-16
373,"[15, 26, 37, 42, 43, 45]",9,"[{""rank"": ""1등"", ""winners"": 4, ""prize_amount"": 2791801125}, {""rank"": ""2등"", ""winners"": 29, ""prize_amount"": 64179337}, {""rank"": ""3등"", ""winners"": 1117, ""prize_amount"": 1666250}, {""rank"": ""4등"", ""winners"": 57659, ""prize_amount"": 64559}, {""rank"": ""5등"", ""winners"": 987105, ""prize_amount"": 5000}]",2010-01-23
374,"[11, 13, 15, 17, 25, 34]",26,"[{""rank"": ""1등"", ""winners"": 2, ""prize_amount"": 5528717850}, {""rank"": ""2등"", ""winners"": 27, ""prize_amount"": 68255776}, {""rank"": ""3등"", ""winners"": 1398, ""prize_amount"": 1318245}, {""rank"": ""4등"", ""winners"": 69786, ""prize_amount"": 52816}, {""rank"": ""5등"", ""winners"": 1122320, ""prize_amount"": 5000}]",2010-01-30
375,"[4, 8, 19, 25, 27, 45]",7,"[{""rank"": ""1등"", ""winners"": 7, ""prize_amount"": 1581284058}, {""rank"": ""2등"", ""winners"": 42, ""prize_amount"": 43924558}, {""rank"": ""3등"", ""winners"": 1279, ""prize_amount"": 1442402}, {""rank"": ""4등"", ""winners"": 64951, ""prize_amount"": 56807}, {""rank"": ""5등"", ""winners"": 1096831, ""prize_amount"": 5000}]",2010-02-06
376,"[1, 11, 13, 24, 28, 40]",7,"[{""rank"": ""1등"", ""winners"": 6, ""prize_amount"": 1956915800}, {""rank"": ""2등"", ""winners"": 51, ""prize_amount"": 38370899}, {""rank"": ""3등"", ""winners"": 1411, ""prize_amount"": 1386900}, {""rank"": ""4등"", ""winners"": 69450, ""prize_amount"": 56355}, {""rank"": ""5등"", ""winners"": 1151878, ""prize_amount"": 5000}]",2010-02-13
377,"[6, 22, 29, 37, 43, 45]",23,"[{""rank"": ""1등"", ""winners"": 3, ""prize_amount"": 3912085400}, {""rank"": ""2등"", ""winners"": 22, ""prize_amount"": 88911032}, {""rank"": ""3등"", ""winners"": 1198, ""prize_amount"": 1632757}, {""rank"": ""4등"", ""winners"": 58733, ""prize_amount"": 66608}, {""rank"": ""5등"", ""winners"": 1009758, ""prize_amount"": 5000}]",2010-02-20
378,"[5, 22, 29, 31, 34, 39]",43,"[{""rank"": ""1등"", ""winners"": 5, ""prize_amount"": 2317698240}, {""rank"": ""2등"", ""winners"": 30, ""prize_amount"": 64380507}, {""rank"": ""3등"", ""winners"": 1124, ""prize_amount"": 1718341}, {""rank"": ""4등"", ""winners"": 59742, ""prize_amount"": 64659}, {""rank"": ""5등"", ""winners"": 1023866, ""prize_amount"": 5000}]",2010-02-27
379,"[6, 10, 22, 31, 35, 40]",19,"[{""rank"": ""1등"", ""winners"": 7, ""prize_amount"": 1598999786}, {""rank"": ""2등"", ""winners"": 71, ""prize_amount"": 26274645}, {""rank"": ""3등"", ""winners"": 1342, ""prize_amount"": 1390090}, {""rank"": ""4등"", ""winners"": 62084, ""prize_amount"": 60096}, {""rank"": ""5등"", ""winners"": 1022769, ""prize_amount"": 5000}]",2010-03-06
380,"[1, 2, 8, 17, 26, 37]",27,"[{""rank"": ""1등"", ""winners"": 4, ""prize_amount"": 2684274825}, {""rank"": ""2등"", ""winners"": 42, ""prize_amount"": 42607537}, {""rank"": ""3등"", ""winners"": 1464, ""prize_amount"": 1222348}, {""rank"": ""4등"", ""winners"": 77583, ""prize_amount"": 46132}, {""rank"": ""5등"", ""winners"": 1137404, ""prize_amount"": 5000}]",2010-03-13
381,"[1, 5, 10, 12, 16, 20]",11,"[{""rank"": ""1등"", ""winners"": 19, ""prize_amount"": 565738895}, {""rank"": ""2등"", ""winners"": 62, ""prize_amount"": 28895267}, {""rank"": ""3등"", ""winners"": 1981, ""prize_amount"": 904345}, {""rank"": ""4등"", ""winners"": 82120, ""prize_amount"": 43632}, {""rank"": ""5등"", ""winners"": 1211298, ""prize_amount"": 5000}]",2010-03-20
382,"[10, 15, 22, 24, 27, 42]",19,"[{""rank"": ""1등"", ""winners"": 6, ""prize_amount"": 1846674900}, {""rank"": ""2등"", ""winners"": 32, ""prize_amount"": 57708591}, {""rank"": ""3등"", ""winners"": 1212, ""prize_amount"": 1523660}, {""rank"": ""4등"", ""winners"": 62267, ""prize_amount"": 59315}, {""rank"": ""5등"", ""winners"": 1046779, ""prize_amount"": 5000}]",2010-03-27
383,"[4, 15, 28, 33, 37, 40]",25,"[{""rank"": ""1등"", ""winners"": 3, ""prize_amount"": 3596522100}, {""rank"": ""2등"", ""winners"": 28, ""prize_amount"": 64223609}, {""rank"": ""3등"", ""winners"": 1251, ""prize_amount"": 1437459}, {""rank"": ""4등"", ""winners"": 60525, ""prize_amount"": 59423}, {""rank"": ""5등"", ""winners"": 1010183, ""prize_amount"": 5000}]",2010-04-03
384,"[11, 22, 24, 32, 36, 38]",7,"[{""rank"": ""1등"", ""winners"": 3, ""prize_amount"": 3658734200}, {""rank"": ""2등"", ""winners"": 41, ""prize_amount"": 44618710}, {""rank"": ""3등"", ""winners"": 1215, ""prize_amount"": 1505652}, {""rank"": ""4등"", ""winners"": 62090, ""prize_amount"": 58927}, {""rank"": ""5등"", ""winners"": 1030160, ""prize_amount"": 5000}]",2010-04-10
385,"[7, 12, 19, 21, 29, 32]",9,"[{""rank"": ""1등"", ""winners"": 7, ""prize_amount"": 1542032700}, {""rank"": ""2등"", ""winners"": 36, ""prize_amount"": 49973282}, {""rank"": ""3등"", ""winners"": 1235, ""prize_amount"": 1456712}, {""rank"": ""4등"", ""winners"": 62096, ""prize_amount"": 57944}, {""rank"": ""5등"", ""winners"": 1026272, ""prize_amount"": 5000}]",2010-04-17
386,"[4, 7, 10, 19, 31, 40]",26,"[{""rank"": ""1등"", ""winners"": 10, ""prize_amount"": 1042953330}, {""rank"": ""2등"", ""winners"": 59, ""prize_amount"": 29461959}, {""rank"": ""3등"", ""winners"": 1683, ""prize_amount"": 1032832}, {""rank"": ""4등"", ""winners"": 72203, ""prize_amount"": 48150}, {""rank"": ""5등"", ""winners"": 1114222, ""prize_amount"": 5000}]",2010-04-24
387,"[1, 26, 31, 34, 40, 43]",20,"[{""rank"": ""1등"", ""winners"": 4, ""prize_amount"": 2675533500}, {""rank"": ""2등"", ""winners"": 26, ""prize_amount"": 68603424}, {""rank"": ""3등"", ""winners"": 1177, ""prize_amount"": 1515454}, {""rank"": ""4등"", ""winners"": 58115, ""prize_amount"": 61385}, {""rank"": ""5등"", ""winners"": 978618, ""prize_amount"": 5000}]",2010-05-01
388,"[1, 8, 9, 17, 29, 32]",45,"[{""rank"": ""1등"", ""winners"": 4, ""prize_amount"": 2545543875}, {""rank"": ""2등"", ""winners"": 30, ""prize_amount"": 56567642}, {""rank"": ""3등"", ""winners"": 1269, ""prize_amount"": 1337297}, {""rank"": ""4등"", ""winners"": 61475, ""prize_amount"": 55211}, {""rank"": ""5등"", ""winners"": 1036812, ""prize_amount"": 5000}]",2010-05-08
389,"[7, 16, 18, 20, 23, 26]",3,"[{""rank"": ""1등"", ""winners"": 5, ""prize_amount"": 2119027020}, {""rank"": ""2등"", ""winners"": 36, ""prize_amount"": 49051552}, {""rank"": ""3등"", ""winners"": 1253, ""prize_amount"": 1409303}, {""rank"": ""4등"", ""winners"": 60800, ""prize_amount"": 58088}, {""rank"": ""5등"", ""winners"": 1021691, ""prize_amount"": 5000}]",2010-05-15
390,"[16, 17, 28, 37, 39, 40]",15,"[{""rank"": ""1등"", ""winners"": 1, ""prize_amount"": 10373997900}, {""rank"": ""2등"", ""winners"": 37, ""prize_amount"": 46729721}, {""rank"": ""3등"", ""winners"": 1087, ""prize_amount"": 1590617}, {""rank"": ""4등"", ""winners"": 55834, ""prize_amount"": 61934}, {""rank"": ""5등"", ""winners"": 960968, ""prize_amount"": 5000}]",2010-05-22
391,"[10, 11, 18, 22, 28, 39]",30,"[{""rank"": ""1등"", ""winners"": 1, ""prize_amount"": 10508749800}, {""rank"": ""2등"", ""winners"": 32, ""prize_amount"": 54733072}, {""rank"": ""3등"", ""winners"": 1337, ""prize_amount"": 1309992}, {""rank"": ""4등"", ""winners"": 60803, ""prize_amount"": 57611}, {""rank"": ""5등"", ""winners"": 1013235, ""prize_amount"": 5000}]",2010-05-29
392,"[1, 3, 7, 8, 24, 42]",43,"[{""rank"": ""1등"", ""winners"": 6, ""prize_amount"": 1713528700}, {""rank"": ""2등"", ""winners"": 30, ""prize_amount"": 57117624}, {""rank"": ""3등"", ""winners"": 1504, ""prize_amount"": 1139315}, {""rank"": ""4등"", ""winners"": 73927, ""prize_amount"": 46358}, {""rank"": ""5등"", ""winners"": 1125811, ""prize_amount"": 5000}]",2010-06-05
393,"[9, 16, 28, 40, 41, 43]",21,"[{""rank"": ""1등"", ""winners"": 8, ""prize_amount"": 1362003975}, {""rank"": ""2등"", ""winners"": 35, ""prize_amount"": 51885866}, {""rank"": ""3등"", ""winners"": 1072, ""prize_amount"": 1694035}, {""rank"": ""4등"", ""winners"": 55951, ""prize_amount"": 64915}, {""rank"": ""5등"", ""winners"": 966901, ""prize_amount"": 5000}]",2010-06-12
394,"[1, 13, 20, 22, 25, 28]",15,"[{""rank"": ""1등"", ""winners"": 1, ""prize_amount"": 10654349100}, {""rank"": ""2등"", ""winners"": 33, ""prize_amount"": 53809844}, {""rank"": ""3등"", ""winners"": 1204, ""prize_amount"": 1474855}, {""rank"": ""4등"", ""winners"": 56300, ""prize_amount"": 63081}, {""rank"": ""5등"", ""winners"": 967784, ""prize_amount"": 5000}]",2010-06-19
395,"[11, 15, 20, 26, 31, 35]",7,"[{""rank"": ""1등"", ""winners"": 7, ""prize_amount"": 1534635000}, {""rank"": ""2등"", ""winners"": 42, ""prize_amount"": 42628750}, {""rank"": ""3등"", ""winners"": 1420, ""prize_amount"": 1260851}, {""rank"": ""4등"", ""winners"": 64267, ""prize_amount"": 55718}, {""rank"": ""5등"", ""winners"": 1038443, ""prize_amount"": 5000}]",2010-06-26
396,"[18, 20, 31, 34, 40, 45]",30,"[{""rank"": ""1등"", ""winners"": 2, ""prize_amount"": 5296622400}, {""rank"": ""2등"", ""winners"": 34, ""prize_amount"": 51927671}, {""rank"": ""3등"", ""winners"": 1202, ""prize_amount"": 1468836}, {""rank"": ""4등"", ""winners"": 61586, ""prize_amount"": 57336}, {""rank"": ""5등"", ""winners"": 1015292, ""prize_amount"": 5000}]",2010-07-03
397,"[12, 13, 17, 22, 25, 33]",8,"[{""rank"": ""1등"", ""winners"": 3, ""prize_amount"": 3499519700}, {""rank"": ""2등"", ""winners"": 31, ""prize_amount"": 56443867}, {""rank"": ""3등"", ""winners"": 1366, ""prize_amount"": 1280937}, {""rank"": ""4등"", ""winners"": 66958, ""prize_amount"": 52265}, {""rank"": ""5등"", ""winners"": 1089481, ""prize_amount"": 5000}]",2010-07-10
398,"[10, 15, 20, 23, 42, 44]",7,"[{""rank"": ""1등"", ""winners"": 4, ""prize_amount"": 2680625550}, {""rank"": ""2등"", ""winners"": 31, ""prize_amount"": 57647862}, {""rank"": ""3등"", ""winners"": 1112, ""prize_amount"": 1607090}, {""rank"": ""4등"", ""winners"": 57405, ""prize_amount"": 62263}, {""rank"": ""5등"", ""winners"": 968563, ""prize_amount"": 5000}]",2010-07-17
399,"[1, 2, 9, 17, 19, 42]",20,"[{""rank"": ""1등"", ""winners"": 8, ""prize_amount"": 1276854975}, {""rank"": ""2등"", ""winners"": 40, ""prize_amount"": 42561833}, {""rank"": ""3등"", ""winners"": 1462, ""prize_amount"": 1164483}, {""rank"": ""4등"", ""winners"": 76998, ""prize_amount"": 44222}, {""rank"": ""5등"", ""winners"": 1150232, ""prize_amount"": 5000}]",2010-07-24
400,"[9, 21, 27, 34, 41, 43]",2,"[{""rank"": ""1등"", ""winners"": 4, ""prize_amount"": 2669834325}, {""rank"": ""2등"", ""winners"": 30, ""prize_amount"": 59329652}, {""rank"": ""3등"", ""winners"": 1254, ""prize_amount"": 1419370}, {""rank"": ""4등"", ""winners"": 59141, ""prize_amount"": 60192}, {""rank"": ""5등"", ""winners"": 978194, ""prize_amount"": 5000}]",2010-07-31
401,"[6, 12, 18, 31, 38, 43]",9,"[{""rank"": ""1등"", ""winners"": 9, ""prize_amount"": 1168214792}, {""rank"": ""2등"", ""winners"": 29, ""prize_amount"": 60424904}, {""rank"": ""3등"", ""winners"": 1355, ""prize_amount"": 1293227}, {""rank"": ""4등"", ""winners"": 59599, ""prize_amount"": 50000}, {""rank"": ""5등"", ""winners"": 949491, ""prize_amount"": 5000}]",2010-08-07
402,"[5, 9, 15, 19, 22, 36]",32,"[{""rank"": ""1등"", ""winners"": 4, ""prize_amount"": 2662206188}, {""rank"": ""2등"", ""winners"": 41, ""prize_amount"": 43287906}, {""rank"": ""3등"", ""winners"": 1271, ""prize_amount"": 1396385}, {""rank"": ""4등"", ""winners"": 62656, ""prize_amount"": 50000}, {""rank"": ""5등"", ""winners"": 1034048, ""prize_amount"": 5000}]",2010-08-14
403,"[10, 14, 22, 24, 28, 37]",26,"[{""rank"": ""1등"", ""winners"": 5, ""prize_amount"": 2122396875}, {""rank"": ""2등"", ""winners"": 43, ""prize_amount"": 41131723}, {""rank"": ""3등"", ""winners"": 1321, ""prize_amount"": 1338883}, {""rank"": ""4등"", ""winners"": 63122, ""prize_amount"": 50000}, {""rank"": ""5등"", ""winners"": 1030051, ""prize_amount"": 5000}]",2010-08-21
404,"[5, 20, 21, 24, 33, 40]",36,"[{""rank"": ""1등"", ""winners"": 3, ""prize_amount"": 3566659375}, {""rank"": ""2등"", ""winners"": 26, ""prize_amount"": 68589604}, {""rank"": ""3등"", ""winners"": 1273, ""prize_amount"": 1400888}, {""rank"": ""4등"", ""winners"": 63559, ""prize_amount"": 50000}, {""rank"": ""5등"", ""winners"": 1050065, ""prize_amount"": 5000}]",2010-08-28
405,"[1, 2, 10, 25, 26, 44]",4,"[{""rank"": ""1등"", ""winners"": 3, ""prize_amount"": 3543878000}, {""rank"": ""2등"", ""winners"": 35, ""prize_amount"": 50626829}, {""rank"": ""3등"", ""winners"": 1283, ""prize_amount"": 1381091}, {""rank"": ""4등"", ""winners"": 63080, ""prize_amount"": 50000}, {""rank"": ""5등"", ""winners"": 1056188, ""prize_amount"": 5000}]",2010-09-04
406,"[7, 12, 21, 24, 27, 36]",45,"[{""rank"": ""1등"", ""winners"": 5, ""prize_amount"": 2156142450}, {""rank"": ""2등"", ""winners"": 33, ""prize_amount"": 54448042}, {""rank"": ""3등"", ""winners"": 1442, ""prize_amount"": 1246038}, {""rank"": ""4등"", ""winners"": 66604, ""prize_amount"": 50000}, {""rank"": ""5등"", ""winners"": 1065324, ""prize_amount"": 5000}]",2010-09-11
407,"[6, 7, 13, 16, 24, 25]",1,"[{""rank"": ""1등"", ""winners"": 7, ""prize_amount"": 1649707286}, {""rank"": ""2등"", ""winners"": 27, ""prize_amount"": 71283649}, {""rank"": ""3등"", ""winners"": 1268, ""prize_amount"": 1517870}, {""rank"": ""4등"", ""winners"": 65481, ""prize_amount"": 50000}, {""rank"": ""5등"", ""winners"": 1108695, ""prize_amount"": 5000}]",2010-09-18
408,"[9, 20, 21, 22, 30, 37]",16,"[{""rank"": ""1등"", ""winners"": 5, ""prize_amount"": 2235375825}, {""rank"": ""2등"", ""winners"": 33, ""prize_amount"": 56448885}, {""rank"": ""3등"", ""winners"": 1244, ""prize_amount"": 1497439}, {""rank"": ""4등"", ""winners"": 62101, ""prize_amount"": 50000}, {""rank"": ""5등"", ""winners"": 1039160, ""prize_amount"": 5000}]",2010-09-25
409,"[6, 9, 21, 31, 32, 40]",38,"[{""rank"": ""1등"", ""winners"": 4, ""prize_amount"": 2896989750}, {""rank"": ""2등"", ""winners"": 36, ""prize_amount"": 53647959}, {""rank"": ""3등"", ""winners"": 1320, ""prize_amount"": 1463127}, {""rank"": ""4등"", ""winners"": 64123, ""prize_amount"": 50000}, {""rank"": ""5등"", ""winners"": 1061106, ""prize_amount"": 5000}]",2010-10-02
410,"[1, 3, 18, 32, 40, 41]",16,"[{""rank"": ""1등"", ""winners"": 9, ""prize_amount"": 1249335709}, {""rank"": ""2등"", ""winners"": 37, ""prize_amount"": 50648745}, {""rank"": ""3등"", ""winners"": 1303, ""prize_amount"": 1438223}, {""rank"": ""4등"", ""winners"": 65942, ""prize_amount"": 50000}, {""rank"": ""5등"", ""winners"": 1088956, ""prize_amount"": 5000}]",2010-10-09
411,"[11, 14, 22, 35, 37, 39]",5,"[{""rank"": ""1등"", ""winners"": 12, ""prize_amount"": 953227563}, {""rank"": ""2등"", ""winners"": 36, ""prize_amount"": 52957087}, {""rank"": ""3등"", ""winners"": 1318, ""prize_amount"": 1446476}, {""rank"": ""4등"", ""winners"": 63403, ""prize_amount"": 50000}, {""rank"": ""5등"", ""winners"": 1041554, ""prize_amount"": 5000}]",2010-10-16
412,"[4, 7, 39, 41, 42, 45]",40,"[{""rank"": ""1등"", ""winners"": 7, ""prize_amount"": 1656199822}, {""rank"": ""2등"", ""winners"": 34, ""prize_amount"": 56830387}, {""rank"": ""3등"", ""winners"": 1223, ""prize_amount"": 1579913}, {""rank"": ""4등"", ""winners"": 59882, ""prize_amount"": 50000}, {""rank"": ""5등"", ""winners"": 1016225, ""prize_amount"": 5000}]",2010-10-23
413,"[2, 9, 15, 23, 34, 40]",3,"[{""rank"": ""1등"", ""winners"": 4, ""prize_amount"": 2814673500}, {""rank"": ""2등"", ""winners"": 36, ""prize_amount"": 52123584}, {""rank"": ""3등"", ""winners"": 1256, ""prize_amount"": 1493989}, {""rank"": ""4등"", ""winners"": 62797, ""prize_amount"": 50000}, {""rank"": ""5등"", ""winners"": 1062284, ""prize_amount"": 5000}]",2010-10-30
414,"[2, 14, 15, 22, 23, 44]",43,"[{""rank"": ""1등"", ""winners"": 1, ""prize_amount"": 11703832500}, {""rank"": ""2등"", ""winners"": 35, ""prize_amount"": 55732536}, {""rank"": ""3등"", ""winners"": 1220, ""prize_amount"": 1598885}, {""rank"": ""4등"", ""winners"": 58726, ""prize_amount"": 50000}, {""rank"": ""5등"", ""winners"": 982817, ""prize_amount"": 5000}]",2010-11-06
415,"[7, 17, 20, 26, 30, 40]",24,"[{""rank"": ""1등"", ""winners"": 8, ""prize_amount"": 1334182407}, {""rank"": ""2등"", ""winners"": 35, ""prize_amount"": 50825997}, {""rank"": ""3등"", ""winners"": 1587, ""prize_amount"": 1120927}, {""rank"": ""4등"", ""winners"": 71409, ""prize_amount"": 50000}, {""rank"": ""5등"", ""winners"": 1114259, ""prize_amount"": 5000}]",2010-11-13
416,"[5, 6, 8, 11, 22, 26]",44,"[{""rank"": ""1등"", ""winners"": 10, ""prize_amount"": 1072037100}, {""rank"": ""2등"", ""winners"": 32, ""prize_amount"": 55835266}, {""rank"": ""3등"", ""winners"": 1501, ""prize_amount"": 1190359}, {""rank"": ""4등"", ""winners"": 70470, ""prize_amount"": 50000}, {""rank"": ""5등"", ""winners"": 1122015, ""prize_amount"": 5000}]",2010-11-20
417,"[4, 5, 14, 20, 22, 43]",44,"[{""rank"": ""1등"", ""winners"": 4, ""prize_amount"": 2818329938}, {""rank"": ""2등"", ""winners"": 34, ""prize_amount"": 55261372}, {""rank"": ""3등"", ""winners"": 1181, ""prize_amount"": 1590929}, {""rank"": ""4등"", ""winners"": 58879, ""prize_amount"": 50000}, {""rank"": ""5등"", ""winners"": 1001817, ""prize_amount"": 5000}]",2010-11-27
418,"[11, 13, 15, 26, 28, 34]",31,"[{""rank"": ""1등"", ""winners"": 8, ""prize_amount"": 1435649766}, {""rank"": ""2등"", ""winners"": 46, ""prize_amount"": 41613037}, {""rank"": ""3등"", ""winners"": 1316, ""prize_amount"": 1454560}, {""rank"": ""4등"", ""winners"": 61748, ""prize_amount"": 50000}, {""rank"": ""5등"", ""winners"": 1025606, ""prize_amount"": 5000}]",2010-12-04
419,"[2, 11, 13, 14, 28, 30]",7,"[{""rank"": ""1등"", ""winners"": 3, ""prize_amount"": 3796490750}, {""rank"": ""2등"", ""winners"": 33, ""prize_amount"": 57522588}, {""rank"": ""3등"", ""winners"": 1194, ""prize_amount"": 1589821}, {""rank"": ""4등"", ""winners"": 60100, ""prize_amount"": 50000}, {""rank"": ""5등"", ""winners"": 1012637, ""prize_amount"": 5000}]",2010-12-11
420,"[4, 9, 10, 29, 31, 34]",27,"[{""rank"": ""1등"", ""winners"": 8, ""prize_amount"": 1424856375}, {""rank"": ""2등"", ""winners"": 35, ""prize_amount"": 54280243}, {""rank"": ""3등"", ""winners"": 1187, ""prize_amount"": 1600513}, {""rank"": ""4등"", ""winners"": 62929, ""prize_amount"": 50000}, {""rank"": ""5등"", ""winners"": 1065564, ""prize_amount"": 5000}]",2010-12-18
421,"[6, 11, 26, 27, 28, 44]",30,"[{""rank"": ""1등"", ""winners"": 5, ""prize_amount"": 2321144325}, {""rank"": ""2등"", ""winners"": 36, ""prize_amount"": 53730193}, {""rank"": ""3등"", ""winners"": 1203, ""prize_amount"": 1607887}, {""rank"": ""4등"", ""winners"": 62947, ""prize_amount"": 50000}, {""rank"": ""5등"", ""winners"": 1050873, ""prize_amount"": 5000}]",2010-12-25
422,"[8, 15, 19, 21, 34, 44]",12,"[{""rank"": ""1등"", ""winners"": 6, ""prize_amount"": 2205251375}, {""rank"": ""2등"", ""winners"": 21, ""prize_amount"": 105011971}, {""rank"": ""3등"", ""winners"": 1293, ""prize_amount"": 1705531}, {""rank"": ""4등"", ""winners"": 64044, ""prize_amount"": 50000}, {""rank"": ""5등"", ""winners"": 1104218, ""prize_amount"": 5000}]",2011-01-01
423,"[1, 17, 27, 28, 29, 40]",5,"[{""rank"": ""1등"", ""winners"": 3, ""prize_amount"": 3896153875}, {""rank"": ""2등"", ""winners"": 47, ""prize_amount"": 41448446}, {""rank"": ""3등"", ""winners"": 1432, ""prize_amount"": 1360389}, {""rank"": ""4등"", ""winners"": 69948, ""prize_amount"": 50000}, {""rank"": ""5등"", ""winners"": 1150428, ""prize_amount"": 5000}]",2011-01-08
424,"[10, 11, 26, 31, 34, 44]",30,"[{""rank"": ""1등"", ""winners"": 10, ""prize_amount"": 1109480813}, {""rank"": ""2등"", ""winners"": 51, ""prize_amount"": 36257543}, {""rank"": ""3등"", ""winners"": 1686, ""prize_amount"": 1096759}, {""rank"": ""4등"", ""winners"": 75456, ""prize_amount"": 50000}, {""rank"": ""5등"", ""winners"": 1159669, ""prize_amount"": 5000}]",2011-01-15
425,"[8, 10, 14, 27, 33, 38]",3,"[{""rank"": ""1등"", ""winners"": 8, ""prize_amount"": 1534833000}, {""rank"": ""2등"", ""winners"": 41, ""prize_amount"": 49913269}, {""rank"": ""3등"", ""winners"": 1297, ""prize_amount"": 1577829}, {""rank"": ""4등"", ""winners"": 66071, ""prize_amount"": 50000}, {""rank"": ""5등"", ""winners"": 1110949, ""prize_amount"": 5000}]",2011-01-22
426,"[4, 17, 18, 27, 39, 43]",19,"[{""rank"": ""1등"", ""winners"": 4, ""prize_amount"": 3057233625}, {""rank"": ""2등"", ""winners"": 63, ""prize_amount"": 32351679}, {""rank"": ""3등"", ""winners"": 1463, ""prize_amount"": 1393135}, {""rank"": ""4등"", ""winners"": 71102, ""prize_amount"": 50000}, {""rank"": ""5등"", ""winners"": 1174590, ""prize_amount"": 5000}]",2011-01-29
427,"[6, 7, 15, 24, 28, 30]",21,"[{""rank"": ""1등"", ""winners"": 1, ""prize_amount"": 12571445625}, {""rank"": ""2등"", ""winners"": 33, ""prize_amount"": 63492150}, {""rank"": ""3등"", ""winners"": 1415, ""prize_amount"": 1480736}, {""rank"": ""4등"", ""winners"": 71400, ""prize_amount"": 50000}, {""rank"": ""5등"", ""winners"": 1184720, ""prize_amount"": 5000}]",2011-02-05
428,"[12, 16, 19, 22, 37, 40]",8,"[{""rank"": ""1등"", ""winners"": 9, ""prize_amount"": 1437683209}, {""rank"": ""2등"", ""winners"": 30, ""prize_amount"": 71884161}, {""rank"": ""3등"", ""winners"": 1568, ""prize_amount"": 1375335}, {""rank"": ""4등"", ""winners"": 76003, ""prize_amount"": 50000}, {""rank"": ""5등"", ""winners"": 1258031, ""prize_amount"": 5000}]",2011-02-12
429,"[3, 23, 28, 34, 39, 42]",16,"[{""rank"": ""1등"", ""winners"": 9, ""prize_amount"": 1485904709}, {""rank"": ""2등"", ""winners"": 37, ""prize_amount"": 60239381}, {""rank"": ""3등"", ""winners"": 1389, ""prize_amount"": 1604649}, {""rank"": ""4등"", ""winners"": 68256, ""prize_amount"": 50000}, {""rank"": ""5등"", ""winners"": 1150652, ""prize_amount"": 5000}]",2011-02-19
430,"[1, 3, 16, 18, 30, 34]",44,"[{""rank"": ""1등"", ""winners"": 8, ""prize_amount"": 1611763219}, {""rank"": ""2등"", ""winners"": 45, ""prize_amount"": 47755948}, {""rank"": ""3등"", ""winners"": 1449, ""prize_amount"": 1483104}, {""rank"": ""4등"", ""winners"": 70039, ""prize_amount"": 50000}, {""rank"": ""5등"", ""winners"": 1180669, ""prize_amount"": 5000}]",2011-02-26
431,"[18, 22, 25, 31, 38, 45]",6,"[{""rank"": ""1등"", ""winners"": 10, ""prize_amount"": 1268434013}, {""rank"": ""2등"", ""winners"": 43, ""prize_amount"": 49164110}, {""rank"": ""3등"", ""winners"": 1337, ""prize_amount"": 1581195}, {""rank"": ""4등"", ""winners"": 66865, ""prize_amount"": 50000}, {""rank"": ""5등"", ""winners"": 1115054, ""prize_amount"": 5000}]",2011-03-05
432,"[2, 3, 5, 11, 27, 39]",33,"[{""rank"": ""1등"", ""winners"": 5, ""prize_amount"": 2299427550}, {""rank"": ""2등"", ""winners"": 48, ""prize_amount"": 39920618}, {""rank"": ""3등"", ""winners"": 1747, ""prize_amount"": 1096846}, {""rank"": ""4등"", ""winners"": 83754, ""prize_amount"": 50000}, {""rank"": ""5등"", ""winners"": 1331414, ""prize_amount"": 5000}]",2011-03-12
433,"[19, 23, 29, 33, 35, 43]",27,"[{""rank"": ""1등"", ""winners"": 11, ""prize_amount"": 1182294410}, {""rank"": ""2등"", ""winners"": 41, ""prize_amount"": 52866824}, {""rank"": ""3등"", ""winners"": 1278, ""prize_amount"": 1696041}, {""rank"": ""4등"", ""winners"": 65906, ""prize_amount"": 50000}, {""rank"": ""5등"", ""winners"": 1112537, ""prize_amount"": 5000}]",2011-03-19
434,"[3, 13, 20, 24, 33, 37]",35,"[{""rank"": ""1등"", ""winners"": 8, ""prize_amount"": 1480060266}, {""rank"": ""2등"", ""winners"": 37, ""prize_amount"": 53335506}, {""rank"": ""3등"", ""winners"": 1867, ""prize_amount"": 1056998}, {""rank"": ""4등"", ""winners"": 78263, ""prize_amount"": 50000}, {""rank"": ""5등"", ""winners"": 1217852, ""prize_amount"": 5000}]",2011-03-26
435,"[8, 16, 26, 30, 38, 45]",42,"[{""rank"": ""1등"", ""winners"": 10, ""prize_amount"": 1287550013}, {""rank"": ""2등"", ""winners"": 31, ""prize_amount"": 69223119}, {""rank"": ""3등"", ""winners"": 1426, ""prize_amount"": 1504851}, {""rank"": ""4등"", ""winners"": 67838, ""prize_amount"": 50000}, {""rank"": ""5등"", ""winners"": 1122280, ""prize_amount"": 5000}]",2011-04-02
436,"[9, 14, 20, 22, 33, 34]",28,"[{""rank"": ""1등"", ""winners"": 8, ""prize_amount"": 1512266579}, {""rank"": ""2등"", ""winners"": 44, ""prize_amount"": 45826260}, {""rank"": ""3등"", ""winners"": 1425, ""prize_amount"": 1414987}, {""rank"": ""4등"", ""winners"": 70742, ""prize_amount"": 50000}, {""rank"": ""5등"", ""winners"": 1153313, ""prize_amount"": 5000}]",2011-04-09
437,"[11, 16, 29, 38, 41, 44]",21,"[{""rank"": ""1등"", ""winners"": 6, ""prize_amount"": 2096245438}, {""rank"": ""2등"", ""winners"": 33, ""prize_amount"": 63522590}, {""rank"": ""3등"", ""winners"": 1286, ""prize_amount"": 1630051}, {""rank"": ""4등"", ""winners"": 64531, ""prize_amount"": 50000}, {""rank"": ""5등"", ""winners"": 1080539, ""prize_amount"": 5000}]",2011-04-16
438,"[6, 12, 20, 26, 29, 38]",45,"[{""rank"": ""1등"", ""winners"": 9, ""prize_amount"": 1377142167}, {""rank"": ""2등"", ""winners"": 41, ""prize_amount"": 50383250}, {""rank"": ""3등"", ""winners"": 1303, ""prize_amount"": 1585352}, {""rank"": ""4등"", ""winners"": 65010, ""prize_amount"": 50000}, {""rank"": ""5등"", ""winners"": 1081763, ""prize_amount"": 5000}]",2011-04-23
439,"[17, 20, 30, 31, 37, 40]",25,"[{""rank"": ""1등"", ""winners"": 6, ""prize_amount"": 1900077375}, {""rank"": ""2등"", ""winners"": 33, ""prize_amount"": 57578103}, {""rank"": ""3등"", ""winners"": 1437, ""prize_amount"": 1322253}, {""rank"": ""4등"", ""winners"": 75335, ""prize_amount"": 50000}, {""rank"": ""5등"", ""winners"": 1174597, ""prize_amount"": 5000}]",2011-04-30
440,"[10, 22, 28, 34, 36, 44]",2,"[{""rank"": ""1등"", ""winners"": 6, ""prize_amount"": 1995873000}, {""rank"": ""2등"", ""winners"": 41, ""prize_amount"": 48679830}, {""rank"": ""3등"", ""winners"": 1495, ""prize_amount"": 1335033}, {""rank"": ""4등"", ""winners"": 68428, ""prize_amount"": 50000}, {""rank"": ""5등"", ""winners"": 1103401, ""prize_amount"": 5000}]",2011-05-07
441,"[1, 23, 28, 30, 34, 35]",9,"[{""rank"": ""1등"", ""winners"": 4, ""prize_amount"": 3170417063}, {""rank"": ""2등"", ""winners"": 42, ""prize_amount"": 50324081}, {""rank"": ""3등"", ""winners"": 1127, ""prize_amount"": 1875432}, {""rank"": ""4등"", ""winners"": 60027, ""prize_amount"": 50000}, {""rank"": ""5등"", ""winners"": 1045164, ""prize_amount"": 5000}]",2011-05-14
442,"[25, 27, 29, 36, 38, 40]",41,"[{""rank"": ""1등"", ""winners"": 9, ""prize_amount"": 1413413042}, {""rank"": ""2등"", ""winners"": 27, ""prize_amount"": 78522947}, {""rank"": ""3등"", ""winners"": 1271, ""prize_amount"": 1668073}, {""rank"": ""4등"", ""winners"": 63699, ""prize_amount"": 50000}, {""rank"": ""5등"", ""winners"": 1092813, ""prize_amount"": 5000}]",2011-05-21
443,"[4, 6, 10, 19, 20, 44]",14,"[{""rank"": ""1등"", ""winners"": 9, ""prize_amount"": 1327597584}, {""rank"": ""2등"", ""winners"": 41, ""prize_amount"": 48570644}, {""rank"": ""3등"", ""winners"": 1668, ""prize_amount"": 1193883}, {""rank"": ""4등"", ""winners"": 74414, ""prize_amount"": 50000}, {""rank"": ""5등"", ""winners"": 1193233, ""prize_amount"": 5000}]",2011-05-28
444,"[11, 13, 23, 35, 43, 45]",17,"[{""rank"": ""1등"", ""winners"": 3, ""prize_amount"": 4154188625}, {""rank"": ""2등"", ""winners"": 26, ""prize_amount"": 79888243}, {""rank"": ""3등"", ""winners"": 1270, ""prize_amount"": 1635508}, {""rank"": ""4등"", ""winners"": 65611, ""prize_amount"": 50000}, {""rank"": ""5등"", ""winners"": 1087892, ""prize_amount"": 5000}]",2011-06-04
445,"[13, 20, 21, 30, 39, 45]",32,"[{""rank"": ""1등"", ""winners"": 7, ""prize_amount"": 1791683036}, {""rank"": ""2등"", ""winners"": 28, ""prize_amount"": 74653460}, {""rank"": ""3등"", ""winners"": 1183, ""prize_amount"": 1766946}, {""rank"": ""4등"", ""winners"": 61433, ""prize_amount"": 50000}, {""rank"": ""5등"", ""winners"": 1046503, ""prize_amount"": 5000}]",2011-06-11
446,"[1, 11, 12, 14, 26, 35]",6,"[{""rank"": ""1등"", ""winners"": 3, ""prize_amount"": 4051247625}, {""rank"": ""2등"", ""winners"": 41, ""prize_amount"": 49405459}, {""rank"": ""3등"", ""winners"": 1375, ""prize_amount"": 1473181}, {""rank"": ""4등"", ""winners"": 68198, ""prize_amount"": 50000}, {""rank"": ""5등"", ""winners"": 1136546, ""prize_amount"": 5000}]",2011-06-18
447,"[2, 7, 8, 9, 17, 33]",34,"[{""rank"": ""1등"", ""winners"": 4, ""prize_amount"": 2657941125}, {""rank"": ""2등"", ""winners"": 31, ""prize_amount"": 57160025}, {""rank"": ""3등"", ""winners"": 1721, ""prize_amount"": 1029612}, {""rank"": ""4등"", ""winners"": 84363, ""prize_amount"": 50000}, {""rank"": ""5등"", ""winners"": 1276737, ""prize_amount"": 5000}]",2011-06-25
448,"[3, 7, 13, 27, 40, 41]",36,"[{""rank"": ""1등"", ""winners"": 3, ""prize_amount"": 4026212750}, {""rank"": ""2등"", ""winners"": 35, ""prize_amount"": 57517325}, {""rank"": ""3등"", ""winners"": 1422, ""prize_amount"": 1415687}, {""rank"": ""4등"", ""winners"": 72122, ""prize_amount"": 50000}, {""rank"": ""5등"", ""winners"": 1191936, ""prize_amount"": 5000}]",2011-07-02
449,"[3, 10, 20, 26, 35, 43]",36,"[{""rank"": ""1등"", ""winners"": 3, ""prize_amount"": 4059715250}, {""rank"": ""2등"", ""winners"": 39, ""prize_amount"": 52047632}, {""rank"": ""3등"", ""winners"": 1295, ""prize_amount"": 1567458}, {""rank"": ""4등"", ""winners"": 65963, ""prize_amount"": 50000}, {""rank"": ""5등"", ""winners"": 1114025, ""prize_amount"": 5000}]",2011-07-09
450,"[6, 14, 19, 21, 23, 31]",13,"[{""rank"": ""1등"", ""winners"": 6, ""prize_amount"": 1990391625}, {""rank"": ""2등"", ""winners"": 34, ""prize_amount"": 58540931}, {""rank"": ""3등"", ""winners"": 1349, ""prize_amount"": 1475458}, {""rank"": ""4등"", ""winners"": 67461, ""prize_amount"": 50000}, {""rank"": ""5등"", ""winners"": 1113967, ""prize_amount"": 5000}]",2011-07-16
451,"[12, 15, 20, 24, 30, 38]",29,"[{""rank"": ""1등"", ""winners"": 13, ""prize_amount"": 882138952}, {""rank"": ""2등"", ""winners"": 31, ""prize_amount"": 61654873}, {""rank"": ""3등"", ""winners"": 1612, ""prize_amount"": 1185671}, {""rank"": ""4등"", ""winners"": 74696, ""prize_amount"": 50000}, {""rank"": ""5등"", ""winners"": 1181075, ""prize_amount"": 5000}]",2011-07-23
452,"[8, 10, 18, 30, 32, 34]",27,"[{""rank"": ""1등"", ""winners"": 9, ""prize_amount"": 1276902000}, {""rank"": ""2등"", ""winners"": 48, ""prize_amount"": 39903188}, {""rank"": ""3등"", ""winners"": 1298, ""prize_amount"": 1475619}, {""rank"": ""4등"", ""winners"": 66864, ""prize_amount"": 50000}, {""rank"": ""5등"", ""winners"": 1112471, ""prize_amount"": 5000}]",2011-07-30
453,"[12, 24, 33, 38, 40, 42]",30,"[{""rank"": ""1등"", ""winners"": 5, ""prize_amount"": 2262732375}, {""rank"": ""2등"", ""winners"": 36, ""prize_amount"": 52378065}, {""rank"": ""3등"", ""winners"": 1412, ""prize_amount"": 1335419}, {""rank"": ""4등"", ""winners"": 69250, ""prize_amount"": 50000}, {""rank"": ""5등"", ""winners"": 1096036, ""prize_amount"": 5000}]",2011-08-06
454,"[13, 25, 27, 34, 38, 41]",10,"[{""rank"": ""1등"", ""winners"": 7, ""prize_amount"": 1609125590}, {""rank"": ""2등"", ""winners"": 43, ""prize_amount"": 43658447}, {""rank"": ""3등"", ""winners"": 1397, ""prize_amount"": 1343818}, {""rank"": ""4등"", ""winners"": 74480, ""prize_amount"": 50000}, {""rank"": ""5등"", ""winners"": 1090420, ""prize_amount"": 5000}]",2011-08-13
455,"[4, 19, 20, 26, 30, 35]",24,"[{""rank"": ""1등"", ""winners"": 7, ""prize_amount"": 1635711483}, {""rank"": ""2등"", ""winners"": 32, ""prize_amount"": 59635315}, {""rank"": ""3등"", ""winners"": 1448, ""prize_amount"": 1317908}, {""rank"": ""4등"", ""winners"": 69056, ""prize_amount"": 50000}, {""rank"": ""5등"", ""winners"": 1133097, ""prize_amount"": 5000}]",2011-08-20
456,"[1, 7, 12, 18, 23, 27]",44,"[{""rank"": ""1등"", ""winners"": 7, ""prize_amount"": 1598505054}, {""rank"": ""2등"", ""winners"": 39, ""prize_amount"": 47818528}, {""rank"": ""3등"", ""winners"": 1616, ""prize_amount"": 1154037}, {""rank"": ""4등"", ""winners"": 75858, ""prize_amount"": 50000}, {""rank"": ""5등"", ""winners"": 1199612, ""prize_amount"": 5000}]",2011-08-27
457,"[8, 10, 18, 23, 27, 40]",33,"[{""rank"": ""1등"", ""winners"": 10, ""prize_amount"": 1159902825}, {""rank"": ""2등"", ""winners"": 47, ""prize_amount"": 41131306}, {""rank"": ""3등"", ""winners"": 1506, ""prize_amount"": 1283647}, {""rank"": ""4등"", ""winners"": 72524, ""prize_amount"": 50000}, {""rank"": ""5등"", ""winners"": 1149591, ""prize_amount"": 5000}]",2011-09-03
458,"[4, 9, 10, 32, 36, 40]",18,"[{""rank"": ""1등"", ""winners"": 8, ""prize_amount"": 1608812625}, {""rank"": ""2등"", ""winners"": 52, ""prize_amount"": 41251606}, {""rank"": ""3등"", ""winners"": 1433, ""prize_amount"": 1496918}, {""rank"": ""4등"", ""winners"": 72902, ""prize_amount"": 50000}, {""rank"": ""5등"", ""winners"": 1216672, ""prize_amount"": 5000}]",2011-09-10
459,"[4, 6, 10, 14, 25, 40]",12,"[{""rank"": ""1등"", ""winners"": 7, ""prize_amount"": 1655842233}, {""rank"": ""2등"", ""winners"": 46, ""prize_amount"": 41995999}, {""rank"": ""3등"", ""winners"": 1532, ""prize_amount"": 1260977}, {""rank"": ""4등"", ""winners"": 73084, ""prize_amount"": 50000}, {""rank"": ""5등"", ""winners"": 1167264, ""prize_amount"": 5000}]",2011-09-17
460,"[8, 11, 28, 30, 43, 45]",41,"[{""rank"": ""1등"", ""winners"": 4, ""prize_amount"": 3180895782}, {""rank"": ""2등"", ""winners"": 30, ""prize_amount"": 70686573}, {""rank"": ""3등"", ""winners"": 1307, ""prize_amount"": 1622493}, {""rank"": ""4등"", ""winners"": 66799, ""prize_amount"": 50000}, {""rank"": ""5등"", ""winners"": 1130818, ""prize_amount"": 5000}]",2011-09-24
461,"[11, 18, 26, 31, 37, 40]",43,"[{""rank"": ""1등"", ""winners"": 6, ""prize_amount"": 1948674875}, {""rank"": ""2등"", ""winners"": 32, ""prize_amount"": 60896090}, {""rank"": ""3등"", ""winners"": 1717, ""prize_amount"": 1134931}, {""rank"": ""4등"", ""winners"": 75605, ""prize_amount"": 50000}, {""rank"": ""5등"", ""winners"": 1188529, ""prize_amount"": 5000}]",2011-10-01
462,"[3, 20, 24, 32, 37, 45]",4,"[{""rank"": ""1등"", ""winners"": 8, ""prize_amount"": 1483559297}, {""rank"": ""2등"", ""winners"": 39, ""prize_amount"": 50719976}, {""rank"": ""3등"", ""winners"": 1394, ""prize_amount"": 1418996}, {""rank"": ""4등"", ""winners"": 67106, ""prize_amount"": 50000}, {""rank"": ""5등"", ""winners"": 1096569, ""prize_amount"": 5000}]",2011-10-08
463,"[23, 29, 31, 33, 34, 44]",40,"[{""rank"": ""1등"", ""winners"": 0, ""prize_amount"": 0}, {""rank"": ""2등"", ""winners"": 37, ""prize_amount"": 54687384}, {""rank"": ""3등"", ""winners"": 1254, ""prize_amount"": 1613584}, {""rank"": ""4등"", ""winners"": 62251, ""prize_amount"": 50000}, {""rank"": ""5등"", ""winners"": 1060512, ""prize_amount"": 5000}]",2011-10-15
464,"[6, 12, 15, 34, 42, 44]",4,"[{""rank"": ""1등"", ""winners"": 13, ""prize_amount"": 3355721106}, {""rank"": ""2등"", ""winners"": 78, ""prize_amount"": 67273025}, {""rank"": ""3등"", ""winners"": 3145, ""prize_amount"": 1668457}, {""rank"": ""4등"", ""winners"": 159899, ""prize_amount"": 50000}, {""rank"": ""5등"", ""winners"": 2682564, ""prize_amount"": 5000}]",2011-10-22
465,"[1, 8, 11, 13, 22, 38]",31,"[{""rank"": ""1등"", ""winners"": 7, ""prize_amount"": 1923662893}, {""rank"": ""2등"", ""winners"": 46, ""prize_amount"": 48788552}, {""rank"": ""3등"", ""winners"": 1733, ""prize_amount"": 1295023}, {""rank"": ""4등"", ""winners"": 83244, ""prize_amount"": 50000}, {""rank"": ""5등"", ""winners"": 1356052, ""prize_amount"": 5000}]",2011-10-29
466,"[4, 10, 13, 23, 32, 44]",20,"[{""rank"": ""1등"", ""winners"": 9, ""prize_amount"": 1530313459}, {""rank"": ""2등"", ""winners"": 55, ""prize_amount"": 41735822}, {""rank"": ""3등"", ""winners"": 1746, ""prize_amount"": 1314703}, {""rank"": ""4등"", ""winners"": 83132, ""prize_amount"": 50000}, {""rank"": ""5등"", ""winners"": 1327403, ""prize_amount"": 5000}]",2011-11-05
467,"[2, 12, 14, 17, 24, 40]",39,"[{""rank"": ""1등"", ""winners"": 9, ""prize_amount"": 1435441084}, {""rank"": ""2등"", ""winners"": 33, ""prize_amount"": 65247322}, {""rank"": ""3등"", ""winners"": 1811, ""prize_amount"": 1188936}, {""rank"": ""4등"", ""winners"": 88314, ""prize_amount"": 50000}, {""rank"": ""5등"", ""winners"": 1410192, ""prize_amount"": 5000}]",2011-11-12
468,"[8, 13, 15, 28, 37, 43]",17,"[{""rank"": ""1등"", ""winners"": 9, ""prize_amount"": 1527197167}, {""rank"": ""2등"", ""winners"": 33, ""prize_amount"": 69418054}, {""rank"": ""3등"", ""winners"": 1457, ""prize_amount"": 1572269}, {""rank"": ""4등"", ""winners"": 70701, ""prize_amount"": 50000}, {""rank"": ""5등"", ""winners"": 1187572, ""prize_amount"": 5000}]",2011-11-19
469,"[4, 21, 22, 34, 37, 38]",33,"[{""rank"": ""1등"", ""winners"": 4, ""prize_amount"": 3330131250}, {""rank"": ""2등"", ""winners"": 33, ""prize_amount"": 67275379}, {""rank"": ""3등"", ""winners"": 1277, ""prize_amount"": 1738519}, {""rank"": ""4등"", ""winners"": 65880, ""prize_amount"": 50000}, {""rank"": ""5등"", ""winners"": 1125554, ""prize_amount"": 5000}]",2011-11-26
470,"[10, 16, 20, 39, 41, 42]",27,"[{""rank"": ""1등"", ""winners"": 3, ""prize_amount"": 4333330625}, {""rank"": ""2등"", ""winners"": 27, ""prize_amount"": 80246864}, {""rank"": ""3등"", ""winners"": 1390, ""prize_amount"": 1558753}, {""rank"": ""4등"", ""winners"": 71706, ""prize_amount"": 50000}, {""rank"": ""5등"", ""winners"": 1207572, ""prize_amount"": 5000}]",2011-12-03
471,"[6, 13, 29, 37, 39, 41]",43,"[{""rank"": ""1등"", ""winners"": 7, ""prize_amount"": 1939332858}, {""rank"": ""2등"", ""winners"": 30, ""prize_amount"": 75418500}, {""rank"": ""3등"", ""winners"": 1219, ""prize_amount"": 1856075}, {""rank"": ""4등"", ""winners"": 63297, ""prize_amount"": 50000}, {""rank"": ""5등"", ""winners"": 1096176, ""prize_amount"": 5000}]",2011-12-10
472,"[16, 25, 26, 31, 36, 43]",44,"[{""rank"": ""1등"", ""winners"": 7, ""prize_amount"": 1809656090}, {""rank"": ""2등"", ""winners"": 23, ""prize_amount"": 91794150}, {""rank"": ""3등"", ""winners"": 1352, ""prize_amount"": 1561587}, {""rank"": ""4등"", ""winners"": 68212, ""prize_amount"": 50000}, {""rank"": ""5등"", ""winners"": 1132776, ""prize_amount"": 5000}]",2011-12-17
473,"[8, 13, 20, 22, 23, 36]",34,"[{""rank"": ""1등"", ""winners"": 4, ""prize_amount"": 3250418063}, {""rank"": ""2등"", ""winners"": 36, ""prize_amount"": 60192928}, {""rank"": ""3등"", ""winners"": 1313, ""prize_amount"": 1650378}, {""rank"": ""4등"", ""winners"": 67064, ""prize_amount"": 50000}, {""rank"": ""5등"", ""winners"": 1148971, ""prize_amount"": 5000}]",2011-12-24
474,"[4, 13, 18, 31, 33, 45]",43,"[{""rank"": ""1등"", ""winners"": 15, ""prize_amount"": 936690800}, {""rank"": ""2등"", ""winners"": 48, ""prize_amount"": 48785980}, {""rank"": ""3등"", ""winners"": 1738, ""prize_amount"": 1347369}, {""rank"": ""4등"", ""winners"": 81500, ""prize_amount"": 50000}, {""rank"": ""5등"", ""winners"": 1336085, ""prize_amount"": 5000}]",2011-12-31
475,"[1, 9, 14, 16, 21, 29]",3,"[{""rank"": ""1등"", ""winners"": 8, ""prize_amount"": 1693923047}, {""rank"": ""2등"", ""winners"": 33, ""prize_amount"": 68441336}, {""rank"": ""3등"", ""winners"": 1486, ""prize_amount"": 1519896}, {""rank"": ""4등"", ""winners"": 75257, ""prize_amount"": 50000}, {""rank"": ""5등"", ""winners"": 1238055, ""prize_amount"": 5000}]",2012-01-07
476,"[9, 12, 13, 15, 37, 38]",27,"[{""rank"": ""1등"", ""winners"": 4, ""prize_amount"": 3439851469}, {""rank"": ""2등"", ""winners"": 34, ""prize_amount"": 67448069}, {""rank"": ""3등"", ""winners"": 1294, ""prize_amount"": 1772206}, {""rank"": ""4등"", ""winners"": 68643, ""prize_amount"": 50000}, {""rank"": ""5등"", ""winners"": 1203577, ""prize_amount"": 5000}]",2012-01-14
477,"[14, 25, 29, 32, 33, 45]",37,"[{""rank"": ""1등"", ""winners"": 8, ""prize_amount"": 1919011829}, {""rank"": ""2등"", ""winners"": 33, ""prize_amount"": 77535832}, {""rank"": ""3등"", ""winners"": 1474, ""prize_amount"": 1735877}, {""rank"": ""4등"", ""winners"": 73001, ""prize_amount"": 50000}, {""rank"": ""5등"", ""winners"": 1256239, ""prize_amount"": 5000}]",2012-01-21
478,"[18, 29, 30, 37, 39, 43]",8,"[{""rank"": ""1등"", ""winners"": 14, ""prize_amount"": 987224759}, {""rank"": ""2등"", ""winners"": 35, ""prize_amount"": 65814984}, {""rank"": ""3등"", ""winners"": 1285, ""prize_amount"": 1792627}, {""rank"": ""4등"", ""winners"": 67069, ""prize_amount"": 50000}, {""rank"": ""5등"", ""winners"": 1141261, ""prize_amount"": 5000}]",2012-01-28
479,"[8, 23, 25, 27, 35, 44]",24,"[{""rank"": ""1등"", ""winners"": 6, ""prize_amount"": 2233046500}, {""rank"": ""2등"", ""winners"": 34, ""prize_amount"": 65677839}, {""rank"": ""3등"", ""winners"": 1389, ""prize_amount"": 1607665}, {""rank"": ""4등"", ""winners"": 71489, ""prize_amount"": 50000}, {""rank"": ""5등"", ""winners"": 1197119, ""prize_amount"": 5000}]",2012-02-04
480,"[3, 5, 10, 17, 30, 31]",16,"[{""rank"": ""1등"", ""winners"": 4, ""prize_amount"": 2996742282}, {""rank"": ""2등"", ""winners"": 50, ""prize_amount"": 39956564}, {""rank"": ""3등"", ""winners"": 1983, ""prize_amount"": 1007478}, {""rank"": ""4등"", ""winners"": 96288, ""prize_amount"": 50000}, {""rank"": ""5등"", ""winners"": 1382163, ""prize_amount"": 5000}]",2012-02-11
481,"[3, 4, 23, 29, 40, 41]",20,"[{""rank"": ""1등"", ""winners"": 3, ""prize_amount"": 4639355750}, {""rank"": ""2등"", ""winners"": 34, ""prize_amount"": 68225820}, {""rank"": ""3등"", ""winners"": 1294, ""prize_amount"": 1792642}, {""rank"": ""4등"", ""winners"": 66695, ""prize_amount"": 50000}, {""rank"": ""5등"", ""winners"": 1185827, ""prize_amount"": 5000}]",2012-02-18
482,"[1, 10, 16, 24, 25, 35]",43,"[{""rank"": ""1등"", ""winners"": 7, ""prize_amount"": 1897921179}, {""rank"": ""2등"", ""winners"": 30, ""prize_amount"": 73808046}, {""rank"": ""3등"", ""winners"": 1639, ""prize_amount"": 1350971}, {""rank"": ""4등"", ""winners"": 78522, ""prize_amount"": 50000}, {""rank"": ""5등"", ""winners"": 1292139, ""prize_amount"": 5000}]",2012-02-25
483,"[12, 15, 19, 22, 28, 34]",5,"[{""rank"": ""1등"", ""winners"": 5, ""prize_amount"": 2567196675}, {""rank"": ""2등"", ""winners"": 53, ""prize_amount"": 40364728}, {""rank"": ""3등"", ""winners"": 1886, ""prize_amount"": 1134322}, {""rank"": ""4등"", ""winners"": 83480, ""prize_amount"": 50000}, {""rank"": ""5등"", ""winners"": 1300537, ""prize_amount"": 5000}]",2012-03-03
484,"[1, 3, 27, 28, 32, 45]",11,"[{""rank"": ""1등"", ""winners"": 6, ""prize_amount"": 2305303063}, {""rank"": ""2등"", ""winners"": 32, ""prize_amount"": 72040721}, {""rank"": ""3등"", ""winners"": 1343, ""prize_amount"": 1716533}, {""rank"": ""4등"", ""winners"": 70285, ""prize_amount"": 50000}, {""rank"": ""5등"", ""winners"": 1197263, ""prize_amount"": 5000}]",2012-03-10
485,"[17, 22, 26, 27, 36, 39]",20,"[{""rank"": ""1등"", ""winners"": 9, ""prize_amount"": 1501474917}, {""rank"": ""2등"", ""winners"": 33, ""prize_amount"": 68248860}, {""rank"": ""3등"", ""winners"": 1406, ""prize_amount"": 1601859}, {""rank"": ""4등"", ""winners"": 72785, ""prize_amount"": 50000}, {""rank"": ""5등"", ""winners"": 1237898, ""prize_amount"": 5000}]",2012-03-17
486,"[1, 2, 23, 25, 38, 40]",43,"[{""rank"": ""1등"", ""winners"": 13, ""prize_amount"": 1008634125}, {""rank"": ""2등"", ""winners"": 29, ""prize_amount"": 75357722}, {""rank"": ""3등"", ""winners"": 1501, ""prize_amount"": 1455946}, {""rank"": ""4등"", ""winners"": 72658, ""prize_amount"": 50000}, {""rank"": ""5등"", ""winners"": 1230904, ""prize_amount"": 5000}]",2012-03-24
487,"[4, 8, 25, 27, 37, 41]",21,"[{""rank"": ""1등"", ""winners"": 8, ""prize_amount"": 1638830766}, {""rank"": ""2등"", ""winners"": 46, ""prize_amount"": 47502342}, {""rank"": ""3등"", ""winners"": 1587, ""prize_amount"": 1376880}, {""rank"": ""4등"", ""winners"": 76639, ""prize_amount"": 50000}, {""rank"": ""5등"", ""winners"": 1265088, ""prize_amount"": 5000}]",2012-03-31
488,"[2, 8, 17, 30, 31, 38]",25,"[{""rank"": ""1등"", ""winners"": 10, ""prize_amount"": 1330393575}, {""rank"": ""2등"", ""winners"": 33, ""prize_amount"": 67191595}, {""rank"": ""3등"", ""winners"": 1345, ""prize_amount"": 1648567}, {""rank"": ""4등"", ""winners"": 69224, ""prize_amount"": 50000}, {""rank"": ""5등"", ""winners"": 1181353, ""prize_amount"": 5000}]",2012-04-07
489,"[2, 4, 8, 15, 20, 27]",11,"[{""rank"": ""1등"", ""winners"": 6, ""prize_amount"": 2106360625}, {""rank"": ""2등"", ""winners"": 52, ""prize_amount"": 40506936}, {""rank"": ""3등"", ""winners"": 1538, ""prize_amount"": 1369546}, {""rank"": ""4등"", ""winners"": 75822, ""prize_amount"": 50000}, {""rank"": ""5등"", ""winners"": 1227452, ""prize_amount"": 5000}]",2012-04-14
490,"[2, 7, 26, 29, 40, 43]",42,"[{""rank"": ""1등"", ""winners"": 7, ""prize_amount"": 1860234161}, {""rank"": ""2등"", ""winners"": 29, ""prize_amount"": 74837007}, {""rank"": ""3등"", ""winners"": 1357, ""prize_amount"": 1599318}, {""rank"": ""4등"", ""winners"": 65961, ""prize_amount"": 50000}, {""rank"": ""5등"", ""winners"": 1126965, ""prize_amount"": 5000}]",2012-04-21
491,"[8, 17, 35, 36, 39, 42]",4,"[{""rank"": ""1등"", ""winners"": 4, ""prize_amount"": 3304634438}, {""rank"": ""2등"", ""winners"": 31, ""prize_amount"": 71067408}, {""rank"": ""3등"", ""winners"": 1360, ""prize_amount"": 1619919}, {""rank"": ""4등"", ""winners"": 68290, ""prize_amount"": 50000}, {""rank"": ""5등"", ""winners"": 1133544, ""prize_amount"": 5000}]",2012-04-28
492,"[22, 27, 31, 35, 37, 40]",42,"[{""rank"": ""1등"", ""winners"": 5, ""prize_amount"": 2493013800}, {""rank"": ""2등"", ""winners"": 40, ""prize_amount"": 51937788}, {""rank"": ""3등"", ""winners"": 1434, ""prize_amount"": 1448753}, {""rank"": ""4등"", ""winners"": 69327, ""prize_amount"": 50000}, {""rank"": ""5등"", ""winners"": 1152057, ""prize_amount"": 5000}]",2012-05-05
493,"[20, 22, 26, 33, 36, 37]",25,"[{""rank"": ""1등"", ""winners"": 9, ""prize_amount"": 1451120334}, {""rank"": ""2등"", ""winners"": 27, ""prize_amount"": 80617797}, {""rank"": ""3등"", ""winners"": 1342, ""prize_amount"": 1621968}, {""rank"": ""4등"", ""winners"": 68608, ""prize_amount"": 50000}, {""rank"": ""5등"", ""winners"": 1154415, ""prize_amount"": 5000}]",2012-05-12
494,"[5, 7, 8, 15, 30, 43]",22,"[{""rank"": ""1등"", ""winners"": 12, ""prize_amount"": 1054588407}, {""rank"": ""2등"", ""winners"": 40, ""prize_amount"": 52729421}, {""rank"": ""3등"", ""winners"": 1539, ""prize_amount"": 1370486}, {""rank"": ""4등"", ""winners"": 74174, ""prize_amount"": 50000}, {""rank"": ""5등"", ""winners"": 1215736, ""prize_amount"": 5000}]",2012-05-19
495,"[4, 13, 22, 27, 34, 44]",6,"[{""rank"": ""1등"", ""winners"": 6, ""prize_amount"": 2111645000}, {""rank"": ""2등"", ""winners"": 44, ""prize_amount"": 47991932}, {""rank"": ""3등"", ""winners"": 1568, ""prize_amount"": 1346713}, {""rank"": ""4등"", ""winners"": 75762, ""prize_amount"": 50000}, {""rank"": ""5등"", ""winners"": 1228344, ""prize_amount"": 5000}]",2012-05-26
496,"[4, 13, 20, 29, 36, 41]",39,"[{""rank"": ""1등"", ""winners"": 4, ""prize_amount"": 3285932250}, {""rank"": ""2등"", ""winners"": 46, ""prize_amount"": 47622207}, {""rank"": ""3등"", ""winners"": 1389, ""prize_amount"": 1577122}, {""rank"": ""4등"", ""winners"": 66873, ""prize_amount"": 50000}, {""rank"": ""5등"", ""winners"": 1117856, ""prize_amount"": 5000}]",2012-06-02
497,"[19, 20, 23, 24, 43, 44]",13,"[{""rank"": ""1등"", ""winners"": 6, ""prize_amount"": 2222817813}, {""rank"": ""2등"", ""winners"": 30, ""prize_amount"": 74093928}, {""rank"": ""3등"", ""winners"": 1148, ""prize_amount"": 1936253}, {""rank"": ""4등"", ""winners"": 61101, ""prize_amount"": 50000}, {""rank"": ""5등"", ""winners"": 1073640, ""prize_amount"": 5000}]",2012-06-09
498,"[13, 14, 24, 32, 39, 41]",3,"[{""rank"": ""1등"", ""winners"": 4, ""prize_amount"": 3244503094}, {""rank"": ""2등"", ""winners"": 35, ""prize_amount"": 61800059}, {""rank"": ""3등"", ""winners"": 1334, ""prize_amount"": 1621441}, {""rank"": ""4등"", ""winners"": 68471, ""prize_amount"": 50000}, {""rank"": ""5등"", ""winners"": 1139612, ""prize_amount"": 5000}]",2012-06-16
499,"[5, 20, 23, 27, 35, 40]",43,"[{""rank"": ""1등"", ""winners"": 3, ""prize_amount"": 4070480250}, {""rank"": ""2등"", ""winners"": 46, ""prize_amount"": 44244351}, {""rank"": ""3등"", ""winners"": 1514, ""prize_amount"": 1344281}, {""rank"": ""4등"", ""winners"": 76797, ""prize_amount"": 50000}, {""rank"": ""5등"", ""winners"": 1252409, ""prize_amount"": 5000}]",2012-06-23
500,"[3, 4, 12, 20, 24, 34]",41,"[{""rank"": ""1등"", ""winners"": 9, ""prize_amount"": 1351072375}, {""rank"": ""2등"", ""winners"": 68, ""prize_amount"": 29803068}, {""rank"": ""3등"", ""winners"": 1831, ""prize_amount"": 1106832}, {""rank"": ""4등"", ""winners"": 84979, ""prize_amount"": 50000}, {""rank"": ""5등"", ""winners"": 1308863, ""prize_amount"": 5000}]",2012-06-30
501,"[1, 4, 10, 17, 31, 42]",2,"[{""rank"": ""1등"", ""winners"": 4, ""prize_amount"": 3025200094}, {""rank"": ""2등"", ""winners"": 61, ""prize_amount"": 33062297}, {""rank"": ""3등"", ""winners"": 1639, ""prize_amount"": 1230507}, {""rank"": ""4등"", ""winners"": 77235, ""prize_amount"": 50000}, {""rank"": ""5등"", ""winners"": 1272541, ""prize_amount"": 5000}]",2012-07-07
502,"[6, 22, 28, 32, 34, 40]",26,"[{""rank"": ""1등"", ""winners"": 6, ""prize_amount"": 2201458125}, {""rank"": ""2등"", ""winners"": 31, ""prize_amount"": 71014779}, {""rank"": ""3등"", ""winners"": 1482, ""prize_amount"": 1485465}, {""rank"": ""4등"", ""winners"": 70160, ""prize_amount"": 50000}, {""rank"": ""5등"", ""winners"": 1176131, ""prize_amount"": 5000}]",2012-07-14
503,"[1, 5, 27, 30, 34, 36]",40,"[{""rank"": ""1등"", ""winners"": 7, ""prize_amount"": 1853634911}, {""rank"": ""2등"", ""winners"": 42, ""prize_amount"": 51489859}, {""rank"": ""3등"", ""winners"": 1292, ""prize_amount"": 1673819}, {""rank"": ""4등"", ""winners"": 69822, ""prize_amount"": 50000}, {""rank"": ""5등"", ""winners"": 1198882, ""prize_amount"": 5000}]",2012-07-21
504,"[6, 14, 22, 26, 43, 44]",31,"[{""rank"": ""1등"", ""winners"": 9, ""prize_amount"": 1443236959}, {""rank"": ""2등"", ""winners"": 29, ""prize_amount"": 74650188}, {""rank"": ""3등"", ""winners"": 1294, ""prize_amount"": 1672995}, {""rank"": ""4등"", ""winners"": 63257, ""prize_amount"": 50000}, {""rank"": ""5등"", ""winners"": 1082365, ""prize_amount"": 5000}]",2012-07-28
505,"[7, 20, 22, 25, 38, 40]",44,"[{""rank"": ""1등"", ""winners"": 6, ""prize_amount"": 1917955188}, {""rank"": ""2등"", ""winners"": 38, ""prize_amount"": 50472505}, {""rank"": ""3등"", ""winners"": 1440, ""prize_amount"": 1331914}, {""rank"": ""4등"", ""winners"": 69758, ""prize_amount"": 50000}, {""rank"": ""5등"", ""winners"": 1144014, ""prize_amount"": 5000}]",2012-08-04
506,"[6, 9, 11, 22, 24, 30]",31,"[{""rank"": ""1등"", ""winners"": 3, ""prize_amount"": 4073333875}, {""rank"": ""2등"", ""winners"": 33, ""prize_amount"": 61717180}, {""rank"": ""3등"", ""winners"": 1588, ""prize_amount"": 1282536}, {""rank"": ""4등"", ""winners"": 75289, ""prize_amount"": 50000}, {""rank"": ""5등"", ""winners"": 1224774, ""prize_amount"": 5000}]",2012-08-11
507,"[12, 13, 32, 33, 40, 41]",4,"[{""rank"": ""1등"", ""winners"": 9, ""prize_amount"": 1416438875}, {""rank"": ""2등"", ""winners"": 29, ""prize_amount"": 73264080}, {""rank"": ""3등"", ""winners"": 1473, ""prize_amount"": 1442403}, {""rank"": ""4등"", ""winners"": 73411, ""prize_amount"": 50000}, {""rank"": ""5등"", ""winners"": 1230314, ""prize_amount"": 5000}]",2012-08-18
508,"[5, 27, 31, 34, 35, 43]",37,"[{""rank"": ""1등"", ""winners"": 8, ""prize_amount"": 1599557860}, {""rank"": ""2등"", ""winners"": 31, ""prize_amount"": 68798188}, {""rank"": ""3등"", ""winners"": 1596, ""prize_amount"": 1336306}, {""rank"": ""4등"", ""winners"": 75460, ""prize_amount"": 50000}, {""rank"": ""5등"", ""winners"": 1234049, ""prize_amount"": 5000}]",2012-08-25
509,"[12, 25, 29, 35, 42, 43]",24,"[{""rank"": ""1등"", ""winners"": 5, ""prize_amount"": 2689076100}, {""rank"": ""2등"", ""winners"": 34, ""prize_amount"": 65908728}, {""rank"": ""3등"", ""winners"": 1228, ""prize_amount"": 1824835}, {""rank"": ""4등"", ""winners"": 64934, ""prize_amount"": 50000}, {""rank"": ""5등"", ""winners"": 1104261, ""prize_amount"": 5000}]",2012-09-01
510,"[12, 29, 32, 33, 39, 40]",42,"[{""rank"": ""1등"", ""winners"": 5, ""prize_amount"": 2644158150}, {""rank"": ""2등"", ""winners"": 25, ""prize_amount"": 88138605}, {""rank"": ""3등"", ""winners"": 1319, ""prize_amount"": 1670558}, {""rank"": ""4등"", ""winners"": 69724, ""prize_amount"": 50000}, {""rank"": ""5등"", ""winners"": 1173715, ""prize_amount"": 5000}]",2012-09-08
511,"[3, 7, 14, 23, 26, 42]",24,"[{""rank"": ""1등"", ""winners"": 6, ""prize_amount"": 2165579250}, {""rank"": ""2등"", ""winners"": 37, ""prize_amount"": 58529169}, {""rank"": ""3등"", ""winners"": 1524, ""prize_amount"": 1420984}, {""rank"": ""4등"", ""winners"": 72310, ""prize_amount"": 50000}, {""rank"": ""5등"", ""winners"": 1209004, ""prize_amount"": 5000}]",2012-09-15
512,"[4, 5, 9, 13, 26, 27]",1,"[{""rank"": ""1등"", ""winners"": 13, ""prize_amount"": 940094452}, {""rank"": ""2등"", ""winners"": 52, ""prize_amount"": 39170603}, {""rank"": ""3등"", ""winners"": 1682, ""prize_amount"": 1210982}, {""rank"": ""4등"", ""winners"": 82439, ""prize_amount"": 50000}, {""rank"": ""5등"", ""winners"": 1318396, ""prize_amount"": 5000}]",2012-09-22
513,"[5, 8, 21, 23, 27, 33]",12,"[{""rank"": ""1등"", ""winners"": 3, ""prize_amount"": 4589624750}, {""rank"": ""2등"", ""winners"": 54, ""prize_amount"": 42496526}, {""rank"": ""3등"", ""winners"": 1626, ""prize_amount"": 1411324}, {""rank"": ""4등"", ""winners"": 82270, ""prize_amount"": 50000}, {""rank"": ""5등"", ""winners"": 1337355, ""prize_amount"": 5000}]",2012-09-29
514,"[1, 15, 20, 26, 35, 42]",9,"[{""rank"": ""1등"", ""winners"": 3, ""prize_amount"": 4451055500}, {""rank"": ""2등"", ""winners"": 36, ""prize_amount"": 61820216}, {""rank"": ""3등"", ""winners"": 1362, ""prize_amount"": 1634015}, {""rank"": ""4등"", ""winners"": 70323, ""prize_amount"": 50000}, {""rank"": ""5등"", ""winners"": 1181166, ""prize_amount"": 5000}]",2012-10-06
515,"[2, 11, 12, 15, 23, 37]",8,"[{""rank"": ""1등"", ""winners"": 1, ""prize_amount"": 13200466875}, {""rank"": ""2등"", ""winners"": 35, ""prize_amount"": 62859367}, {""rank"": ""3등"", ""winners"": 1450, ""prize_amount"": 1517296}, {""rank"": ""4등"", ""winners"": 74773, ""prize_amount"": 50000}, {""rank"": ""5등"", ""winners"": 1258039, ""prize_amount"": 5000}]",2012-10-13
516,"[2, 8, 23, 41, 43, 44]",30,"[{""rank"": ""1등"", ""winners"": 11, ""prize_amount"": 1294190182}, {""rank"": ""2등"", ""winners"": 32, ""prize_amount"": 74146313}, {""rank"": ""3등"", ""winners"": 1338, ""prize_amount"": 1773305}, {""rank"": ""4등"", ""winners"": 67233, ""prize_amount"": 50000}, {""rank"": ""5등"", ""winners"": 1169955, ""prize_amount"": 5000}]",2012-10-20
517,"[1, 9, 12, 28, 36, 41]",10,"[{""rank"": ""1등"", ""winners"": 5, ""prize_amount"": 2659057725}, {""rank"": ""2등"", ""winners"": 40, ""prize_amount"": 55397036}, {""rank"": ""3등"", ""winners"": 1493, ""prize_amount"": 1484181}, {""rank"": ""4등"", ""winners"": 70854, ""prize_amount"": 50000}, {""rank"": ""5등"", ""winners"": 1192872, ""prize_amount"": 5000}]",2012-10-27
518,"[14, 23, 30, 32, 34, 38]",6,"[{""rank"": ""1등"", ""winners"": 6, ""prize_amount"": 2263804125}, {""rank"": ""2등"", ""winners"": 34, ""prize_amount"": 66582475}, {""rank"": ""3등"", ""winners"": 1349, ""prize_amount"": 1678135}, {""rank"": ""4등"", ""winners"": 71110, ""prize_amount"": 50000}, {""rank"": ""5등"", ""winners"": 1198970, ""prize_amount"": 5000}]",2012-11-03
519,"[6, 8, 13, 16, 30, 43]",3,"[{""rank"": ""1등"", ""winners"": 7, ""prize_amount"": 1950601393}, {""rank"": ""2등"", ""winners"": 32, ""prize_amount"": 71115676}, {""rank"": ""3등"", ""winners"": 1357, ""prize_amount"": 1677010}, {""rank"": ""4등"", ""winners"": 71405, ""prize_amount"": 50000}, {""rank"": ""5등"", ""winners"": 1206248, ""prize_amount"": 5000}]",2012-11-10
520,"[4, 22, 27, 28, 38, 40]",1,"[{""rank"": ""1등"", ""winners"": 6, ""prize_amount"": 2167205438}, {""rank"": ""2등"", ""winners"": 37, ""prize_amount"": 58573120}, {""rank"": ""3등"", ""winners"": 1627, ""prize_amount"": 1332026}, {""rank"": ""4등"", ""winners"": 77196, ""prize_amount"": 50000}, {""rank"": ""5등"", ""winners"": 1260891, ""prize_amount"": 5000}]",2012-11-17
521,"[3, 7, 18, 29, 32, 36]",19,"[{""rank"": ""1등"", ""winners"": 8, ""prize_amount"": 1693420922}, {""rank"": ""2등"", ""winners"": 53, ""prize_amount"": 42601785}, {""rank"": ""3등"", ""winners"": 1612, ""prize_amount"": 1400679}, {""rank"": ""4등"", ""winners"": 75589, ""prize_amount"": 50000}, {""rank"": ""5등"", ""winners"": 1250016, ""prize_amount"": 5000}]",2012-11-24
522,"[4, 5, 13, 14, 37, 41]",11,"[{""rank"": ""1등"", ""winners"": 6, ""prize_amount"": 2281623000}, {""rank"": ""2등"", ""winners"": 39, ""prize_amount"": 58503154}, {""rank"": ""3등"", ""winners"": 1495, ""prize_amount"": 1526170}, {""rank"": ""4등"", ""winners"": 76078, ""prize_amount"": 50000}, {""rank"": ""5등"", ""winners"": 1293961, ""prize_amount"": 5000}]",2012-12-01
523,"[1, 4, 37, 38, 40, 45]",7,"[{""rank"": ""1등"", ""winners"": 7, ""prize_amount"": 1780355840}, {""rank"": ""2등"", ""winners"": 43, ""prize_amount"": 48304229}, {""rank"": ""3등"", ""winners"": 1557, ""prize_amount"": 1334029}, {""rank"": ""4등"", ""winners"": 79706, ""prize_amount"": 50000}, {""rank"": ""5등"", ""winners"": 1247454, ""prize_amount"": 5000}]",2012-12-08
524,"[10, 11, 29, 38, 41, 45]",21,"[{""rank"": ""1등"", ""winners"": 4, ""prize_amount"": 3491695594}, {""rank"": ""2등"", ""winners"": 36, ""prize_amount"": 64661030}, {""rank"": ""3등"", ""winners"": 1338, ""prize_amount"": 1739759}, {""rank"": ""4등"", ""winners"": 67866, ""prize_amount"": 50000}, {""rank"": ""5등"", ""winners"": 1163075, ""prize_amount"": 5000}]",2012-12-15
525,"[11, 23, 26, 29, 39, 44]",22,"[{""rank"": ""1등"", ""winners"": 9, ""prize_amount"": 1501132375}, {""rank"": ""2등"", ""winners"": 41, ""prize_amount"": 54919478}, {""rank"": ""3등"", ""winners"": 1543, ""prize_amount"": 1459300}, {""rank"": ""4등"", ""winners"": 73791, ""prize_amount"": 50000}, {""rank"": ""5등"", ""winners"": 1215973, ""prize_amount"": 5000}]",2012-12-22
526,"[7, 14, 17, 20, 35, 39]",31,"[{""rank"": ""1등"", ""winners"": 9, ""prize_amount"": 1491031959}, {""rank"": ""2등"", ""winners"": 49, ""prize_amount"": 45643836}, {""rank"": ""3등"", ""winners"": 1539, ""prize_amount"": 1453248}, {""rank"": ""4등"", ""winners"": 78325, ""prize_amount"": 50000}, {""rank"": ""5등"", ""winners"": 1291054, ""prize_amount"": 5000}]",2012-12-29
527,"[1, 12, 22, 32, 33, 42]",38,"[{""rank"": ""1등"", ""winners"": 13, ""prize_amount"": 1032386366}, {""rank"": ""2등"", ""winners"": 29, ""prize_amount"": 77132315}, {""rank"": ""3등"", ""winners"": 1967, ""prize_amount"": 1137183}, {""rank"": ""4등"", ""winners"": 83212, ""prize_amount"": 50000}, {""rank"": ""5등"", ""winners"": 1287504, ""prize_amount"": 5000}]",2013-01-05
528,"[5, 17, 25, 31, 39, 40]",10,"[{""rank"": ""1등"", ""winners"": 11, ""prize_amount"": 1197889125}, {""rank"": ""2등"", ""winners"": 86, ""prize_amount"": 25536397}, {""rank"": ""3등"", ""winners"": 1811, ""prize_amount"": 1212662}, {""rank"": ""4등"", ""winners"": 87443, ""prize_amount"": 50000}, {""rank"": ""5등"", ""winners"": 1366616, ""prize_amount"": 5000}]",2013-01-12
529,"[18, 20, 24, 27, 31, 42]",39,"[{""rank"": ""1등"", ""winners"": 8, ""prize_amount"": 1749114797}, {""rank"": ""2등"", ""winners"": 33, ""prize_amount"": 70671305}, {""rank"": ""3등"", ""winners"": 1502, ""prize_amount"": 1552699}, {""rank"": ""4등"", ""winners"": 75069, ""prize_amount"": 50000}, {""rank"": ""5등"", ""winners"": 1282443, ""prize_amount"": 5000}]",2013-01-19
530,"[16, 23, 27, 29, 33, 41]",22,"[{""rank"": ""1등"", ""winners"": 11, ""prize_amount"": 1231656239}, {""rank"": ""2등"", ""winners"": 40, ""prize_amount"": 56450911}, {""rank"": ""3등"", ""winners"": 1449, ""prize_amount"": 1558342}, {""rank"": ""4등"", ""winners"": 75595, ""prize_amount"": 50000}, {""rank"": ""5등"", ""winners"": 1255300, ""prize_amount"": 5000}]",2013-01-26
531,"[1, 5, 9, 21, 27, 35]",45,"[{""rank"": ""1등"", ""winners"": 9, ""prize_amount"": 1521519750}, {""rank"": ""2등"", ""winners"": 42, ""prize_amount"": 54339992}, {""rank"": ""3등"", ""winners"": 1618, ""prize_amount"": 1410557}, {""rank"": ""4등"", ""winners"": 78757, ""prize_amount"": 50000}, {""rank"": ""5등"", ""winners"": 1317489, ""prize_amount"": 5000}]",2013-02-02
532,"[16, 17, 23, 24, 29, 44]",3,"[{""rank"": ""1등"", ""winners"": 7, ""prize_amount"": 2216896286}, {""rank"": ""2등"", ""winners"": 26, ""prize_amount"": 99476116}, {""rank"": ""3등"", ""winners"": 1480, ""prize_amount"": 1747554}, {""rank"": ""4등"", ""winners"": 74186, ""prize_amount"": 50000}, {""rank"": ""5등"", ""winners"": 1288672, ""prize_amount"": 5000}]",2013-02-09
533,"[9, 14, 15, 17, 31, 33]",23,"[{""rank"": ""1등"", ""winners"": 8, ""prize_amount"": 1785671579}, {""rank"": ""2등"", ""winners"": 44, ""prize_amount"": 54111260}, {""rank"": ""3등"", ""winners"": 1517, ""prize_amount"": 1569477}, {""rank"": ""4등"", ""winners"": 78509, ""prize_amount"": 50000}, {""rank"": ""5등"", ""winners"": 1333013, ""prize_amount"": 5000}]",2013-02-16
534,"[10, 24, 26, 29, 37, 38]",32,"[{""rank"": ""1등"", ""winners"": 1, ""prize_amount"": 14215763250}, {""rank"": ""2등"", ""winners"": 55, ""prize_amount"": 43078071}, {""rank"": ""3등"", ""winners"": 1537, ""prize_amount"": 1541506}, {""rank"": ""4등"", ""winners"": 79943, ""prize_amount"": 50000}, {""rank"": ""5등"", ""winners"": 1332446, ""prize_amount"": 5000}]",2013-02-23
535,"[11, 12, 14, 15, 18, 39]",34,"[{""rank"": ""1등"", ""winners"": 3, ""prize_amount"": 4935603000}, {""rank"": ""2등"", ""winners"": 31, ""prize_amount"": 79606500}, {""rank"": ""3등"", ""winners"": 1512, ""prize_amount"": 1632144}, {""rank"": ""4등"", ""winners"": 76742, ""prize_amount"": 50000}, {""rank"": ""5등"", ""winners"": 1336486, ""prize_amount"": 5000}]",2013-03-02
536,"[7, 8, 18, 32, 37, 43]",12,"[{""rank"": ""1등"", ""winners"": 11, ""prize_amount"": 1308523603}, {""rank"": ""2등"", ""winners"": 40, ""prize_amount"": 59973999}, {""rank"": ""3등"", ""winners"": 1676, ""prize_amount"": 1431361}, {""rank"": ""4등"", ""winners"": 80139, ""prize_amount"": 50000}, {""rank"": ""5등"", ""winners"": 1336621, ""prize_amount"": 5000}]",2013-03-09
537,"[12, 23, 26, 30, 36, 43]",11,"[{""rank"": ""1등"", ""winners"": 7, ""prize_amount"": 2104038911}, {""rank"": ""2등"", ""winners"": 35, ""prize_amount"": 70134631}, {""rank"": ""3등"", ""winners"": 1444, ""prize_amount"": 1699940}, {""rank"": ""4등"", ""winners"": 75265, ""prize_amount"": 50000}, {""rank"": ""5등"", ""winners"": 1265143, ""prize_amount"": 5000}]",2013-03-16
538,"[6, 10, 18, 31, 32, 34]",11,"[{""rank"": ""1등"", ""winners"": 3, ""prize_amount"": 4688021625}, {""rank"": ""2등"", ""winners"": 48, ""prize_amount"": 48833559}, {""rank"": ""3등"", ""winners"": 1724, ""prize_amount"": 1359636}, {""rank"": ""4등"", ""winners"": 82529, ""prize_amount"": 50000}, {""rank"": ""5등"", ""winners"": 1347630, ""prize_amount"": 5000}]",2013-03-23
539,"[3, 19, 22, 31, 42, 43]",26,"[{""rank"": ""1등"", ""winners"": 9, ""prize_amount"": 1621036667}, {""rank"": ""2등"", ""winners"": 42, ""prize_amount"": 57894167}, {""rank"": ""3등"", ""winners"": 1519, ""prize_amount"": 1600761}, {""rank"": ""4등"", ""winners"": 75592, ""prize_amount"": 50000}, {""rank"": ""5등"", ""winners"": 1270479, ""prize_amount"": 5000}]",2013-03-30
540,"[3, 12, 13, 15, 34, 36]",14,"[{""rank"": ""1등"", ""winners"": 7, ""prize_amount"": 1989365250}, {""rank"": ""2등"", ""winners"": 26, ""prize_amount"": 89266390}, {""rank"": ""3등"", ""winners"": 1409, ""prize_amount"": 1647216}, {""rank"": ""4등"", ""winners"": 72629, ""prize_amount"": 50000}, {""rank"": ""5등"", ""winners"": 1234194, ""prize_amount"": 5000}]",2013-04-06
541,"[8, 13, 26, 28, 32, 34]",43,"[{""rank"": ""1등"", ""winners"": 11, ""prize_amount"": 1269327171}, {""rank"": ""2등"", ""winners"": 40, ""prize_amount"": 58177496}, {""rank"": ""3등"", ""winners"": 1444, ""prize_amount"": 1611565}, {""rank"": ""4등"", ""winners"": 73911, ""prize_amount"": 50000}, {""rank"": ""5등"", ""winners"": 1246235, ""prize_amount"": 5000}]",2013-04-13
542,"[5, 6, 19, 26, 41, 45]",34,"[{""rank"": ""1등"", ""winners"": 6, ""prize_amount"": 2335152563}, {""rank"": ""2등"", ""winners"": 26, ""prize_amount"": 89813561}, {""rank"": ""3등"", ""winners"": 1456, ""prize_amount"": 1603814}, {""rank"": ""4등"", ""winners"": 72242, ""prize_amount"": 50000}, {""rank"": ""5등"", ""winners"": 1236252, ""prize_amount"": 5000}]",2013-04-20
543,"[13, 18, 26, 31, 34, 44]",12,"[{""rank"": ""1등"", ""winners"": 12, ""prize_amount"": 1112934844}, {""rank"": ""2등"", ""winners"": 47, ""prize_amount"": 47358930}, {""rank"": ""3등"", ""winners"": 1968, ""prize_amount"": 1131032}, {""rank"": ""4등"", ""winners"": 81520, ""prize_amount"": 50000}, {""rank"": ""5등"", ""winners"": 1280433, ""prize_amount"": 5000}]",2013-04-27
544,"[5, 17, 21, 25, 36, 44]",10,"[{""rank"": ""1등"", ""winners"": 13, ""prize_amount"": 1046388433}, {""rank"": ""2등"", ""winners"": 47, ""prize_amount"": 48237765}, {""rank"": ""3등"", ""winners"": 1527, ""prize_amount"": 1484725}, {""rank"": ""4등"", ""winners"": 74263, ""prize_amount"": 50000}, {""rank"": ""5등"", ""winners"": 1235509, ""prize_amount"": 5000}]",2013-05-04
545,"[4, 24, 25, 27, 34, 35]",2,"[{""rank"": ""1등"", ""winners"": 11, ""prize_amount"": 1198994353}, {""rank"": ""2등"", ""winners"": 42, ""prize_amount"": 52337056}, {""rank"": ""3등"", ""winners"": 1497, ""prize_amount"": 1468375}, {""rank"": ""4등"", ""winners"": 77301, ""prize_amount"": 50000}, {""rank"": ""5등"", ""winners"": 1306657, ""prize_amount"": 5000}]",2013-05-11
546,"[8, 17, 20, 27, 37, 43]",6,"[{""rank"": ""1등"", ""winners"": 30, ""prize_amount"": 405939950}, {""rank"": ""2등"", ""winners"": 55, ""prize_amount"": 36903632}, {""rank"": ""3등"", ""winners"": 3110, ""prize_amount"": 652637}, {""rank"": ""4등"", ""winners"": 104469, ""prize_amount"": 50000}, {""rank"": ""5등"", ""winners"": 1379107, ""prize_amount"": 5000}]",2013-05-18
547,"[6, 7, 15, 22, 34, 39]",28,"[{""rank"": ""1등"", ""winners"": 5, ""prize_amount"": 2838444450}, {""rank"": ""2등"", ""winners"": 54, ""prize_amount"": 43803156}, {""rank"": ""3등"", ""winners"": 1548, ""prize_amount"": 1528018}, {""rank"": ""4등"", ""winners"": 75527, ""prize_amount"": 50000}, {""rank"": ""5등"", ""winners"": 1256984, ""prize_amount"": 5000}]",2013-05-25
548,"[1, 12, 13, 21, 32, 45]",14,"[{""rank"": ""1등"", ""winners"": 8, ""prize_amount"": 1736871891}, {""rank"": ""2등"", ""winners"": 46, ""prize_amount"": 50344113}, {""rank"": ""3등"", ""winners"": 1646, ""prize_amount"": 1406944}, {""rank"": ""4등"", ""winners"": 78057, ""prize_amount"": 50000}, {""rank"": ""5등"", ""winners"": 1291286, ""prize_amount"": 5000}]",2013-06-01
549,"[29, 31, 35, 38, 40, 44]",17,"[{""rank"": ""1등"", ""winners"": 8, ""prize_amount"": 1760805047}, {""rank"": ""2등"", ""winners"": 35, ""prize_amount"": 67078288}, {""rank"": ""3등"", ""winners"": 1487, ""prize_amount"": 1578844}, {""rank"": ""4등"", ""winners"": 71700, ""prize_amount"": 50000}, {""rank"": ""5등"", ""winners"": 1213077, ""prize_amount"": 5000}]",2013-06-08
550,"[1, 7, 14, 20, 34, 37]",41,"[{""rank"": ""1등"", ""winners"": 11, ""prize_amount"": 1118679205}, {""rank"": ""2등"", ""winners"": 58, ""prize_amount"": 35360550}, {""rank"": ""3등"", ""winners"": 2728, ""prize_amount"": 751801}, {""rank"": ""4등"", ""winners"": 103421, ""prize_amount"": 50000}, {""rank"": ""5등"", ""winners"": 1328508, ""prize_amount"": 5000}]",2013-06-15
551,"[3, 6, 20, 24, 27, 44]",25,"[{""rank"": ""1등"", ""winners"": 1, ""prize_amount"": 13526973750}, {""rank"": ""2등"", ""winners"": 32, ""prize_amount"": 70452989}, {""rank"": ""3등"", ""winners"": 1440, ""prize_amount"": 1565622}, {""rank"": ""4등"", ""winners"": 77811, ""prize_amount"": 50000}, {""rank"": ""5등"", ""winners"": 1313634, ""prize_amount"": 5000}]",2013-06-22
552,"[1, 10, 20, 32, 35, 40]",43,"[{""rank"": ""1등"", ""winners"": 10, ""prize_amount"": 1330824225}, {""rank"": ""2등"", ""winners"": 45, ""prize_amount"": 49289787}, {""rank"": ""3등"", ""winners"": 1808, ""prize_amount"": 1226793}, {""rank"": ""4등"", ""winners"": 86409, ""prize_amount"": 50000}, {""rank"": ""5등"", ""winners"": 1347284, ""prize_amount"": 5000}]",2013-06-29
553,"[2, 7, 17, 28, 29, 39]",37,"[{""rank"": ""1등"", ""winners"": 6, ""prize_amount"": 2249631438}, {""rank"": ""2등"", ""winners"": 52, ""prize_amount"": 43262144}, {""rank"": ""3등"", ""winners"": 1647, ""prize_amount"": 1365897}, {""rank"": ""4등"", ""winners"": 77687, ""prize_amount"": 50000}, {""rank"": ""5등"", ""winners"": 1272468, ""prize_amount"": 5000}]",2013-07-06
554,"[13, 14, 17, 32, 41, 42]",6,"[{""rank"": ""1등"", ""winners"": 2, ""prize_amount"": 6813893625}, {""rank"": ""2등"", ""winners"": 41, ""prize_amount"": 55397510}, {""rank"": ""3등"", ""winners"": 1484, ""prize_amount"": 1530525}, {""rank"": ""4등"", ""winners"": 74436, ""prize_amount"": 50000}, {""rank"": ""5등"", ""winners"": 1234010, ""prize_amount"": 5000}]",2013-07-13
555,"[11, 17, 21, 24, 26, 36]",12,"[{""rank"": ""1등"", ""winners"": 8, ""prize_amount"": 1711027360}, {""rank"": ""2등"", ""winners"": 46, ""prize_amount"": 49594996}, {""rank"": ""3등"", ""winners"": 1554, ""prize_amount"": 1468063}, {""rank"": ""4등"", ""winners"": 78046, ""prize_amount"": 50000}, {""rank"": ""5등"", ""winners"": 1296730, ""prize_amount"": 5000}]",2013-07-20
556,"[12, 20, 23, 28, 30, 44]",43,"[{""rank"": ""1등"", ""winners"": 7, ""prize_amount"": 2005209161}, {""rank"": ""2등"", ""winners"": 41, ""prize_amount"": 57058798}, {""rank"": ""3등"", ""winners"": 1411, ""prize_amount"": 1657981}, {""rank"": ""4등"", ""winners"": 73689, ""prize_amount"": 50000}, {""rank"": ""5등"", ""winners"": 1257532, ""prize_amount"": 5000}]",2013-07-27
557,"[4, 20, 26, 28, 35, 40]",31,"[{""rank"": ""1등"", ""winners"": 7, ""prize_amount"": 1888069286}, {""rank"": ""2등"", ""winners"": 43, ""prize_amount"": 51226687}, {""rank"": ""3등"", ""winners"": 1503, ""prize_amount"": 1465568}, {""rank"": ""4등"", ""winners"": 74569, ""prize_amount"": 50000}, {""rank"": ""5등"", ""winners"": 1238570, ""prize_amount"": 5000}]",2013-08-03
558,"[12, 15, 19, 26, 40, 43]",29,"[{""rank"": ""1등"", ""winners"": 10, ""prize_amount"": 1315913663}, {""rank"": ""2등"", ""winners"": 51, ""prize_amount"": 43003715}, {""rank"": ""3등"", ""winners"": 1408, ""prize_amount"": 1557663}, {""rank"": ""4등"", ""winners"": 77834, ""prize_amount"": 50000}, {""rank"": ""5등"", ""winners"": 1206457, ""prize_amount"": 5000}]",2013-08-10
559,"[11, 12, 25, 32, 44, 45]",23,"[{""rank"": ""1등"", ""winners"": 7, ""prize_amount"": 1926145608}, {""rank"": ""2등"", ""winners"": 42, ""prize_amount"": 53504045}, {""rank"": ""3등"", ""winners"": 1566, ""prize_amount"": 1434975}, {""rank"": ""4등"", ""winners"": 73823, ""prize_amount"": 50000}, {""rank"": ""5등"", ""winners"": 1239640, ""prize_amount"": 5000}]",2013-08-17
560,"[1, 4, 20, 23, 29, 45]",28,"[{""rank"": ""1등"", ""winners"": 7, ""prize_amount"": 1976697215}, {""rank"": ""2등"", ""winners"": 40, ""prize_amount"": 57653669}, {""rank"": ""3등"", ""winners"": 1476, ""prize_amount"": 1562431}, {""rank"": ""4등"", ""winners"": 73123, ""prize_amount"": 50000}, {""rank"": ""5등"", ""winners"": 1235465, ""prize_amount"": 5000}]",2013-08-24
561,"[5, 7, 18, 37, 42, 45]",20,"[{""rank"": ""1등"", ""winners"": 5, ""prize_amount"": 2753712225}, {""rank"": ""2등"", ""winners"": 41, ""prize_amount"": 55969761}, {""rank"": ""3등"", ""winners"": 1434, ""prize_amount"": 1600252}, {""rank"": ""4등"", ""winners"": 73966, ""prize_amount"": 50000}, {""rank"": ""5등"", ""winners"": 1252562, ""prize_amount"": 5000}]",2013-08-31
562,"[4, 11, 13, 17, 20, 31]",33,"[{""rank"": ""1등"", ""winners"": 11, ""prize_amount"": 1166694614}, {""rank"": ""2등"", ""winners"": 51, ""prize_amount"": 41940003}, {""rank"": ""3등"", ""winners"": 1789, ""prize_amount"": 1195607}, {""rank"": ""4등"", ""winners"": 85094, ""prize_amount"": 50000}, {""rank"": ""5등"", ""winners"": 1355577, ""prize_amount"": 5000}]",2013-09-07
563,"[5, 10, 16, 17, 31, 32]",21,"[{""rank"": ""1등"", ""winners"": 7, ""prize_amount"": 1932735643}, {""rank"": ""2등"", ""winners"": 38, ""prize_amount"": 59338375}, {""rank"": ""3등"", ""winners"": 1642, ""prize_amount"": 1373239}, {""rank"": ""4등"", ""winners"": 79945, ""prize_amount"": 50000}, {""rank"": ""5등"", ""winners"": 1324790, ""prize_amount"": 5000}]",2013-09-14
564,"[14, 19, 25, 26, 27, 34]",2,"[{""rank"": ""1등"", ""winners"": 7, ""prize_amount"": 1934801143}, {""rank"": ""2등"", ""winners"": 32, ""prize_amount"": 70539625}, {""rank"": ""3등"", ""winners"": 1649, ""prize_amount"": 1368871}, {""rank"": ""4등"", ""winners"": 83100, ""prize_amount"": 50000}, {""rank"": ""5등"", ""winners"": 1358618, ""prize_amount"": 5000}]",2013-09-21
565,"[4, 10, 18, 27, 40, 45]",38,"[{""rank"": ""1등"", ""winners"": 8, ""prize_amount"": 1742064469}, {""rank"": ""2등"", ""winners"": 39, ""prize_amount"": 59557760}, {""rank"": ""3등"", ""winners"": 1866, ""prize_amount"": 1244777}, {""rank"": ""4등"", ""winners"": 85438, ""prize_amount"": 50000}, {""rank"": ""5등"", ""winners"": 1384878, ""prize_amount"": 5000}]",2013-09-28
566,"[4, 5, 6, 25, 26, 43]",41,"[{""rank"": ""1등"", ""winners"": 4, ""prize_amount"": 3508951032}, {""rank"": ""2등"", ""winners"": 35, ""prize_amount"": 66837163}, {""rank"": ""3등"", ""winners"": 1555, ""prize_amount"": 1504374}, {""rank"": ""4등"", ""winners"": 74789, ""prize_amount"": 50000}, {""rank"": ""5등"", ""winners"": 1275890, ""prize_amount"": 5000}]",2013-10-05
567,"[1, 10, 15, 16, 32, 41]",28,"[{""rank"": ""1등"", ""winners"": 6, ""prize_amount"": 2318659438}, {""rank"": ""2등"", ""winners"": 53, ""prize_amount"": 43748292}, {""rank"": ""3등"", ""winners"": 1547, ""prize_amount"": 1498811}, {""rank"": ""4등"", ""winners"": 76284, ""prize_amount"": 50000}, {""rank"": ""5등"", ""winners"": 1271252, ""prize_amount"": 5000}]",2013-10-12
568,"[1, 3, 17, 20, 31, 44]",40,"[{""rank"": ""1등"", ""winners"": 10, ""prize_amount"": 1305167550}, {""rank"": ""2등"", ""winners"": 50, ""prize_amount"": 43505585}, {""rank"": ""3등"", ""winners"": 1845, ""prize_amount"": 1179014}, {""rank"": ""4등"", ""winners"": 87784, ""prize_amount"": 50000}, {""rank"": ""5등"", ""winners"": 1409876, ""prize_amount"": 5000}]",2013-10-19
569,"[3, 6, 13, 23, 24, 35]",1,"[{""rank"": ""1등"", ""winners"": 4, ""prize_amount"": 3467925188}, {""rank"": ""2등"", ""winners"": 36, ""prize_amount"": 64220837}, {""rank"": ""3등"", ""winners"": 1706, ""prize_amount"": 1355188}, {""rank"": ""4등"", ""winners"": 81582, ""prize_amount"": 50000}, {""rank"": ""5등"", ""winners"": 1329250, ""prize_amount"": 5000}]",2013-10-26
570,"[1, 12, 26, 27, 29, 33]",42,"[{""rank"": ""1등"", ""winners"": 9, ""prize_amount"": 1527791625}, {""rank"": ""2등"", ""winners"": 38, ""prize_amount"": 60307565}, {""rank"": ""3등"", ""winners"": 1573, ""prize_amount"": 1456890}, {""rank"": ""4등"", ""winners"": 77565, ""prize_amount"": 50000}, {""rank"": ""5등"", ""winners"": 1323078, ""prize_amount"": 5000}]",2013-11-02
571,"[11, 18, 21, 26, 38, 43]",29,"[{""rank"": ""1등"", ""winners"": 7, ""prize_amount"": 1966538465}, {""rank"": ""2등"", ""winners"": 33, ""prize_amount"": 69524088}, {""rank"": ""3등"", ""winners"": 1506, ""prize_amount"": 1523437}, {""rank"": ""4등"", ""winners"": 74042, ""prize_amount"": 50000}, {""rank"": ""5등"", ""winners"": 1238061, ""prize_amount"": 5000}]",2013-11-09
572,"[3, 13, 18, 33, 37, 45]",1,"[{""rank"": ""1등"", ""winners"": 8, ""prize_amount"": 1668216188}, {""rank"": ""2등"", ""winners"": 53, ""prize_amount"": 41967703}, {""rank"": ""3등"", ""winners"": 1734, ""prize_amount"": 1282750}, {""rank"": ""4등"", ""winners"": 81361, ""prize_amount"": 50000}, {""rank"": ""5등"", ""winners"": 1274889, ""prize_amount"": 5000}]",2013-11-16
573,"[2, 4, 20, 34, 35, 43]",14,"[{""rank"": ""1등"", ""winners"": 8, ""prize_amount"": 1645691766}, {""rank"": ""2등"", ""winners"": 50, ""prize_amount"": 43885114}, {""rank"": ""3등"", ""winners"": 1622, ""prize_amount"": 1352809}, {""rank"": ""4등"", ""winners"": 78997, ""prize_amount"": 50000}, {""rank"": ""5등"", ""winners"": 1308493, ""prize_amount"": 5000}]",2013-11-23
574,"[14, 15, 16, 19, 25, 43]",2,"[{""rank"": ""1등"", ""winners"": 2, ""prize_amount"": 6965184938}, {""rank"": ""2등"", ""winners"": 33, ""prize_amount"": 70355404}, {""rank"": ""3등"", ""winners"": 1259, ""prize_amount"": 1844106}, {""rank"": ""4등"", ""winners"": 68910, ""prize_amount"": 50000}, {""rank"": ""5등"", ""winners"": 1184428, ""prize_amount"": 5000}]",2013-11-30
575,"[2, 8, 20, 30, 33, 34]",6,"[{""rank"": ""1등"", ""winners"": 8, ""prize_amount"": 1699267875}, {""rank"": ""2등"", ""winners"": 45, ""prize_amount"": 50348678}, {""rank"": ""3등"", ""winners"": 1488, ""prize_amount"": 1522642}, {""rank"": ""4등"", ""winners"": 75000, ""prize_amount"": 50000}, {""rank"": ""5등"", ""winners"": 1257969, ""prize_amount"": 5000}]",2013-12-07
576,"[10, 11, 15, 25, 35, 41]",13,"[{""rank"": ""1등"", ""winners"": 3, ""prize_amount"": 4321966000}, {""rank"": ""2등"", ""winners"": 54, ""prize_amount"": 40018204}, {""rank"": ""3등"", ""winners"": 1561, ""prize_amount"": 1384359}, {""rank"": ""4등"", ""winners"": 76903, ""prize_amount"": 50000}, {""rank"": ""5등"", ""winners"": 1242512, ""prize_amount"": 5000}]",2013-12-14
577,"[16, 17, 22, 31, 34, 37]",33,"[{""rank"": ""1등"", ""winners"": 3, ""prize_amount"": 4484438375}, {""rank"": ""2등"", ""winners"": 42, ""prize_amount"": 53386172}, {""rank"": ""3등"", ""winners"": 1526, ""prize_amount"": 1469345}, {""rank"": ""4등"", ""winners"": 79150, ""prize_amount"": 50000}, {""rank"": ""5등"", ""winners"": 1322032, ""prize_amount"": 5000}]",2013-12-21
578,"[5, 12, 14, 32, 34, 42]",16,"[{""rank"": ""1등"", ""winners"": 5, ""prize_amount"": 2796466575}, {""rank"": ""2등"", ""winners"": 43, ""prize_amount"": 54195089}, {""rank"": ""3등"", ""winners"": 1615, ""prize_amount"": 1442966}, {""rank"": ""4등"", ""winners"": 80303, ""prize_amount"": 50000}, {""rank"": ""5등"", ""winners"": 1326822, ""prize_amount"": 5000}]",2013-12-28
579,"[5, 7, 20, 22, 37, 42]",39,"[{""rank"": ""1등"", ""winners"": 11, ""prize_amount"": 1396068444}, {""rank"": ""2등"", ""winners"": 46, ""prize_amount"": 55640409}, {""rank"": ""3등"", ""winners"": 1769, ""prize_amount"": 1446840}, {""rank"": ""4등"", ""winners"": 85011, ""prize_amount"": 50000}, {""rank"": ""5등"", ""winners"": 1408043, ""prize_amount"": 5000}]",2014-01-04
580,"[5, 7, 9, 11, 32, 35]",33,"[{""rank"": ""1등"", ""winners"": 7, ""prize_amount"": 2028610500}, {""rank"": ""2등"", ""winners"": 42, ""prize_amount"": 56350292}, {""rank"": ""3등"", ""winners"": 1665, ""prize_amount"": 1421449}, {""rank"": ""4등"", ""winners"": 86352, ""prize_amount"": 50000}, {""rank"": ""5등"", ""winners"": 1401162, ""prize_amount"": 5000}]",2014-01-11
581,"[3, 5, 14, 20, 42, 44]",33,"[{""rank"": ""1등"", ""winners"": 8, ""prize_amount"": 1844554547}, {""rank"": ""2등"", ""winners"": 39, ""prize_amount"": 63061694}, {""rank"": ""3등"", ""winners"": 1384, ""prize_amount"": 1777028}, {""rank"": ""4등"", ""winners"": 76964, ""prize_amount"": 50000}, {""rank"": ""5등"", ""winners"": 1321056, ""prize_amount"": 5000}]",2014-01-18
582,"[2, 12, 14, 33, 40, 41]",25,"[{""rank"": ""1등"", ""winners"": 4, ""prize_amount"": 3560558719}, {""rank"": ""2등"", ""winners"": 57, ""prize_amount"": 41643962}, {""rank"": ""3등"", ""winners"": 1631, ""prize_amount"": 1455369}, {""rank"": ""4등"", ""winners"": 79917, ""prize_amount"": 50000}, {""rank"": ""5등"", ""winners"": 1333596, ""prize_amount"": 5000}]",2014-01-25
583,"[8, 17, 27, 33, 40, 44]",24,"[{""rank"": ""1등"", ""winners"": 11, ""prize_amount"": 1341848353}, {""rank"": ""2등"", ""winners"": 51, ""prize_amount"": 48236379}, {""rank"": ""3등"", ""winners"": 1826, ""prize_amount"": 1347238}, {""rank"": ""4등"", ""winners"": 88583, ""prize_amount"": 50000}, {""rank"": ""5등"", ""winners"": 1445611, ""prize_amount"": 5000}]",2014-02-01
584,"[7, 18, 30, 39, 40, 41]",36,"[{""rank"": ""1등"", ""winners"": 3, ""prize_amount"": 5033183250}, {""rank"": ""2등"", ""winners"": 32, ""prize_amount"": 78643489}, {""rank"": ""3등"", ""winners"": 1464, ""prize_amount"": 1718984}, {""rank"": ""4등"", ""winners"": 77972, ""prize_amount"": 50000}, {""rank"": ""5등"", ""winners"": 1328119, ""prize_amount"": 5000}]",2014-02-08
585,"[6, 7, 10, 16, 38, 41]",4,"[{""rank"": ""1등"", ""winners"": 9, ""prize_amount"": 1620546334}, {""rank"": ""2등"", ""winners"": 45, ""prize_amount"": 54018212}, {""rank"": ""3등"", ""winners"": 1528, ""prize_amount"": 1590851}, {""rank"": ""4등"", ""winners"": 79691, ""prize_amount"": 50000}, {""rank"": ""5등"", ""winners"": 1339079, ""prize_amount"": 5000}]",2014-02-15
586,"[2, 7, 12, 15, 21, 34]",5,"[{""rank"": ""1등"", ""winners"": 8, ""prize_amount"": 1778354344}, {""rank"": ""2등"", ""winners"": 46, ""prize_amount"": 51546503}, {""rank"": ""3등"", ""winners"": 1570, ""prize_amount"": 1510280}, {""rank"": ""4등"", ""winners"": 80965, ""prize_amount"": 50000}, {""rank"": ""5등"", ""winners"": 1346737, ""prize_amount"": 5000}]",2014-02-22
587,"[14, 21, 29, 31, 32, 37]",17,"[{""rank"": ""1등"", ""winners"": 3, ""prize_amount"": 4974577375}, {""rank"": ""2등"", ""winners"": 43, ""prize_amount"": 57843923}, {""rank"": ""3등"", ""winners"": 1437, ""prize_amount"": 1730890}, {""rank"": ""4등"", ""winners"": 73745, ""prize_amount"": 50000}, {""rank"": ""5등"", ""winners"": 1254438, ""prize_amount"": 5000}]",2014-03-01
588,"[2, 8, 15, 22, 25, 41]",30,"[{""rank"": ""1등"", ""winners"": 5, ""prize_amount"": 2889342075}, {""rank"": ""2등"", ""winners"": 43, ""prize_amount"": 55995002}, {""rank"": ""3등"", ""winners"": 1676, ""prize_amount"": 1436626}, {""rank"": ""4등"", ""winners"": 78517, ""prize_amount"": 50000}, {""rank"": ""5등"", ""winners"": 1315684, ""prize_amount"": 5000}]",2014-03-08
589,"[6, 8, 28, 33, 38, 39]",22,"[{""rank"": ""1등"", ""winners"": 7, ""prize_amount"": 2136877983}, {""rank"": ""2등"", ""winners"": 42, ""prize_amount"": 59357722}, {""rank"": ""3등"", ""winners"": 1559, ""prize_amount"": 1599118}, {""rank"": ""4등"", ""winners"": 77435, ""prize_amount"": 50000}, {""rank"": ""5등"", ""winners"": 1301184, ""prize_amount"": 5000}]",2014-03-15
590,"[20, 30, 36, 38, 41, 45]",23,"[{""rank"": ""1등"", ""winners"": 7, ""prize_amount"": 2185183983}, {""rank"": ""2등"", ""winners"": 31, ""prize_amount"": 82238107}, {""rank"": ""3등"", ""winners"": 1370, ""prize_amount"": 1860863}, {""rank"": ""4등"", ""winners"": 70019, ""prize_amount"": 50000}, {""rank"": ""5등"", ""winners"": 1221113, ""prize_amount"": 5000}]",2014-03-22
591,"[8, 13, 14, 30, 38, 39]",5,"[{""rank"": ""1등"", ""winners"": 5, ""prize_amount"": 2964676200}, {""rank"": ""2등"", ""winners"": 38, ""prize_amount"": 65014829}, {""rank"": ""3등"", ""winners"": 1483, ""prize_amount"": 1665923}, {""rank"": ""4등"", ""winners"": 73310, ""prize_amount"": 50000}, {""rank"": ""5등"", ""winners"": 1251393, ""prize_amount"": 5000}]",2014-03-29
592,"[2, 5, 6, 13, 28, 44]",43,"[{""rank"": ""1등"", ""winners"": 6, ""prize_amount"": 2356381688}, {""rank"": ""2등"", ""winners"": 28, ""prize_amount"": 84156489}, {""rank"": ""3등"", ""winners"": 1406, ""prize_amount"": 1675948}, {""rank"": ""4등"", ""winners"": 75519, ""prize_amount"": 50000}, {""rank"": ""5등"", ""winners"": 1284347, ""prize_amount"": 5000}]",2014-04-05
593,"[9, 10, 13, 24, 33, 38]",28,"[{""rank"": ""1등"", ""winners"": 9, ""prize_amount"": 1532833500}, {""rank"": ""2등"", ""winners"": 62, ""prize_amount"": 37084682}, {""rank"": ""3등"", ""winners"": 1818, ""prize_amount"": 1264715}, {""rank"": ""4등"", ""winners"": 87413, ""prize_amount"": 50000}, {""rank"": ""5등"", ""winners"": 1383890, ""prize_amount"": 5000}]",2014-04-12
594,"[2, 8, 13, 25, 28, 37]",3,"[{""rank"": ""1등"", ""winners"": 11, ""prize_amount"": 1255592796}, {""rank"": ""2등"", ""winners"": 42, ""prize_amount"": 54807623}, {""rank"": ""3등"", ""winners"": 1750, ""prize_amount"": 1315383}, {""rank"": ""4등"", ""winners"": 79157, ""prize_amount"": 50000}, {""rank"": ""5등"", ""winners"": 1301802, ""prize_amount"": 5000}]",2014-04-19
595,"[8, 24, 28, 35, 38, 40]",5,"[{""rank"": ""1등"", ""winners"": 8, ""prize_amount"": 1744525219}, {""rank"": ""2등"", ""winners"": 54, ""prize_amount"": 43074697}, {""rank"": ""3등"", ""winners"": 1501, ""prize_amount"": 1549656}, {""rank"": ""4등"", ""winners"": 77652, ""prize_amount"": 50000}, {""rank"": ""5등"", ""winners"": 1281555, ""prize_amount"": 5000}]",2014-04-26
596,"[3, 4, 12, 14, 25, 43]",17,"[{""rank"": ""1등"", ""winners"": 10, ""prize_amount"": 1328267663}, {""rank"": ""2등"", ""winners"": 41, ""prize_amount"": 53994621}, {""rank"": ""3등"", ""winners"": 1651, ""prize_amount"": 1340872}, {""rank"": ""4등"", ""winners"": 80007, ""prize_amount"": 50000}, {""rank"": ""5등"", ""winners"": 1313990, ""prize_amount"": 5000}]",2014-05-03
597,"[8, 10, 23, 24, 35, 43]",37,"[{""rank"": ""1등"", ""winners"": 13, ""prize_amount"": 1057920606}, {""rank"": ""2등"", ""winners"": 46, ""prize_amount"": 49829594}, {""rank"": ""3등"", ""winners"": 1532, ""prize_amount"": 1496189}, {""rank"": ""4등"", ""winners"": 75553, ""prize_amount"": 50000}, {""rank"": ""5등"", ""winners"": 1260248, ""prize_amount"": 5000}]",2014-05-10
598,"[4, 12, 24, 33, 38, 45]",22,"[{""rank"": ""1등"", ""winners"": 16, ""prize_amount"": 833998594}, {""rank"": ""2등"", ""winners"": 50, ""prize_amount"": 44479925}, {""rank"": ""3등"", ""winners"": 2053, ""prize_amount"": 1083291}, {""rank"": ""4등"", ""winners"": 86005, ""prize_amount"": 50000}, {""rank"": ""5등"", ""winners"": 1333411, ""prize_amount"": 5000}]",2014-05-17
599,"[5, 12, 17, 29, 34, 35]",27,"[{""rank"": ""1등"", ""winners"": 8, ""prize_amount"": 1710918329}, {""rank"": ""2등"", ""winners"": 43, ""prize_amount"": 53051732}, {""rank"": ""3등"", ""winners"": 1685, ""prize_amount"": 1353843}, {""rank"": ""4등"", ""winners"": 79069, ""prize_amount"": 50000}, {""rank"": ""5등"", ""winners"": 1297530, ""prize_amount"": 5000}]",2014-05-24
600,"[5, 11, 14, 27, 29, 36]",44,"[{""rank"": ""1등"", ""winners"": 15, ""prize_amount"": 901798725}, {""rank"": ""2등"", ""winners"": 41, ""prize_amount"": 54987728}, {""rank"": ""3등"", ""winners"": 1518, ""prize_amount"": 1485176}, {""rank"": ""4등"", ""winners"": 77138, ""prize_amount"": 50000}, {""rank"": ""5등"", ""winners"": 1258677, ""prize_amount"": 5000}]",2014-05-31
601,"[2, 16, 19, 31, 34, 35]",37,"[{""rank"": ""1등"", ""winners"": 9, ""prize_amount"": 1524565209}, {""rank"": ""2등"", ""winners"": 28, ""prize_amount"": 81673137}, {""rank"": ""3등"", ""winners"": 1516, ""prize_amount"": 1508475}, {""rank"": ""4등"", ""winners"": 72233, ""prize_amount"": 50000}, {""rank"": ""5등"", ""winners"": 1205559, ""prize_amount"": 5000}]",2014-06-07
602,"[13, 14, 22, 27, 30, 38]",2,"[{""rank"": ""1등"", ""winners"": 8, ""prize_amount"": 1689530860}, {""rank"": ""2등"", ""winners"": 42, ""prize_amount"": 53635901}, {""rank"": ""3등"", ""winners"": 1675, ""prize_amount"": 1344901}, {""rank"": ""4등"", ""winners"": 77026, ""prize_amount"": 50000}, {""rank"": ""5등"", ""winners"": 1251693, ""prize_amount"": 5000}]",2014-06-14
603,"[2, 19, 25, 26, 27, 43]",28,"[{""rank"": ""1등"", ""winners"": 4, ""prize_amount"": 3452136563}, {""rank"": ""2등"", ""winners"": 30, ""prize_amount"": 76714146}, {""rank"": ""3등"", ""winners"": 1363, ""prize_amount"": 1688500}, {""rank"": ""4등"", ""winners"": 71799, ""prize_amount"": 50000}, {""rank"": ""5등"", ""winners"": 1227396, ""prize_amount"": 5000}]",2014-06-21
604,"[2, 6, 18, 21, 33, 34]",30,"[{""rank"": ""1등"", ""winners"": 11, ""prize_amount"": 1229141557}, {""rank"": ""2등"", ""winners"": 36, ""prize_amount"": 62595172}, {""rank"": ""3등"", ""winners"": 1451, ""prize_amount"": 1553016}, {""rank"": ""4등"", ""winners"": 75476, ""prize_amount"": 50000}, {""rank"": ""5등"", ""winners"": 1266398, ""prize_amount"": 5000}]",2014-06-28
605,"[1, 2, 7, 9, 10, 38]",42,"[{""rank"": ""1등"", ""winners"": 9, ""prize_amount"": 1394232250}, {""rank"": ""2등"", ""winners"": 40, ""prize_amount"": 52283710}, {""rank"": ""3등"", ""winners"": 2286, ""prize_amount"": 914851}, {""rank"": ""4등"", ""winners"": 92980, ""prize_amount"": 50000}, {""rank"": ""5등"", ""winners"": 1386335, ""prize_amount"": 5000}]",2014-07-05
606,"[1, 5, 6, 14, 20, 39]",22,"[{""rank"": ""1등"", ""winners"": 10, ""prize_amount"": 1311566850}, {""rank"": ""2등"", ""winners"": 44, ""prize_amount"": 49680563}, {""rank"": ""3등"", ""winners"": 1542, ""prize_amount"": 1417604}, {""rank"": ""4등"", ""winners"": 82879, ""prize_amount"": 50000}, {""rank"": ""5등"", ""winners"": 1366588, ""prize_amount"": 5000}]",2014-07-12
607,"[8, 14, 23, 36, 38, 39]",13,"[{""rank"": ""1등"", ""winners"": 4, ""prize_amount"": 3494480907}, {""rank"": ""2등"", ""winners"": 35, ""prize_amount"": 66561542}, {""rank"": ""3등"", ""winners"": 1448, ""prize_amount"": 1608878}, {""rank"": ""4등"", ""winners"": 73277, ""prize_amount"": 50000}, {""rank"": ""5등"", ""winners"": 1220405, ""prize_amount"": 5000}]",2014-07-19
608,"[4, 8, 18, 19, 39, 44]",41,"[{""rank"": ""1등"", ""winners"": 7, ""prize_amount"": 1943530018}, {""rank"": ""2등"", ""winners"": 32, ""prize_amount"": 70857866}, {""rank"": ""3등"", ""winners"": 1516, ""prize_amount"": 1495681}, {""rank"": ""4등"", ""winners"": 74353, ""prize_amount"": 50000}, {""rank"": ""5등"", ""winners"": 1243159, ""prize_amount"": 5000}]",2014-07-26
609,"[4, 8, 27, 34, 39, 40]",13,"[{""rank"": ""1등"", ""winners"": 2, ""prize_amount"": 6339311438}, {""rank"": ""2등"", ""winners"": 47, ""prize_amount"": 44959656}, {""rank"": ""3등"", ""winners"": 1621, ""prize_amount"": 1303581}, {""rank"": ""4등"", ""winners"": 80472, ""prize_amount"": 50000}, {""rank"": ""5등"", ""winners"": 1300134, ""prize_amount"": 5000}]",2014-08-02
610,"[14, 18, 20, 23, 28, 36]",33,"[{""rank"": ""1등"", ""winners"": 4, ""prize_amount"": 3516018375}, {""rank"": ""2등"", ""winners"": 34, ""prize_amount"": 68941537}, {""rank"": ""3등"", ""winners"": 1398, ""prize_amount"": 1676690}, {""rank"": ""4등"", ""winners"": 71718, ""prize_amount"": 50000}, {""rank"": ""5등"", ""winners"": 1218676, ""prize_amount"": 5000}]",2014-08-09
611,"[2, 22, 27, 33, 36, 37]",14,"[{""rank"": ""1등"", ""winners"": 4, ""prize_amount"": 3502706157}, {""rank"": ""2등"", ""winners"": 47, ""prize_amount"": 49683776}, {""rank"": ""3등"", ""winners"": 1486, ""prize_amount"": 1571425}, {""rank"": ""4등"", ""winners"": 74589, ""prize_amount"": 50000}, {""rank"": ""5등"", ""winners"": 1258998, ""prize_amount"": 5000}]",2014-08-16
612,"[6, 9, 18, 19, 25, 33]",40,"[{""rank"": ""1등"", ""winners"": 11, ""prize_amount"": 1181705250}, {""rank"": ""2등"", ""winners"": 59, ""prize_amount"": 36719655}, {""rank"": ""3등"", ""winners"": 1833, ""prize_amount"": 1181921}, {""rank"": ""4등"", ""winners"": 86228, ""prize_amount"": 50000}, {""rank"": ""5등"", ""winners"": 1364516, ""prize_amount"": 5000}]",2014-08-23
613,"[7, 8, 11, 16, 41, 44]",35,"[{""rank"": ""1등"", ""winners"": 9, ""prize_amount"": 1549831209}, {""rank"": ""2등"", ""winners"": 30, ""prize_amount"": 77491561}, {""rank"": ""3등"", ""winners"": 1538, ""prize_amount"": 1511539}, {""rank"": ""4등"", ""winners"": 77945, ""prize_amount"": 50000}, {""rank"": ""5등"", ""winners"": 1299580, ""prize_amount"": 5000}]",2014-08-30
614,"[8, 21, 25, 39, 40, 44]",18,"[{""rank"": ""1등"", ""winners"": 6, ""prize_amount"": 2540975438}, {""rank"": ""2등"", ""winners"": 46, ""prize_amount"": 55238597}, {""rank"": ""3등"", ""winners"": 1523, ""prize_amount"": 1668402}, {""rank"": ""4등"", ""winners"": 80393, ""prize_amount"": 50000}, {""rank"": ""5등"", ""winners"": 1360707, ""prize_amount"": 5000}]",2014-09-06
615,"[10, 17, 18, 19, 23, 27]",35,"[{""rank"": ""1등"", ""winners"": 9, ""prize_amount"": 1535062417}, {""rank"": ""2등"", ""winners"": 31, ""prize_amount"": 74277214}, {""rank"": ""3등"", ""winners"": 1670, ""prize_amount"": 1378799}, {""rank"": ""4등"", ""winners"": 83981, ""prize_amount"": 50000}, {""rank"": ""5등"", ""winners"": 1383278, ""prize_amount"": 5000}]",2014-09-13
616,"[5, 13, 18, 23, 40, 45]",3,"[{""rank"": ""1등"", ""winners"": 9, ""prize_amount"": 1611811250}, {""rank"": ""2등"", ""winners"": 49, ""prize_amount"": 49341161}, {""rank"": ""3등"", ""winners"": 1700, ""prize_amount"": 1422187}, {""rank"": ""4등"", ""winners"": 81118, ""prize_amount"": 50000}, {""rank"": ""5등"", ""winners"": 1350809, ""prize_amount"": 5000}]",2014-09-20
617,"[4, 5, 11, 12, 24, 27]",28,"[{""rank"": ""1등"", ""winners"": 8, ""prize_amount"": 1629701860}, {""rank"": ""2등"", ""winners"": 43, ""prize_amount"": 50533391}, {""rank"": ""3등"", ""winners"": 1993, ""prize_amount"": 1090284}, {""rank"": ""4등"", ""winners"": 93731, ""prize_amount"": 50000}, {""rank"": ""5등"", ""winners"": 1481805, ""prize_amount"": 5000}]",2014-09-27
618,"[8, 16, 25, 30, 42, 43]",15,"[{""rank"": ""1등"", ""winners"": 5, ""prize_amount"": 2881326225}, {""rank"": ""2등"", ""winners"": 45, ""prize_amount"": 53357894}, {""rank"": ""3등"", ""winners"": 1581, ""prize_amount"": 1518726}, {""rank"": ""4등"", ""winners"": 75243, ""prize_amount"": 50000}, {""rank"": ""5등"", ""winners"": 1260882, ""prize_amount"": 5000}]",2014-10-04
619,"[6, 8, 13, 30, 35, 40]",21,"[{""rank"": ""1등"", ""winners"": 3, ""prize_amount"": 4612479375}, {""rank"": ""2등"", ""winners"": 59, ""prize_amount"": 39088809}, {""rank"": ""3등"", ""winners"": 1712, ""prize_amount"": 1347103}, {""rank"": ""4등"", ""winners"": 83710, ""prize_amount"": 50000}, {""rank"": ""5등"", ""winners"": 1355209, ""prize_amount"": 5000}]",2014-10-11
620,"[2, 16, 17, 32, 39, 45]",40,"[{""rank"": ""1등"", ""winners"": 7, ""prize_amount"": 2028283233}, {""rank"": ""2등"", ""winners"": 44, ""prize_amount"": 53780238}, {""rank"": ""3등"", ""winners"": 1661, ""prize_amount"": 1424643}, {""rank"": ""4등"", ""winners"": 78155, ""prize_amount"": 50000}, {""rank"": ""5등"", ""winners"": 1266599, ""prize_amount"": 5000}]",2014-10-18
621,"[1, 2, 6, 16, 19, 42]",9,"[{""rank"": ""1등"", ""winners"": 6, ""prize_amount"": 2359723500}, {""rank"": ""2등"", ""winners"": 62, ""prize_amount"": 38060057}, {""rank"": ""3등"", ""winners"": 1555, ""prize_amount"": 1517508}, {""rank"": ""4등"", ""winners"": 82843, ""prize_amount"": 50000}, {""rank"": ""5등"", ""winners"": 1336734, ""prize_amount"": 5000}]",2014-10-25
622,"[9, 15, 16, 21, 28, 34]",24,"[{""rank"": ""1등"", ""winners"": 9, ""prize_amount"": 1630598292}, {""rank"": ""2등"", ""winners"": 34, ""prize_amount"": 71938160}, {""rank"": ""3등"", ""winners"": 1629, ""prize_amount"": 1501472}, {""rank"": ""4등"", ""winners"": 77626, ""prize_amount"": 50000}, {""rank"": ""5등"", ""winners"": 1270437, ""prize_amount"": 5000}]",2014-11-01
623,"[7, 13, 30, 39, 41, 45]",25,"[{""rank"": ""1등"", ""winners"": 8, ""prize_amount"": 1813702594}, {""rank"": ""2등"", ""winners"": 35, ""prize_amount"": 69093433}, {""rank"": ""3등"", ""winners"": 1456, ""prize_amount"": 1660900}, {""rank"": ""4등"", ""winners"": 73522, ""prize_amount"": 50000}, {""rank"": ""5등"", ""winners"": 1245962, ""prize_amount"": 5000}]",2014-11-08
624,"[1, 7, 19, 26, 27, 35]",16,"[{""rank"": ""1등"", ""winners"": 5, ""prize_amount"": 2763729450}, {""rank"": ""2등"", ""winners"": 61, ""prize_amount"": 37755867}, {""rank"": ""3등"", ""winners"": 1574, ""prize_amount"": 1463220}, {""rank"": ""4등"", ""winners"": 78840, ""prize_amount"": 50000}, {""rank"": ""5등"", ""winners"": 1309900, ""prize_amount"": 5000}]",2014-11-15
625,"[3, 6, 7, 20, 21, 39]",13,"[{""rank"": ""1등"", ""winners"": 5, ""prize_amount"": 2765184675}, {""rank"": ""2등"", ""winners"": 45, ""prize_amount"": 51207124}, {""rank"": ""3등"", ""winners"": 1654, ""prize_amount"": 1393181}, {""rank"": ""4등"", ""winners"": 82014, ""prize_amount"": 50000}, {""rank"": ""5등"", ""winners"": 1354445, ""prize_amount"": 5000}]",2014-11-22
626,"[13, 14, 26, 33, 40, 43]",15,"[{""rank"": ""1등"", ""winners"": 8, ""prize_amount"": 1717871110}, {""rank"": ""2등"", ""winners"": 45, ""prize_amount"": 50899885}, {""rank"": ""3등"", ""winners"": 1766, ""prize_amount"": 1296996}, {""rank"": ""4등"", ""winners"": 86261, ""prize_amount"": 50000}, {""rank"": ""5등"", ""winners"": 1371217, ""prize_amount"": 5000}]",2014-11-29
627,"[2, 9, 22, 25, 31, 45]",12,"[{""rank"": ""1등"", ""winners"": 10, ""prize_amount"": 1352230650}, {""rank"": ""2등"", ""winners"": 35, ""prize_amount"": 64391936}, {""rank"": ""3등"", ""winners"": 1532, ""prize_amount"": 1471096}, {""rank"": ""4등"", ""winners"": 74824, ""prize_amount"": 50000}, {""rank"": ""5등"", ""winners"": 1243945, ""prize_amount"": 5000}]",2014-12-06
628,"[1, 7, 12, 15, 23, 42]",11,"[{""rank"": ""1등"", ""winners"": 9, ""prize_amount"": 1499942875}, {""rank"": ""2등"", ""winners"": 37, ""prize_amount"": 60808495}, {""rank"": ""3등"", ""winners"": 1628, ""prize_amount"": 1382012}, {""rank"": ""4등"", ""winners"": 80147, ""prize_amount"": 50000}, {""rank"": ""5등"", ""winners"": 1323978, ""prize_amount"": 5000}]",2014-12-13
629,"[19, 28, 31, 38, 43, 44]",1,"[{""rank"": ""1등"", ""winners"": 5, ""prize_amount"": 2919433575}, {""rank"": ""2등"", ""winners"": 34, ""prize_amount"": 71554745}, {""rank"": ""3등"", ""winners"": 1321, ""prize_amount"": 1841682}, {""rank"": ""4등"", ""winners"": 68554, ""prize_amount"": 50000}, {""rank"": ""5등"", ""winners"": 1183752, ""prize_amount"": 5000}]",2014-12-20
630,"[8, 17, 21, 24, 27, 31]",15,"[{""rank"": ""1등"", ""winners"": 3, ""prize_amount"": 4836305500}, {""rank"": ""2등"", ""winners"": 48, ""prize_amount"": 50378183}, {""rank"": ""3등"", ""winners"": 1631, ""prize_amount"": 1482620}, {""rank"": ""4등"", ""winners"": 84380, ""prize_amount"": 50000}, {""rank"": ""5등"", ""winners"": 1420745, ""prize_amount"": 5000}]",2014-12-27
631,"[1, 2, 4, 23, 31, 34]",8,"[{""rank"": ""1등"", ""winners"": 4, ""prize_amount"": 3919853532}, {""rank"": ""2등"", ""winners"": 46, ""prize_amount"": 56809472}, {""rank"": ""3등"", ""winners"": 1676, ""prize_amount"": 1559210}, {""rank"": ""4등"", ""winners"": 85710, ""prize_amount"": 50000}, {""rank"": ""5등"", ""winners"": 1491785, ""prize_amount"": 5000}]",2015-01-03
632,"[15, 18, 21, 32, 35, 44]",6,"[{""rank"": ""1등"", ""winners"": 11, ""prize_amount"": 1432587716}, {""rank"": ""2등"", ""winners"": 52, ""prize_amount"": 50507901}, {""rank"": ""3등"", ""winners"": 1645, ""prize_amount"": 1596603}, {""rank"": ""4등"", ""winners"": 78418, ""prize_amount"": 50000}, {""rank"": ""5등"", ""winners"": 1320223, ""prize_amount"": 5000}]",2015-01-10
633,"[9, 12, 19, 20, 39, 41]",13,"[{""rank"": ""1등"", ""winners"": 12, ""prize_amount"": 1217257094}, {""rank"": ""2등"", ""winners"": 47, ""prize_amount"": 51798175}, {""rank"": ""3등"", ""winners"": 1789, ""prize_amount"": 1360825}, {""rank"": ""4등"", ""winners"": 87613, ""prize_amount"": 50000}, {""rank"": ""5등"", ""winners"": 1430227, ""prize_amount"": 5000}]",2015-01-17
634,"[4, 10, 11, 12, 20, 27]",38,"[{""rank"": ""1등"", ""winners"": 13, ""prize_amount"": 1077935106}, {""rank"": ""2등"", ""winners"": 54, ""prize_amount"": 43250483}, {""rank"": ""3등"", ""winners"": 2208, ""prize_amount"": 1057757}, {""rank"": ""4등"", ""winners"": 101514, ""prize_amount"": 50000}, {""rank"": ""5등"", ""winners"": 1562975, ""prize_amount"": 5000}]",2015-01-24
635,"[11, 13, 25, 26, 29, 33]",32,"[{""rank"": ""1등"", ""winners"": 8, ""prize_amount"": 1855587235}, {""rank"": ""2등"", ""winners"": 35, ""prize_amount"": 70689038}, {""rank"": ""3등"", ""winners"": 1650, ""prize_amount"": 1499465}, {""rank"": ""4등"", ""winners"": 85675, ""prize_amount"": 50000}, {""rank"": ""5등"", ""winners"": 1427626, ""prize_amount"": 5000}]",2015-01-31
636,"[6, 7, 15, 16, 20, 31]",26,"[{""rank"": ""1등"", ""winners"": 8, ""prize_amount"": 1832362219}, {""rank"": ""2등"", ""winners"": 44, ""prize_amount"": 55526128}, {""rank"": ""3등"", ""winners"": 1973, ""prize_amount"": 1238292}, {""rank"": ""4등"", ""winners"": 90830, ""prize_amount"": 50000}, {""rank"": ""5등"", ""winners"": 1461300, ""prize_amount"": 5000}]",2015-02-07
637,"[3, 16, 22, 37, 38, 44]",23,"[{""rank"": ""1등"", ""winners"": 4, ""prize_amount"": 3899241094}, {""rank"": ""2등"", ""winners"": 45, ""prize_amount"": 57766535}, {""rank"": ""3등"", ""winners"": 1637, ""prize_amount"": 1587963}, {""rank"": ""4등"", ""winners"": 82147, ""prize_amount"": 50000}, {""rank"": ""5등"", ""winners"": 1369826, ""prize_amount"": 5000}]",2015-02-14
638,"[7, 18, 22, 24, 31, 34]",6,"[{""rank"": ""1등"", ""winners"": 7, ""prize_amount"": 2229403179}, {""rank"": ""2등"", ""winners"": 41, ""prize_amount"": 63438302}, {""rank"": ""3등"", ""winners"": 1719, ""prize_amount"": 1513072}, {""rank"": ""4등"", ""winners"": 84781, ""prize_amount"": 50000}, {""rank"": ""5등"", ""winners"": 1422596, ""prize_amount"": 5000}]",2015-02-21
639,"[6, 15, 22, 23, 25, 32]",40,"[{""rank"": ""1등"", ""winners"": 4, ""prize_amount"": 4061185219}, {""rank"": ""2등"", ""winners"": 45, ""prize_amount"": 60165707}, {""rank"": ""3등"", ""winners"": 1628, ""prize_amount"": 1663058}, {""rank"": ""4등"", ""winners"": 84861, ""prize_amount"": 50000}, {""rank"": ""5등"", ""winners"": 1439719, ""prize_amount"": 5000}]",2015-02-28
640,"[14, 15, 18, 21, 26, 35]",23,"[{""rank"": ""1등"", ""winners"": 9, ""prize_amount"": 1728768834}, {""rank"": ""2등"", ""winners"": 48, ""prize_amount"": 54024027}, {""rank"": ""3등"", ""winners"": 1639, ""prize_amount"": 1582156}, {""rank"": ""4등"", ""winners"": 85410, ""prize_amount"": 50000}, {""rank"": ""5등"", ""winners"": 1404905, ""prize_amount"": 5000}]",2015-03-07
641,"[11, 18, 21, 36, 37, 43]",12,"[{""rank"": ""1등"", ""winners"": 8, ""prize_amount"": 1990074563}, {""rank"": ""2등"", ""winners"": 50, ""prize_amount"": 53068655}, {""rank"": ""3등"", ""winners"": 1565, ""prize_amount"": 1695485}, {""rank"": ""4등"", ""winners"": 79145, ""prize_amount"": 50000}, {""rank"": ""5등"", ""winners"": 1340371, ""prize_amount"": 5000}]",2015-03-14
642,"[8, 17, 18, 24, 39, 45]",32,"[{""rank"": ""1등"", ""winners"": 12, ""prize_amount"": 1251460438}, {""rank"": ""2등"", ""winners"": 62, ""prize_amount"": 40369692}, {""rank"": ""3등"", ""winners"": 1815, ""prize_amount"": 1379020}, {""rank"": ""4등"", ""winners"": 88406, ""prize_amount"": 50000}, {""rank"": ""5등"", ""winners"": 1465689, ""prize_amount"": 5000}]",2015-03-21
643,"[15, 24, 31, 32, 33, 40]",13,"[{""rank"": ""1등"", ""winners"": 6, ""prize_amount"": 2535763625}, {""rank"": ""2등"", ""winners"": 43, ""prize_amount"": 58971248}, {""rank"": ""3등"", ""winners"": 1525, ""prize_amount"": 1662796}, {""rank"": ""4등"", ""winners"": 84656, ""prize_amount"": 50000}, {""rank"": ""5등"", ""winners"": 1407225, ""prize_amount"": 5000}]",2015-03-28
644,"[5, 13, 17, 23, 28, 36]",8,"[{""rank"": ""1등"", ""winners"": 8, ""prize_amount"": 1831451204}, {""rank"": ""2등"", ""winners"": 49, ""prize_amount"": 49835407}, {""rank"": ""3등"", ""winners"": 1879, ""prize_amount"": 1299593}, {""rank"": ""4등"", ""winners"": 87582, ""prize_amount"": 50000}, {""rank"": ""5등"", ""winners"": 1401744, ""prize_amount"": 5000}]",2015-04-04
645,"[1, 4, 16, 26, 40, 41]",31,"[{""rank"": ""1등"", ""winners"": 4, ""prize_amount"": 3696297750}, {""rank"": ""2등"", ""winners"": 28, ""prize_amount"": 88007090}, {""rank"": ""3등"", ""winners"": 1766, ""prize_amount"": 1395356}, {""rank"": ""4등"", ""winners"": 87873, ""prize_amount"": 50000}, {""rank"": ""5등"", ""winners"": 1444728, ""prize_amount"": 5000}]",2015-04-11
646,"[2, 9, 24, 41, 43, 45]",30,"[{""rank"": ""1등"", ""winners"": 7, ""prize_amount"": 2215498393}, {""rank"": ""2등"", ""winners"": 36, ""prize_amount"": 71798560}, {""rank"": ""3등"", ""winners"": 1522, ""prize_amount"": 1698258}, {""rank"": ""4등"", ""winners"": 77400, ""prize_amount"": 50000}, {""rank"": ""5등"", ""winners"": 1321212, ""prize_amount"": 5000}]",2015-04-18
647,"[5, 16, 21, 23, 24, 30]",29,"[{""rank"": ""1등"", ""winners"": 7, ""prize_amount"": 2189725608}, {""rank"": ""2등"", ""winners"": 44, ""prize_amount"": 58060907}, {""rank"": ""3등"", ""winners"": 1596, ""prize_amount"": 1600677}, {""rank"": ""4등"", ""winners"": 79202, ""prize_amount"": 50000}, {""rank"": ""5등"", ""winners"": 1351926, ""prize_amount"": 5000}]",2015-04-25
648,"[13, 19, 28, 37, 38, 43]",4,"[{""rank"": ""1등"", ""winners"": 7, ""prize_amount"": 2120987947}, {""rank"": ""2등"", ""winners"": 45, ""prize_amount"": 54988577}, {""rank"": ""3등"", ""winners"": 1631, ""prize_amount"": 1517159}, {""rank"": ""4등"", ""winners"": 80986, ""prize_amount"": 50000}, {""rank"": ""5등"", ""winners"": 1318403, ""prize_amount"": 5000}]",2015-05-02
649,"[3, 21, 22, 33, 41, 42]",20,"[{""rank"": ""1등"", ""winners"": 5, ""prize_amount"": 2948042100}, {""rank"": ""2등"", ""winners"": 45, ""prize_amount"": 54593373}, {""rank"": ""3등"", ""winners"": 1689, ""prize_amount"": 1454531}, {""rank"": ""4등"", ""winners"": 80347, ""prize_amount"": 50000}, {""rank"": ""5등"", ""winners"": 1313125, ""prize_amount"": 5000}]",2015-05-09
650,"[3, 4, 7, 11, 31, 41]",35,"[{""rank"": ""1등"", ""winners"": 5, ""prize_amount"": 2849298900}, {""rank"": ""2등"", ""winners"": 45, ""prize_amount"": 52764795}, {""rank"": ""3등"", ""winners"": 1814, ""prize_amount"": 1308940}, {""rank"": ""4등"", ""winners"": 87030, ""prize_amount"": 50000}, {""rank"": ""5등"", ""winners"": 1429743, ""prize_amount"": 5000}]",2015-05-16
651,"[11, 12, 16, 26, 29, 44]",18,"[{""rank"": ""1등"", ""winners"": 8, ""prize_amount"": 1855306454}, {""rank"": ""2등"", ""winners"": 35, ""prize_amount"": 70678342}, {""rank"": ""3등"", ""winners"": 1684, ""prize_amount"": 1468968}, {""rank"": ""4등"", ""winners"": 82567, ""prize_amount"": 50000}, {""rank"": ""5등"", ""winners"": 1365832, ""prize_amount"": 5000}]",2015-05-23
652,"[3, 13, 15, 40, 41, 44]",20,"[{""rank"": ""1등"", ""winners"": 5, ""prize_amount"": 3003483525}, {""rank"": ""2등"", ""winners"": 36, ""prize_amount"": 69525082}, {""rank"": ""3등"", ""winners"": 1504, ""prize_amount"": 1664165}, {""rank"": ""4등"", ""winners"": 75739, ""prize_amount"": 50000}, {""rank"": ""5등"", ""winners"": 1280663, ""prize_amount"": 5000}]",2015-05-30
653,"[5, 6, 26, 27, 38, 39]",1,"[{""rank"": ""1등"", ""winners"": 14, ""prize_amount"": 980958670}, {""rank"": ""2등"", ""winners"": 56, ""prize_amount"": 40873278}, {""rank"": ""3등"", ""winners"": 1997, ""prize_amount"": 1146172}, {""rank"": ""4등"", ""winners"": 88995, ""prize_amount"": 50000}, {""rank"": ""5등"", ""winners"": 1419408, ""prize_amount"": 5000}]",2015-06-06
654,"[16, 21, 26, 31, 36, 43]",6,"[{""rank"": ""1등"", ""winners"": 8, ""prize_amount"": 1879301391}, {""rank"": ""2등"", ""winners"": 69, ""prize_amount"": 36315003}, {""rank"": ""3등"", ""winners"": 1787, ""prize_amount"": 1402203}, {""rank"": ""4등"", ""winners"": 77788, ""prize_amount"": 50000}, {""rank"": ""5등"", ""winners"": 1282725, ""prize_amount"": 5000}]",2015-06-13
655,"[7, 37, 38, 39, 40, 44]",18,"[{""rank"": ""1등"", ""winners"": 9, ""prize_amount"": 1661439625}, {""rank"": ""2등"", ""winners"": 41, ""prize_amount"": 60784377}, {""rank"": ""3등"", ""winners"": 1610, ""prize_amount"": 1547926}, {""rank"": ""4등"", ""winners"": 77437, ""prize_amount"": 50000}, {""rank"": ""5등"", ""winners"": 1281655, ""prize_amount"": 5000}]",2015-06-20
656,"[3, 7, 14, 16, 31, 40]",39,"[{""rank"": ""1등"", ""winners"": 2, ""prize_amount"": 7330002750}, {""rank"": ""2등"", ""winners"": 48, ""prize_amount"": 50902797}, {""rank"": ""3등"", ""winners"": 1747, ""prize_amount"": 1398589}, {""rank"": ""4등"", ""winners"": 83772, ""prize_amount"": 50000}, {""rank"": ""5등"", ""winners"": 1385757, ""prize_amount"": 5000}]",2015-06-27
657,"[10, 14, 19, 39, 40, 43]",23,"[{""rank"": ""1등"", ""winners"": 9, ""prize_amount"": 1694762792}, {""rank"": ""2등"", ""winners"": 52, ""prize_amount"": 48887389}, {""rank"": ""3등"", ""winners"": 1562, ""prize_amount"": 1627494}, {""rank"": ""4등"", ""winners"": 78396, ""prize_amount"": 50000}, {""rank"": ""5등"", ""winners"": 1325593, ""prize_amount"": 5000}]",2015-07-04
658,"[8, 19, 25, 28, 32, 36]",37,"[{""rank"": ""1등"", ""winners"": 9, ""prize_amount"": 1634031375}, {""rank"": ""2등"", ""winners"": 38, ""prize_amount"": 64501239}, {""rank"": ""3등"", ""winners"": 1678, ""prize_amount"": 1460696}, {""rank"": ""4등"", ""winners"": 82738, ""prize_amount"": 50000}, {""rank"": ""5등"", ""winners"": 1364069, ""prize_amount"": 5000}]",2015-07-11
659,"[7, 18, 19, 27, 29, 42]",45,"[{""rank"": ""1등"", ""winners"": 11, ""prize_amount"": 1336604216}, {""rank"": ""2등"", ""winners"": 40, ""prize_amount"": 61261027}, {""rank"": ""3등"", ""winners"": 1765, ""prize_amount"": 1388352}, {""rank"": ""4등"", ""winners"": 85028, ""prize_amount"": 50000}, {""rank"": ""5등"", ""winners"": 1396789, ""prize_amount"": 5000}]",2015-07-18
660,"[4, 9, 23, 33, 39, 44]",14,"[{""rank"": ""1등"", ""winners"": 10, ""prize_amount"": 1421272575}, {""rank"": ""2등"", ""winners"": 48, ""prize_amount"": 49349743}, {""rank"": ""3등"", ""winners"": 1951, ""prize_amount"": 1214141}, {""rank"": ""4등"", ""winners"": 88247, ""prize_amount"": 50000}, {""rank"": ""5등"", ""winners"": 1408802, ""prize_amount"": 5000}]",2015-07-25
661,"[2, 3, 12, 20, 27, 38]",40,"[{""rank"": ""1등"", ""winners"": 8, ""prize_amount"": 1713025547}, {""rank"": ""2등"", ""winners"": 63, ""prize_amount"": 36254509}, {""rank"": ""3등"", ""winners"": 1830, ""prize_amount"": 1248107}, {""rank"": ""4등"", ""winners"": 87840, ""prize_amount"": 50000}, {""rank"": ""5등"", ""winners"": 1426883, ""prize_amount"": 5000}]",2015-08-01
662,"[5, 6, 9, 11, 15, 37]",26,"[{""rank"": ""1등"", ""winners"": 8, ""prize_amount"": 1689733688}, {""rank"": ""2등"", ""winners"": 43, ""prize_amount"": 52394844}, {""rank"": ""3등"", ""winners"": 1787, ""prize_amount"": 1260761}, {""rank"": ""4등"", ""winners"": 88493, ""prize_amount"": 50000}, {""rank"": ""5등"", ""winners"": 1426759, ""prize_amount"": 5000}]",2015-08-08
663,"[3, 5, 8, 19, 38, 42]",20,"[{""rank"": ""1등"", ""winners"": 7, ""prize_amount"": 2080244143}, {""rank"": ""2등"", ""winners"": 60, ""prize_amount"": 40449192}, {""rank"": ""3등"", ""winners"": 1627, ""prize_amount"": 1491673}, {""rank"": ""4등"", ""winners"": 84092, ""prize_amount"": 50000}, {""rank"": ""5등"", ""winners"": 1386028, ""prize_amount"": 5000}]",2015-08-15
664,"[10, 20, 33, 36, 41, 44]",5,"[{""rank"": ""1등"", ""winners"": 10, ""prize_amount"": 1536801338}, {""rank"": ""2등"", ""winners"": 44, ""prize_amount"": 58212172}, {""rank"": ""3등"", ""winners"": 1530, ""prize_amount"": 1674076}, {""rank"": ""4등"", ""winners"": 77395, ""prize_amount"": 50000}, {""rank"": ""5등"", ""winners"": 1320082, ""prize_amount"": 5000}]",2015-08-22
665,"[5, 6, 11, 17, 38, 44]",13,"[{""rank"": ""1등"", ""winners"": 4, ""prize_amount"": 3643230375}, {""rank"": ""2등"", ""winners"": 30, ""prize_amount"": 80960675}, {""rank"": ""3등"", ""winners"": 1790, ""prize_amount"": 1356883}, {""rank"": ""4등"", ""winners"": 87227, ""prize_amount"": 50000}, {""rank"": ""5등"", ""winners"": 1430205, ""prize_amount"": 5000}]",2015-08-29
666,"[2, 4, 6, 11, 17, 28]",16,"[{""rank"": ""1등"", ""winners"": 6, ""prize_amount"": 2396901063}, {""rank"": ""2등"", ""winners"": 47, ""prize_amount"": 50997895}, {""rank"": ""3등"", ""winners"": 1947, ""prize_amount"": 1231074}, {""rank"": ""4등"", ""winners"": 93631, ""prize_amount"": 50000}, {""rank"": ""5등"", ""winners"": 1493940, ""prize_amount"": 5000}]",2015-09-05
667,"[15, 17, 25, 37, 42, 43]",13,"[{""rank"": ""1등"", ""winners"": 7, ""prize_amount"": 2228764393}, {""rank"": ""2등"", ""winners"": 40, ""prize_amount"": 65005629}, {""rank"": ""3등"", ""winners"": 1543, ""prize_amount"": 1685176}, {""rank"": ""4등"", ""winners"": 81344, ""prize_amount"": 50000}, {""rank"": ""5등"", ""winners"": 1368363, ""prize_amount"": 5000}]",2015-09-12
668,"[12, 14, 15, 24, 27, 32]",3,"[{""rank"": ""1등"", ""winners"": 5, ""prize_amount"": 2991158625}, {""rank"": ""2등"", ""winners"": 56, ""prize_amount"": 44511290}, {""rank"": ""3등"", ""winners"": 1873, ""prize_amount"": 1330824}, {""rank"": ""4등"", ""winners"": 89414, ""prize_amount"": 50000}, {""rank"": ""5등"", ""winners"": 1452289, ""prize_amount"": 5000}]",2015-09-19
669,"[7, 8, 20, 29, 33, 38]",9,"[{""rank"": ""1등"", ""winners"": 6, ""prize_amount"": 2708173188}, {""rank"": ""2등"", ""winners"": 52, ""prize_amount"": 52080254}, {""rank"": ""3등"", ""winners"": 1949, ""prize_amount"": 1389520}, {""rank"": ""4등"", ""winners"": 93078, ""prize_amount"": 50000}, {""rank"": ""5등"", ""winners"": 1531364, ""prize_amount"": 5000}]",2015-09-26
670,"[11, 18, 26, 27, 40, 41]",25,"[{""rank"": ""1등"", ""winners"": 12, ""prize_amount"": 1191725219}, {""rank"": ""2등"", ""winners"": 39, ""prize_amount"": 61114114}, {""rank"": ""3등"", ""winners"": 2145, ""prize_amount"": 1111166}, {""rank"": ""4등"", ""winners"": 92680, ""prize_amount"": 50000}, {""rank"": ""5등"", ""winners"": 1483948, ""prize_amount"": 5000}]",2015-10-03
671,"[7, 9, 10, 13, 31, 35]",24,"[{""rank"": ""1등"", ""winners"": 4, ""prize_amount"": 3722322844}, {""rank"": ""2등"", ""winners"": 48, ""prize_amount"": 51698929}, {""rank"": ""3등"", ""winners"": 1778, ""prize_amount"": 1395697}, {""rank"": ""4등"", ""winners"": 90364, ""prize_amount"": 50000}, {""rank"": ""5등"", ""winners"": 1519963, ""prize_amount"": 5000}]",2015-10-10
672,"[8, 21, 28, 31, 36, 45]",43,"[{""rank"": ""1등"", ""winners"": 9, ""prize_amount"": 1754745000}, {""rank"": ""2등"", ""winners"": 46, ""prize_amount"": 57219946}, {""rank"": ""3등"", ""winners"": 1629, ""prize_amount"": 1615788}, {""rank"": ""4등"", ""winners"": 80167, ""prize_amount"": 50000}, {""rank"": ""5등"", ""winners"": 1341175, ""prize_amount"": 5000}]",2015-10-17
673,"[7, 10, 17, 29, 33, 44]",5,"[{""rank"": ""1등"", ""winners"": 10, ""prize_amount"": 1491453300}, {""rank"": ""2등"", ""winners"": 35, ""prize_amount"": 71021586}, {""rank"": ""3등"", ""winners"": 1864, ""prize_amount"": 1333560}, {""rank"": ""4등"", ""winners"": 88838, ""prize_amount"": 50000}, {""rank"": ""5등"", ""winners"": 1450769, ""prize_amount"": 5000}]",2015-10-24
674,"[9, 10, 14, 25, 27, 31]",11,"[{""rank"": ""1등"", ""winners"": 8, ""prize_amount"": 1770565500}, {""rank"": ""2등"", ""winners"": 48, ""prize_amount"": 49182375}, {""rank"": ""3등"", ""winners"": 1846, ""prize_amount"": 1278849}, {""rank"": ""4등"", ""winners"": 89646, ""prize_amount"": 50000}, {""rank"": ""5등"", ""winners"": 1465031, ""prize_amount"": 5000}]",2015-10-31
675,"[1, 8, 11, 15, 18, 45]",7,"[{""rank"": ""1등"", ""winners"": 4, ""prize_amount"": 3514549032}, {""rank"": ""2등"", ""winners"": 65, ""prize_amount"": 36046657}, {""rank"": ""3등"", ""winners"": 1806, ""prize_amount"": 1297361}, {""rank"": ""4등"", ""winners"": 88118, ""prize_amount"": 50000}, {""rank"": ""5등"", ""winners"": 1415830, ""prize_amount"": 5000}]",2015-11-07
676,"[1, 8, 17, 34, 39, 45]",27,"[{""rank"": ""1등"", ""winners"": 8, ""prize_amount"": 1879726500}, {""rank"": ""2등"", ""winners"": 63, ""prize_amount"": 39782572}, {""rank"": ""3등"", ""winners"": 1665, ""prize_amount"": 1505287}, {""rank"": ""4등"", ""winners"": 83276, ""prize_amount"": 50000}, {""rank"": ""5등"", ""winners"": 1371921, ""prize_amount"": 5000}]",2015-11-14
677,"[12, 15, 24, 36, 41, 44]",42,"[{""rank"": ""1등"", ""winners"": 8, ""prize_amount"": 1921114407}, {""rank"": ""2등"", ""winners"": 37, ""prize_amount"": 69229348}, {""rank"": ""3등"", ""winners"": 1701, ""prize_amount"": 1505871}, {""rank"": ""4등"", ""winners"": 79827, ""prize_amount"": 50000}, {""rank"": ""5등"", ""winners"": 1330115, ""prize_amount"": 5000}]",2015-11-21
678,"[4, 5, 6, 12, 25, 37]",45,"[{""rank"": ""1등"", ""winners"": 6, ""prize_amount"": 2288490188}, {""rank"": ""2등"", ""winners"": 41, ""prize_amount"": 55816834}, {""rank"": ""3등"", ""winners"": 1855, ""prize_amount"": 1233688}, {""rank"": ""4등"", ""winners"": 93305, ""prize_amount"": 50000}, {""rank"": ""5등"", ""winners"": 1494095, ""prize_amount"": 5000}]",2015-11-28
679,"[3, 5, 7, 14, 26, 34]",35,"[{""rank"": ""1등"", ""winners"": 5, ""prize_amount"": 2863005600}, {""rank"": ""2등"", ""winners"": 54, ""prize_amount"": 44182186}, {""rank"": ""3등"", ""winners"": 1829, ""prize_amount"": 1304450}, {""rank"": ""4등"", ""winners"": 91171, ""prize_amount"": 50000}, {""rank"": ""5등"", ""winners"": 1493041, ""prize_amount"": 5000}]",2015-12-05
680,"[4, 10, 19, 29, 32, 42]",30,"[{""rank"": ""1등"", ""winners"": 14, ""prize_amount"": 1110570563}, {""rank"": ""2등"", ""winners"": 44, ""prize_amount"": 58893894}, {""rank"": ""3등"", ""winners"": 1870, ""prize_amount"": 1385739}, {""rank"": ""4등"", ""winners"": 86441, ""prize_amount"": 50000}, {""rank"": ""5등"", ""winners"": 1413980, ""prize_amount"": 5000}]",2015-12-12
681,"[21, 24, 27, 29, 43, 44]",7,"[{""rank"": ""1등"", ""winners"": 6, ""prize_amount"": 2696328938}, {""rank"": ""2등"", ""winners"": 37, ""prize_amount"": 72873756}, {""rank"": ""3등"", ""winners"": 1441, ""prize_amount"": 1871152}, {""rank"": ""4등"", ""winners"": 73062, ""prize_amount"": 50000}, {""rank"": ""5등"", ""winners"": 1282079, ""prize_amount"": 5000}]",2015-12-19
682,"[17, 23, 27, 35, 38, 43]",2,"[{""rank"": ""1등"", ""winners"": 4, ""prize_amount"": 4063713563}, {""rank"": ""2등"", ""winners"": 56, ""prize_amount"": 48377543}, {""rank"": ""3등"", ""winners"": 1851, ""prize_amount"": 1463611}, {""rank"": ""4등"", ""winners"": 87618, ""prize_amount"": 50000}, {""rank"": ""5등"", ""winners"": 1464978, ""prize_amount"": 5000}]",2015-12-26
683,"[6, 13, 20, 27, 28, 40]",15,"[{""rank"": ""1등"", ""winners"": 16, ""prize_amount"": 1010930883}, {""rank"": ""2등"", ""winners"": 45, ""prize_amount"": 59907016}, {""rank"": ""3등"", ""winners"": 2704, ""prize_amount"": 996974}, {""rank"": ""4등"", ""winners"": 117974, ""prize_amount"": 50000}, {""rank"": ""5등"", ""winners"": 1700964, ""prize_amount"": 5000}]",2016-01-02
684,"[1, 11, 15, 17, 25, 39]",40,"[{""rank"": ""1등"", ""winners"": 9, ""prize_amount"": 1688815709}, {""rank"": ""2등"", ""winners"": 62, ""prize_amount"": 40858445}, {""rank"": ""3등"", ""winners"": 1968, ""prize_amount"": 1287208}, {""rank"": ""4등"", ""winners"": 98607, ""prize_amount"": 50000}, {""rank"": ""5등"", ""winners"": 1623161, ""prize_amount"": 5000}]",2016-01-09
685,"[6, 7, 12, 28, 38, 40]",18,"[{""rank"": ""1등"", ""winners"": 11, ""prize_amount"": 1494367671}, {""rank"": ""2등"", ""winners"": 52, ""prize_amount"": 52686040}, {""rank"": ""3등"", ""winners"": 1910, ""prize_amount"": 1434385}, {""rank"": ""4등"", ""winners"": 95302, ""prize_amount"": 50000}, {""rank"": ""5등"", ""winners"": 1576169, ""prize_amount"": 5000}]",2016-01-16
686,"[7, 12, 15, 24, 25, 43]",13,"[{""rank"": ""1등"", ""winners"": 8, ""prize_amount"": 1937531719}, {""rank"": ""2등"", ""winners"": 36, ""prize_amount"": 71760435}, {""rank"": ""3등"", ""winners"": 1863, ""prize_amount"": 1386676}, {""rank"": ""4등"", ""winners"": 91027, ""prize_amount"": 50000}, {""rank"": ""5등"", ""winners"": 1483730, ""prize_amount"": 5000}]",2016-01-23
687,"[1, 8, 10, 13, 28, 42]",45,"[{""rank"": ""1등"", ""winners"": 6, ""prize_amount"": 2720029313}, {""rank"": ""2등"", ""winners"": 38, ""prize_amount"": 71579719}, {""rank"": ""3등"", ""winners"": 1780, ""prize_amount"": 1528107}, {""rank"": ""4등"", ""winners"": 91404, ""prize_amount"": 50000}, {""rank"": ""5등"", ""winners"": 1538380, ""prize_amount"": 5000}]",2016-01-30
688,"[5, 15, 22, 23, 34, 35]",2,"[{""rank"": ""1등"", ""winners"": 9, ""prize_amount"": 1967536750}, {""rank"": ""2등"", ""winners"": 53, ""prize_amount"": 55685003}, {""rank"": ""3등"", ""winners"": 2107, ""prize_amount"": 1400715}, {""rank"": ""4등"", ""winners"": 97676, ""prize_amount"": 50000}, {""rank"": ""5등"", ""winners"": 1610713, ""prize_amount"": 5000}]",2016-02-06
689,"[7, 17, 19, 30, 36, 38]",34,"[{""rank"": ""1등"", ""winners"": 7, ""prize_amount"": 2321775911}, {""rank"": ""2등"", ""winners"": 44, ""prize_amount"": 61562241}, {""rank"": ""3등"", ""winners"": 1809, ""prize_amount"": 1497368}, {""rank"": ""4등"", ""winners"": 90296, ""prize_amount"": 50000}, {""rank"": ""5등"", ""winners"": 1509073, ""prize_amount"": 5000}]",2016-02-13
690,"[24, 25, 33, 34, 38, 39]",43,"[{""rank"": ""1등"", ""winners"": 15, ""prize_amount"": 1126507625}, {""rank"": ""2등"", ""winners"": 34, ""prize_amount"": 82831444}, {""rank"": ""3등"", ""winners"": 1772, ""prize_amount"": 1589317}, {""rank"": ""4등"", ""winners"": 87970, ""prize_amount"": 50000}, {""rank"": ""5등"", ""winners"": 1528472, ""prize_amount"": 5000}]",2016-02-20
691,"[15, 27, 33, 35, 43, 45]",16,"[{""rank"": ""1등"", ""winners"": 6, ""prize_amount"": 2839296750}, {""rank"": ""2등"", ""winners"": 31, ""prize_amount"": 91590218}, {""rank"": ""3등"", ""winners"": 1708, ""prize_amount"": 1662352}, {""rank"": ""4등"", ""winners"": 86063, ""prize_amount"": 50000}, {""rank"": ""5등"", ""winners"": 1455528, ""prize_amount"": 5000}]",2016-02-27
692,"[3, 11, 14, 15, 32, 36]",44,"[{""rank"": ""1등"", ""winners"": 7, ""prize_amount"": 2301273697}, {""rank"": ""2등"", ""winners"": 44, ""prize_amount"": 61018621}, {""rank"": ""3등"", ""winners"": 1770, ""prize_amount"": 1516848}, {""rank"": ""4등"", ""winners"": 87763, ""prize_amount"": 50000}, {""rank"": ""5등"", ""winners"": 1465709, ""prize_amount"": 5000}]",2016-03-05
693,"[1, 6, 11, 28, 34, 42]",30,"[{""rank"": ""1등"", ""winners"": 10, ""prize_amount"": 1642763813}, {""rank"": ""2등"", ""winners"": 43, ""prize_amount"": 63673016}, {""rank"": ""3등"", ""winners"": 1692, ""prize_amount"": 1618168}, {""rank"": ""4등"", ""winners"": 87017, ""prize_amount"": 50000}, {""rank"": ""5등"", ""winners"": 1484420, ""prize_amount"": 5000}]",2016-03-12
694,"[7, 15, 20, 25, 33, 43]",12,"[{""rank"": ""1등"", ""winners"": 10, ""prize_amount"": 1555036388}, {""rank"": ""2등"", ""winners"": 78, ""prize_amount"": 33227274}, {""rank"": ""3등"", ""winners"": 2286, ""prize_amount"": 1133739}, {""rank"": ""4등"", ""winners"": 102474, ""prize_amount"": 50000}, {""rank"": ""5등"", ""winners"": 1581822, ""prize_amount"": 5000}]",2016-03-19
695,"[4, 18, 26, 33, 34, 38]",14,"[{""rank"": ""1등"", ""winners"": 11, ""prize_amount"": 1450214830}, {""rank"": ""2등"", ""winners"": 66, ""prize_amount"": 40283746}, {""rank"": ""3등"", ""winners"": 1979, ""prize_amount"": 1343471}, {""rank"": ""4등"", ""winners"": 95436, ""prize_amount"": 50000}, {""rank"": ""5등"", ""winners"": 1558885, ""prize_amount"": 5000}]",2016-03-26
696,"[1, 7, 16, 18, 34, 38]",21,"[{""rank"": ""1등"", ""winners"": 10, ""prize_amount"": 1632054413}, {""rank"": ""2등"", ""winners"": 44, ""prize_amount"": 61820243}, {""rank"": ""3등"", ""winners"": 1721, ""prize_amount"": 1580530}, {""rank"": ""4등"", ""winners"": 90020, ""prize_amount"": 50000}, {""rank"": ""5등"", ""winners"": 1501952, ""prize_amount"": 5000}]",2016-04-02
697,"[2, 5, 8, 11, 33, 39]",31,"[{""rank"": ""1등"", ""winners"": 10, ""prize_amount"": 1531443038}, {""rank"": ""2등"", ""winners"": 90, ""prize_amount"": 28360057}, {""rank"": ""3등"", ""winners"": 1940, ""prize_amount"": 1315673}, {""rank"": ""4등"", ""winners"": 99698, ""prize_amount"": 50000}, {""rank"": ""5등"", ""winners"": 1615786, ""prize_amount"": 5000}]",2016-04-09
698,"[3, 11, 13, 21, 33, 37]",18,"[{""rank"": ""1등"", ""winners"": 8, ""prize_amount"": 1921084125}, {""rank"": ""2등"", ""winners"": 48, ""prize_amount"": 53363448}, {""rank"": ""3등"", ""winners"": 2088, ""prize_amount"": 1226746}, {""rank"": ""4등"", ""winners"": 97965, ""prize_amount"": 50000}, {""rank"": ""5등"", ""winners"": 1550364, ""prize_amount"": 5000}]",2016-04-16
699,"[4, 5, 8, 16, 21, 29]",3,"[{""rank"": ""1등"", ""winners"": 8, ""prize_amount"": 1995411375}, {""rank"": ""2등"", ""winners"": 50, ""prize_amount"": 53210970}, {""rank"": ""3등"", ""winners"": 1799, ""prize_amount"": 1478905}, {""rank"": ""4등"", ""winners"": 90504, ""prize_amount"": 50000}, {""rank"": ""5등"", ""winners"": 1512397, ""prize_amount"": 5000}]",2016-04-23
700,"[11, 23, 28, 29, 30, 44]",13,"[{""rank"": ""1등"", ""winners"": 8, ""prize_amount"": 2082099188}, {""rank"": ""2등"", ""winners"": 41, ""prize_amount"": 67710543}, {""rank"": ""3등"", ""winners"": 1562, ""prize_amount"": 1777294}, {""rank"": ""4등"", ""winners"": 82874, ""prize_amount"": 50000}, {""rank"": ""5등"", ""winners"": 1414076, ""prize_amount"": 5000}]",2016-04-30
701,"[3, 10, 14, 16, 36, 38]",35,"[{""rank"": ""1등"", ""winners"": 10, ""prize_amount"": 1583183175}, {""rank"": ""2등"", ""winners"": 40, ""prize_amount"": 65965966}, {""rank"": ""3등"", ""winners"": 1659, ""prize_amount"": 1590500}, {""rank"": ""4등"", ""winners"": 81917, ""prize_amount"": 50000}, {""rank"": ""5등"", ""winners"": 1404422, ""prize_amount"": 5000}]",2016-05-07
702,"[3, 13, 16, 24, 26, 29]",9,"[{""rank"": ""1등"", ""winners"": 11, ""prize_amount"": 1465091387}, {""rank"": ""2등"", ""winners"": 46, ""prize_amount"": 58391324}, {""rank"": ""3등"", ""winners"": 1819, ""prize_amount"": 1476636}, {""rank"": ""4등"", ""winners"": 88043, ""prize_amount"": 50000}, {""rank"": ""5등"", ""winners"": 1443954, ""prize_amount"": 5000}]",2016-05-14
703,"[10, 28, 31, 33, 41, 44]",21,"[{""rank"": ""1등"", ""winners"": 5, ""prize_amount"": 3235784100}, {""rank"": ""2등"", ""winners"": 51, ""prize_amount"": 52872290}, {""rank"": ""3등"", ""winners"": 1719, ""prize_amount"": 1568637}, {""rank"": ""4등"", ""winners"": 84194, ""prize_amount"": 50000}, {""rank"": ""5등"", ""winners"": 1416580, ""prize_amount"": 5000}]",2016-05-21
704,"[1, 4, 8, 23, 33, 42]",45,"[{""rank"": ""1등"", ""winners"": 4, ""prize_amount"": 3865190344}, {""rank"": ""2등"", ""winners"": 47, ""prize_amount"": 54825395}, {""rank"": ""3등"", ""winners"": 1906, ""prize_amount"": 1351938}, {""rank"": ""4등"", ""winners"": 95021, ""prize_amount"": 50000}, {""rank"": ""5등"", ""winners"": 1519932, ""prize_amount"": 5000}]",2016-05-28
705,"[1, 6, 17, 22, 28, 45]",23,"[{""rank"": ""1등"", ""winners"": 4, ""prize_amount"": 3987206532}, {""rank"": ""2등"", ""winners"": 49, ""prize_amount"": 54247708}, {""rank"": ""3등"", ""winners"": 1805, ""prize_amount"": 1472653}, {""rank"": ""4등"", ""winners"": 87931, ""prize_amount"": 50000}, {""rank"": ""5등"", ""winners"": 1453654, ""prize_amount"": 5000}]",2016-06-04
706,"[3, 4, 6, 10, 28, 30]",37,"[{""rank"": ""1등"", ""winners"": 4, ""prize_amount"": 3831746063}, {""rank"": ""2등"", ""winners"": 51, ""prize_amount"": 50088184}, {""rank"": ""3등"", ""winners"": 2108, ""prize_amount"": 1211811}, {""rank"": ""4등"", ""winners"": 95376, ""prize_amount"": 50000}, {""rank"": ""5등"", ""winners"": 1531393, ""prize_amount"": 5000}]",2016-06-11
707,"[2, 12, 19, 24, 39, 44]",35,"[{""rank"": ""1등"", ""winners"": 12, ""prize_amount"": 1322167313}, {""rank"": ""2등"", ""winners"": 74, ""prize_amount"": 35734252}, {""rank"": ""3등"", ""winners"": 2006, ""prize_amount"": 1318213}, {""rank"": ""4등"", ""winners"": 94281, ""prize_amount"": 50000}, {""rank"": ""5등"", ""winners"": 1507647, ""prize_amount"": 5000}]",2016-06-18
708,"[2, 10, 16, 19, 34, 45]",1,"[{""rank"": ""1등"", ""winners"": 4, ""prize_amount"": 4099552219}, {""rank"": ""2등"", ""winners"": 52, ""prize_amount"": 52558362}, {""rank"": ""3등"", ""winners"": 1712, ""prize_amount"": 1596399}, {""rank"": ""4등"", ""winners"": 86091, ""prize_amount"": 50000}, {""rank"": ""5등"", ""winners"": 1446865, ""prize_amount"": 5000}]",2016-06-25
709,"[10, 18, 30, 36, 39, 44]",32,"[{""rank"": ""1등"", ""winners"": 14, ""prize_amount"": 1165271625}, {""rank"": ""2등"", ""winners"": 44, ""prize_amount"": 61794708}, {""rank"": ""3등"", ""winners"": 1696, ""prize_amount"": 1603165}, {""rank"": ""4등"", ""winners"": 82305, ""prize_amount"": 50000}, {""rank"": ""5등"", ""winners"": 1385853, ""prize_amount"": 5000}]",2016-07-02
710,"[3, 4, 9, 24, 25, 33]",10,"[{""rank"": ""1등"", ""winners"": 5, ""prize_amount"": 2895441150}, {""rank"": ""2등"", ""winners"": 57, ""prize_amount"": 42331011}, {""rank"": ""3등"", ""winners"": 1990, ""prize_amount"": 1212497}, {""rank"": ""4등"", ""winners"": 102058, ""prize_amount"": 50000}, {""rank"": ""5등"", ""winners"": 1627229, ""prize_amount"": 5000}]",2016-07-09
711,"[11, 15, 24, 35, 37, 45]",42,"[{""rank"": ""1등"", ""winners"": 7, ""prize_amount"": 2277413358}, {""rank"": ""2등"", ""winners"": 44, ""prize_amount"": 60385961}, {""rank"": ""3등"", ""winners"": 1865, ""prize_amount"": 1424656}, {""rank"": ""4등"", ""winners"": 89898, ""prize_amount"": 50000}, {""rank"": ""5등"", ""winners"": 1465123, ""prize_amount"": 5000}]",2016-07-16
712,"[17, 20, 30, 31, 33, 45]",19,"[{""rank"": ""1등"", ""winners"": 4, ""prize_amount"": 4034485125}, {""rank"": ""2등"", ""winners"": 47, ""prize_amount"": 57226740}, {""rank"": ""3등"", ""winners"": 1727, ""prize_amount"": 1557416}, {""rank"": ""4등"", ""winners"": 86066, ""prize_amount"": 50000}, {""rank"": ""5등"", ""winners"": 1449521, ""prize_amount"": 5000}]",2016-07-23
713,"[2, 5, 15, 18, 19, 23]",44,"[{""rank"": ""1등"", ""winners"": 9, ""prize_amount"": 1714720917}, {""rank"": ""2등"", ""winners"": 50, ""prize_amount"": 51441628}, {""rank"": ""3등"", ""winners"": 1791, ""prize_amount"": 1436115}, {""rank"": ""4등"", ""winners"": 87920, ""prize_amount"": 50000}, {""rank"": ""5등"", ""winners"": 1470125, ""prize_amount"": 5000}]",2016-07-30
714,"[1, 7, 22, 33, 37, 40]",20,"[{""rank"": ""1등"", ""winners"": 7, ""prize_amount"": 2085131733}, {""rank"": ""2등"", ""winners"": 46, ""prize_amount"": 52883776}, {""rank"": ""3등"", ""winners"": 2029, ""prize_amount"": 1198943}, {""rank"": ""4등"", ""winners"": 96576, ""prize_amount"": 50000}, {""rank"": ""5등"", ""winners"": 1551993, ""prize_amount"": 5000}]",2016-08-06
715,"[2, 7, 27, 33, 41, 44]",10,"[{""rank"": ""1등"", ""winners"": 6, ""prize_amount"": 2605510438}, {""rank"": ""2등"", ""winners"": 61, ""prize_amount"": 42713286}, {""rank"": ""3등"", ""winners"": 1873, ""prize_amount"": 1391090}, {""rank"": ""4등"", ""winners"": 90747, ""prize_amount"": 50000}, {""rank"": ""5등"", ""winners"": 1503174, ""prize_amount"": 5000}]",2016-08-13
716,"[2, 6, 13, 16, 29, 30]",21,"[{""rank"": ""1등"", ""winners"": 12, ""prize_amount"": 1358752157}, {""rank"": ""2등"", ""winners"": 35, ""prize_amount"": 77642981}, {""rank"": ""3등"", ""winners"": 1743, ""prize_amount"": 1559096}, {""rank"": ""4등"", ""winners"": 88628, ""prize_amount"": 50000}, {""rank"": ""5등"", ""winners"": 1469730, ""prize_amount"": 5000}]",2016-08-20
717,"[2, 11, 19, 25, 28, 32]",44,"[{""rank"": ""1등"", ""winners"": 6, ""prize_amount"": 2702433688}, {""rank"": ""2등"", ""winners"": 47, ""prize_amount"": 57498590}, {""rank"": ""3등"", ""winners"": 1974, ""prize_amount"": 1369015}, {""rank"": ""4등"", ""winners"": 96836, ""prize_amount"": 50000}, {""rank"": ""5등"", ""winners"": 1567530, ""prize_amount"": 5000}]",2016-08-27
718,"[4, 11, 20, 23, 32, 39]",40,"[{""rank"": ""1등"", ""winners"": 17, ""prize_amount"": 926166464}, {""rank"": ""2등"", ""winners"": 64, ""prize_amount"": 41002162}, {""rank"": ""3등"", ""winners"": 2404, ""prize_amount"": 1091572}, {""rank"": ""4등"", ""winners"": 114614, ""prize_amount"": 50000}, {""rank"": ""5등"", ""winners"": 1595315, ""prize_amount"": 5000}]",2016-09-03
719,"[4, 8, 13, 19, 20, 43]",26,"[{""rank"": ""1등"", ""winners"": 9, ""prize_amount"": 1879581334}, {""rank"": ""2등"", ""winners"": 58, ""prize_amount"": 48609863}, {""rank"": ""3등"", ""winners"": 2020, ""prize_amount"": 1395729}, {""rank"": ""4등"", ""winners"": 99906, ""prize_amount"": 50000}, {""rank"": ""5등"", ""winners"": 1627784, ""prize_amount"": 5000}]",2016-09-10
720,"[1, 12, 29, 34, 36, 37]",41,"[{""rank"": ""1등"", ""winners"": 14, ""prize_amount"": 1233770358}, {""rank"": ""2등"", ""winners"": 37, ""prize_amount"": 77805338}, {""rank"": ""3등"", ""winners"": 1778, ""prize_amount"": 1619122}, {""rank"": ""4등"", ""winners"": 88260, ""prize_amount"": 50000}, {""rank"": ""5등"", ""winners"": 1505233, ""prize_amount"": 5000}]",2016-09-17
721,"[1, 28, 35, 41, 43, 44]",31,"[{""rank"": ""1등"", ""winners"": 8, ""prize_amount"": 2273767360}, {""rank"": ""2등"", ""winners"": 40, ""prize_amount"": 75792246}, {""rank"": ""3등"", ""winners"": 1607, ""prize_amount"": 1886553}, {""rank"": ""4등"", ""winners"": 84770, ""prize_amount"": 50000}, {""rank"": ""5등"", ""winners"": 1464353, ""prize_amount"": 5000}]",2016-09-24
722,"[12, 14, 21, 30, 39, 43]",45,"[{""rank"": ""1등"", ""winners"": 4, ""prize_amount"": 4365422719}, {""rank"": ""2등"", ""winners"": 46, ""prize_amount"": 63266996}, {""rank"": ""3등"", ""winners"": 1688, ""prize_amount"": 1724101}, {""rank"": ""4등"", ""winners"": 84912, ""prize_amount"": 50000}, {""rank"": ""5등"", ""winners"": 1439078, ""prize_amount"": 5000}]",2016-10-01
723,"[20, 30, 33, 35, 36, 44]",22,"[{""rank"": ""1등"", ""winners"": 8, ""prize_amount"": 2114365360}, {""rank"": ""2등"", ""winners"": 40, ""prize_amount"": 70478846}, {""rank"": ""3등"", ""winners"": 1777, ""prize_amount"": 1586469}, {""rank"": ""4등"", ""winners"": 85141, ""prize_amount"": 50000}, {""rank"": ""5등"", ""winners"": 1412967, ""prize_amount"": 5000}]",2016-10-08
724,"[2, 8, 33, 35, 37, 41]",14,"[{""rank"": ""1등"", ""winners"": 12, ""prize_amount"": 1427789813}, {""rank"": ""2등"", ""winners"": 55, ""prize_amount"": 51919630}, {""rank"": ""3등"", ""winners"": 1833, ""prize_amount"": 1557873}, {""rank"": ""4등"", ""winners"": 90083, ""prize_amount"": 50000}, {""rank"": ""5등"", ""winners"": 1528970, ""prize_amount"": 5000}]",2016-10-15
725,"[6, 7, 19, 21, 41, 43]",38,"[{""rank"": ""1등"", ""winners"": 11, ""prize_amount"": 1579217250}, {""rank"": ""2등"", ""winners"": 47, ""prize_amount"": 61600673}, {""rank"": ""3등"", ""winners"": 1795, ""prize_amount"": 1612943}, {""rank"": ""4등"", ""winners"": 88359, ""prize_amount"": 50000}, {""rank"": ""5등"", ""winners"": 1504907, ""prize_amount"": 5000}]",2016-10-22
726,"[1, 11, 21, 23, 34, 44]",24,"[{""rank"": ""1등"", ""winners"": 14, ""prize_amount"": 1166872634}, {""rank"": ""2등"", ""winners"": 56, ""prize_amount"": 48619694}, {""rank"": ""3등"", ""winners"": 2099, ""prize_amount"": 1297143}, {""rank"": ""4등"", ""winners"": 96718, ""prize_amount"": 50000}, {""rank"": ""5등"", ""winners"": 1556425, ""prize_amount"": 5000}]",2016-10-29
727,"[7, 8, 10, 19, 21, 31]",20,"[{""rank"": ""1등"", ""winners"": 14, ""prize_amount"": 1115107742}, {""rank"": ""2등"", ""winners"": 87, ""prize_amount"": 29907105}, {""rank"": ""3등"", ""winners"": 2064, ""prize_amount"": 1260620}, {""rank"": ""4등"", ""winners"": 99271, ""prize_amount"": 50000}, {""rank"": ""5등"", ""winners"": 1600135, ""prize_amount"": 5000}]",2016-11-05
728,"[3, 6, 10, 30, 34, 37]",36,"[{""rank"": ""1등"", ""winners"": 5, ""prize_amount"": 3243464400}, {""rank"": ""2등"", ""winners"": 56, ""prize_amount"": 48265840}, {""rank"": ""3등"", ""winners"": 1869, ""prize_amount"": 1446168}, {""rank"": ""4등"", ""winners"": 94693, ""prize_amount"": 50000}, {""rank"": ""5등"", ""winners"": 1559062, ""prize_amount"": 5000}]",2016-11-12
729,"[11, 17, 21, 26, 36, 45]",16,"[{""rank"": ""1등"", ""winners"": 4, ""prize_amount"": 4198250719}, {""rank"": ""2등"", ""winners"": 35, ""prize_amount"": 79966681}, {""rank"": ""3등"", ""winners"": 1875, ""prize_amount"": 1492712}, {""rank"": ""4등"", ""winners"": 89560, ""prize_amount"": 50000}, {""rank"": ""5등"", ""winners"": 1504682, ""prize_amount"": 5000}]",2016-11-19
730,"[4, 10, 14, 15, 18, 22]",39,"[{""rank"": ""1등"", ""winners"": 8, ""prize_amount"": 2017382110}, {""rank"": ""2등"", ""winners"": 45, ""prize_amount"": 59774285}, {""rank"": ""3등"", ""winners"": 1741, ""prize_amount"": 1544999}, {""rank"": ""4등"", ""winners"": 88791, ""prize_amount"": 50000}, {""rank"": ""5등"", ""winners"": 1501752, ""prize_amount"": 5000}]",2016-11-26
731,"[2, 7, 13, 25, 42, 45]",39,"[{""rank"": ""1등"", ""winners"": 7, ""prize_amount"": 2340471054}, {""rank"": ""2등"", ""winners"": 45, ""prize_amount"": 60678880}, {""rank"": ""3등"", ""winners"": 1908, ""prize_amount"": 1431106}, {""rank"": ""4등"", ""winners"": 96083, ""prize_amount"": 50000}, {""rank"": ""5등"", ""winners"": 1594258, ""prize_amount"": 5000}]",2016-12-03
732,"[2, 4, 5, 17, 27, 32]",43,"[{""rank"": ""1등"", ""winners"": 7, ""prize_amount"": 2203270608}, {""rank"": ""2등"", ""winners"": 45, ""prize_amount"": 57121831}, {""rank"": ""3등"", ""winners"": 2061, ""prize_amount"": 1247202}, {""rank"": ""4등"", ""winners"": 104583, ""prize_amount"": 50000}, {""rank"": ""5등"", ""winners"": 1705993, ""prize_amount"": 5000}]",2016-12-10
733,"[11, 24, 32, 33, 35, 40]",13,"[{""rank"": ""1등"", ""winners"": 4, ""prize_amount"": 4016725125}, {""rank"": ""2등"", ""winners"": 57, ""prize_amount"": 46979242}, {""rank"": ""3등"", ""winners"": 1966, ""prize_amount"": 1362064}, {""rank"": ""4등"", ""winners"": 101369, ""prize_amount"": 50000}, {""rank"": ""5등"", ""winners"": 1633952, ""prize_amount"": 5000}]",2016-12-17
734,"[6, 16, 37, 38, 41, 45]",18,"[{""rank"": ""1등"", ""winners"": 9, ""prize_amount"": 1949395500}, {""rank"": ""2등"", ""winners"": 36, ""prize_amount"": 81224813}, {""rank"": ""3등"", ""winners"": 1758, ""prize_amount"": 1663307}, {""rank"": ""4등"", ""winners"": 92514, ""prize_amount"": 50000}, {""rank"": ""5등"", ""winners"": 1542069, ""prize_amount"": 5000}]",2016-12-24
735,"[5, 10, 13, 27, 37, 41]",4,"[{""rank"": ""1등"", ""winners"": 10, ""prize_amount"": 1847231588}, {""rank"": ""2등"", ""winners"": 50, ""prize_amount"": 61574387}, {""rank"": ""3등"", ""winners"": 2269, ""prize_amount"": 1356862}, {""rank"": ""4등"", ""winners"": 107013, ""prize_amount"": 50000}, {""rank"": ""5등"", ""winners"": 1752740, ""prize_amount"": 5000}]",2016-12-31
736,"[2, 11, 17, 18, 21, 27]",6,"[{""rank"": ""1등"", ""winners"": 5, ""prize_amount"": 3397362225}, {""rank"": ""2등"", ""winners"": 54, ""prize_amount"": 52428430}, {""rank"": ""3등"", ""winners"": 2250, ""prize_amount"": 1258283}, {""rank"": ""4등"", ""winners"": 107357, ""prize_amount"": 50000}, {""rank"": ""5등"", ""winners"": 1747634, ""prize_amount"": 5000}]",2017-01-07
737,"[13, 15, 18, 24, 27, 41]",11,"[{""rank"": ""1등"", ""winners"": 4, ""prize_amount"": 4283061000}, {""rank"": ""2등"", ""winners"": 48, ""prize_amount"": 59486959}, {""rank"": ""3등"", ""winners"": 1937, ""prize_amount"": 1474122}, {""rank"": ""4등"", ""winners"": 94183, ""prize_amount"": 50000}, {""rank"": ""5등"", ""winners"": 1567166, ""prize_amount"": 5000}]",2017-01-14
738,"[23, 27, 28, 38, 42, 43]",36,"[{""rank"": ""1등"", ""winners"": 11, ""prize_amount"": 1634191091}, {""rank"": ""2등"", ""winners"": 48, ""prize_amount"": 62417021}, {""rank"": ""3등"", ""winners"": 1640, ""prize_amount"": 1826840}, {""rank"": ""4등"", ""winners"": 88050, ""prize_amount"": 50000}, {""rank"": ""5등"", ""winners"": 1502685, ""prize_amount"": 5000}]",2017-01-21
739,"[7, 22, 29, 33, 34, 35]",30,"[{""rank"": ""1등"", ""winners"": 4, ""prize_amount"": 4744122282}, {""rank"": ""2등"", ""winners"": 45, ""prize_amount"": 70283294}, {""rank"": ""3등"", ""winners"": 1942, ""prize_amount"": 1628604}, {""rank"": ""4등"", ""winners"": 101983, ""prize_amount"": 50000}, {""rank"": ""5등"", ""winners"": 1719739, ""prize_amount"": 5000}]",2017-01-28
740,"[4, 8, 9, 16, 17, 19]",31,"[{""rank"": ""1등"", ""winners"": 18, ""prize_amount"": 936929792}, {""rank"": ""2등"", ""winners"": 43, ""prize_amount"": 65367195}, {""rank"": ""3등"", ""winners"": 2447, ""prize_amount"": 1148668}, {""rank"": ""4등"", ""winners"": 115722, ""prize_amount"": 50000}, {""rank"": ""5등"", ""winners"": 1864169, ""prize_amount"": 5000}]",2017-02-04
741,"[5, 21, 27, 34, 44, 45]",16,"[{""rank"": ""1등"", ""winners"": 6, ""prize_amount"": 3043595938}, {""rank"": ""2등"", ""winners"": 55, ""prize_amount"": 55338108}, {""rank"": ""3등"", ""winners"": 1829, ""prize_amount"": 1664077}, {""rank"": ""4등"", ""winners"": 95007, ""prize_amount"": 50000}, {""rank"": ""5등"", ""winners"": 1619435, ""prize_amount"": 5000}]",2017-02-11
742,"[8, 10, 13, 36, 37, 40]",6,"[{""rank"": ""1등"", ""winners"": 16, ""prize_amount"": 1111814813}, {""rank"": ""2등"", ""winners"": 44, ""prize_amount"": 67382716}, {""rank"": ""3등"", ""winners"": 1986, ""prize_amount"": 1492870}, {""rank"": ""4등"", ""winners"": 98348, ""prize_amount"": 50000}, {""rank"": ""5등"", ""winners"": 1658556, ""prize_amount"": 5000}]",2017-02-18
743,"[15, 19, 21, 34, 41, 44]",10,"[{""rank"": ""1등"", ""winners"": 7, ""prize_amount"": 2608641000}, {""rank"": ""2등"", ""winners"": 46, ""prize_amount"": 66161185}, {""rank"": ""3등"", ""winners"": 1982, ""prize_amount"": 1535527}, {""rank"": ""4등"", ""winners"": 91886, ""prize_amount"": 50000}, {""rank"": ""5등"", ""winners"": 1555362, ""prize_amount"": 5000}]",2017-02-25
744,"[10, 15, 18, 21, 34, 41]",43,"[{""rank"": ""1등"", ""winners"": 15, ""prize_amount"": 1155411575}, {""rank"": ""2등"", ""winners"": 61, ""prize_amount"": 47352934}, {""rank"": ""3등"", ""winners"": 2779, ""prize_amount"": 1039414}, {""rank"": ""4등"", ""winners"": 109229, ""prize_amount"": 50000}, {""rank"": ""5등"", ""winners"": 1636793, ""prize_amount"": 5000}]",2017-03-04
745,"[1, 2, 3, 9, 12, 23]",10,"[{""rank"": ""1등"", ""winners"": 20, ""prize_amount"": 746822982}, {""rank"": ""2등"", ""winners"": 110, ""prize_amount"": 22631000}, {""rank"": ""3등"", ""winners"": 3692, ""prize_amount"": 674272}, {""rank"": ""4등"", ""winners"": 141918, ""prize_amount"": 50000}, {""rank"": ""5등"", ""winners"": 1955276, ""prize_amount"": 5000}]",2017-03-11
746,"[3, 12, 33, 36, 42, 45]",25,"[{""rank"": ""1등"", ""winners"": 9, ""prize_amount"": 2038623709}, {""rank"": ""2등"", ""winners"": 58, ""prize_amount"": 52723027}, {""rank"": ""3등"", ""winners"": 1904, ""prize_amount"": 1606059}, {""rank"": ""4등"", ""winners"": 94197, ""prize_amount"": 50000}, {""rank"": ""5등"", ""winners"": 1589291, ""prize_amount"": 5000}]",2017-03-18
747,"[7, 9, 12, 14, 23, 28]",17,"[{""rank"": ""1등"", ""winners"": 9, ""prize_amount"": 1903214584}, {""rank"": ""2등"", ""winners"": 59, ""prize_amount"": 48386812}, {""rank"": ""3등"", ""winners"": 2217, ""prize_amount"": 1287696}, {""rank"": ""4등"", ""winners"": 105307, ""prize_amount"": 50000}, {""rank"": ""5등"", ""winners"": 1713003, ""prize_amount"": 5000}]",2017-03-25
748,"[3, 10, 13, 22, 31, 32]",29,"[{""rank"": ""1등"", ""winners"": 9, ""prize_amount"": 1928246542}, {""rank"": ""2등"", ""winners"": 59, ""prize_amount"": 49023218}, {""rank"": ""3등"", ""winners"": 1937, ""prize_amount"": 1493222}, {""rank"": ""4등"", ""winners"": 99448, ""prize_amount"": 50000}, {""rank"": ""5등"", ""winners"": 1652756, ""prize_amount"": 5000}]",2017-04-01
749,"[12, 14, 24, 26, 34, 45]",41,"[{""rank"": ""1등"", ""winners"": 13, ""prize_amount"": 1350104395}, {""rank"": ""2등"", ""winners"": 64, ""prize_amount"": 45706660}, {""rank"": ""3등"", ""winners"": 1985, ""prize_amount"": 1473666}, {""rank"": ""4등"", ""winners"": 95573, ""prize_amount"": 50000}, {""rank"": ""5등"", ""winners"": 1589197, ""prize_amount"": 5000}]",2017-04-08
750,"[1, 2, 15, 19, 24, 36]",12,"[{""rank"": ""1등"", ""winners"": 7, ""prize_amount"": 2522104286}, {""rank"": ""2등"", ""winners"": 44, ""prize_amount"": 66873978}, {""rank"": ""3등"", ""winners"": 1779, ""prize_amount"": 1653994}, {""rank"": ""4등"", ""winners"": 93135, ""prize_amount"": 50000}, {""rank"": ""5등"", ""winners"": 1585532, ""prize_amount"": 5000}]",2017-04-15
751,"[3, 4, 16, 20, 28, 44]",17,"[{""rank"": ""1등"", ""winners"": 8, ""prize_amount"": 2097968110}, {""rank"": ""2등"", ""winners"": 69, ""prize_amount"": 40540447}, {""rank"": ""3등"", ""winners"": 2210, ""prize_amount"": 1265743}, {""rank"": ""4등"", ""winners"": 102632, ""prize_amount"": 50000}, {""rank"": ""5등"", ""winners"": 1651438, ""prize_amount"": 5000}]",2017-04-22
752,"[4, 16, 20, 33, 40, 43]",7,"[{""rank"": ""1등"", ""winners"": 9, ""prize_amount"": 1870358834}, {""rank"": ""2등"", ""winners"": 75, ""prize_amount"": 37407177}, {""rank"": ""3등"", ""winners"": 2036, ""prize_amount"": 1377966}, {""rank"": ""4등"", ""winners"": 102477, ""prize_amount"": 50000}, {""rank"": ""5등"", ""winners"": 1646451, ""prize_amount"": 5000}]",2017-04-29
753,"[2, 17, 19, 24, 37, 41]",3,"[{""rank"": ""1등"", ""winners"": 6, ""prize_amount"": 2711105063}, {""rank"": ""2등"", ""winners"": 58, ""prize_amount"": 46743191}, {""rank"": ""3등"", ""winners"": 1934, ""prize_amount"": 1401813}, {""rank"": ""4등"", ""winners"": 97566, ""prize_amount"": 50000}, {""rank"": ""5등"", ""winners"": 1578072, ""prize_amount"": 5000}]",2017-05-06
754,"[2, 8, 17, 24, 29, 31]",32,"[{""rank"": ""1등"", ""winners"": 5, ""prize_amount"": 3427542000}, {""rank"": ""2등"", ""winners"": 50, ""prize_amount"": 57125700}, {""rank"": ""3등"", ""winners"": 1856, ""prize_amount"": 1538947}, {""rank"": ""4등"", ""winners"": 93279, ""prize_amount"": 50000}, {""rank"": ""5등"", ""winners"": 1573739, ""prize_amount"": 5000}]",2017-05-13
755,"[13, 14, 26, 28, 30, 36]",37,"[{""rank"": ""1등"", ""winners"": 8, ""prize_amount"": 2214427266}, {""rank"": ""2등"", ""winners"": 54, ""prize_amount"": 54677217}, {""rank"": ""3등"", ""winners"": 1845, ""prize_amount"": 1600309}, {""rank"": ""4등"", ""winners"": 89745, ""prize_amount"": 50000}, {""rank"": ""5등"", ""winners"": 1508502, ""prize_amount"": 5000}]",2017-05-20
756,"[10, 14, 16, 18, 27, 28]",4,"[{""rank"": ""1등"", ""winners"": 5, ""prize_amount"": 3414434700}, {""rank"": ""2등"", ""winners"": 53, ""prize_amount"": 53686081}, {""rank"": ""3등"", ""winners"": 1866, ""prize_amount"": 1524846}, {""rank"": ""4등"", ""winners"": 94800, ""prize_amount"": 50000}, {""rank"": ""5등"", ""winners"": 1598715, ""prize_amount"": 5000}]",2017-05-27
757,"[6, 7, 11, 17, 33, 44]",1,"[{""rank"": ""1등"", ""winners"": 21, ""prize_amount"": 739839858}, {""rank"": ""2등"", ""winners"": 68, ""prize_amount"": 38079993}, {""rank"": ""3등"", ""winners"": 2657, ""prize_amount"": 974573}, {""rank"": ""4등"", ""winners"": 117353, ""prize_amount"": 50000}, {""rank"": ""5등"", ""winners"": 1788667, ""prize_amount"": 5000}]",2017-06-03
758,"[5, 9, 12, 30, 39, 43]",24,"[{""rank"": ""1등"", ""winners"": 8, ""prize_amount"": 2078969954}, {""rank"": ""2등"", ""winners"": 63, ""prize_amount"": 43999365}, {""rank"": ""3등"", ""winners"": 2170, ""prize_amount"": 1277401}, {""rank"": ""4등"", ""winners"": 106121, ""prize_amount"": 50000}, {""rank"": ""5등"", ""winners"": 1680080, ""prize_amount"": 5000}]",2017-06-10
759,"[9, 33, 36, 40, 42, 43]",32,"[{""rank"": ""1등"", ""winners"": 6, ""prize_amount"": 3032670500}, {""rank"": ""2등"", ""winners"": 44, ""prize_amount"": 68924330}, {""rank"": ""3등"", ""winners"": 1761, ""prize_amount"": 1722130}, {""rank"": ""4등"", ""winners"": 88543, ""prize_amount"": 50000}, {""rank"": ""5등"", ""winners"": 1525518, ""prize_amount"": 5000}]",2017-06-17
760,"[10, 22, 27, 31, 42, 43]",12,"[{""rank"": ""1등"", ""winners"": 8, ""prize_amount"": 2253299391}, {""rank"": ""2등"", ""winners"": 45, ""prize_amount"": 66764427}, {""rank"": ""3등"", ""winners"": 1749, ""prize_amount"": 1717782}, {""rank"": ""4등"", ""winners"": 89221, ""prize_amount"": 50000}, {""rank"": ""5등"", ""winners"": 1520831, ""prize_amount"": 5000}]",2017-06-24
761,"[4, 7, 11, 24, 42, 45]",30,"[{""rank"": ""1등"", ""winners"": 7, ""prize_amount"": 2392730518}, {""rank"": ""2등"", ""winners"": 52, ""prize_amount"": 53683057}, {""rank"": ""3등"", ""winners"": 2139, ""prize_amount"": 1305058}, {""rank"": ""4등"", ""winners"": 101503, ""prize_amount"": 50000}, {""rank"": ""5등"", ""winners"": 1660130, ""prize_amount"": 5000}]",2017-07-01
762,"[1, 3, 12, 21, 26, 41]",16,"[{""rank"": ""1등"", ""winners"": 10, ""prize_amount"": 1631432063}, {""rank"": ""2등"", ""winners"": 53, ""prize_amount"": 51302896}, {""rank"": ""3등"", ""winners"": 2044, ""prize_amount"": 1330261}, {""rank"": ""4등"", ""winners"": 103406, ""prize_amount"": 50000}, {""rank"": ""5등"", ""winners"": 1671344, ""prize_amount"": 5000}]",2017-07-08
763,"[3, 8, 16, 32, 34, 43]",10,"[{""rank"": ""1등"", ""winners"": 8, ""prize_amount"": 2138130000}, {""rank"": ""2등"", ""winners"": 45, ""prize_amount"": 63352000}, {""rank"": ""3등"", ""winners"": 2019, ""prize_amount"": 1412006}, {""rank"": ""4등"", ""winners"": 94176, ""prize_amount"": 50000}, {""rank"": ""5등"", ""winners"": 1562106, ""prize_amount"": 5000}]",2017-07-15
764,"[7, 22, 24, 31, 34, 36]",15,"[{""rank"": ""1등"", ""winners"": 7, ""prize_amount"": 2459975465}, {""rank"": ""2등"", ""winners"": 44, ""prize_amount"": 65226623}, {""rank"": ""3등"", ""winners"": 1908, ""prize_amount"": 1504178}, {""rank"": ""4등"", ""winners"": 90896, ""prize_amount"": 50000}, {""rank"": ""5등"", ""winners"": 1530979, ""prize_amount"": 5000}]",2017-07-22
765,"[1, 3, 8, 12, 42, 43]",33,"[{""rank"": ""1등"", ""winners"": 15, ""prize_amount"": 1109214250}, {""rank"": ""2등"", ""winners"": 54, ""prize_amount"": 51352512}, {""rank"": ""3등"", ""winners"": 2121, ""prize_amount"": 1307419}, {""rank"": ""4등"", ""winners"": 101653, ""prize_amount"": 50000}, {""rank"": ""5등"", ""winners"": 1643849, ""prize_amount"": 5000}]",2017-07-29
766,"[9, 30, 34, 35, 39, 41]",21,"[{""rank"": ""1등"", ""winners"": 8, ""prize_amount"": 2173637297}, {""rank"": ""2등"", ""winners"": 41, ""prize_amount"": 70687392}, {""rank"": ""3등"", ""winners"": 1734, ""prize_amount"": 1671386}, {""rank"": ""4등"", ""winners"": 85422, ""prize_amount"": 50000}, {""rank"": ""5등"", ""winners"": 1458764, ""prize_amount"": 5000}]",2017-08-05
767,"[5, 15, 20, 31, 34, 42]",22,"[{""rank"": ""1등"", ""winners"": 15, ""prize_amount"": 1163768725}, {""rank"": ""2등"", ""winners"": 46, ""prize_amount"": 63248301}, {""rank"": ""3등"", ""winners"": 1905, ""prize_amount"": 1527256}, {""rank"": ""4등"", ""winners"": 92437, ""prize_amount"": 50000}, {""rank"": ""5등"", ""winners"": 1549115, ""prize_amount"": 5000}]",2017-08-12
768,"[7, 27, 29, 30, 38, 44]",4,"[{""rank"": ""1등"", ""winners"": 13, ""prize_amount"": 1363572260}, {""rank"": ""2등"", ""winners"": 53, ""prize_amount"": 55743521}, {""rank"": ""3등"", ""winners"": 1849, ""prize_amount"": 1597841}, {""rank"": ""4등"", ""winners"": 93126, ""prize_amount"": 50000}, {""rank"": ""5등"", ""winners"": 1572387, ""prize_amount"": 5000}]",2017-08-19
769,"[5, 7, 11, 16, 41, 45]",4,"[{""rank"": ""1등"", ""winners"": 9, ""prize_amount"": 1930760042}, {""rank"": ""2등"", ""winners"": 55, ""prize_amount"": 52657093}, {""rank"": ""3등"", ""winners"": 1962, ""prize_amount"": 1476117}, {""rank"": ""4등"", ""winners"": 99272, ""prize_amount"": 50000}, {""rank"": ""5등"", ""winners"": 1660799, ""prize_amount"": 5000}]",2017-08-26
770,"[1, 9, 12, 23, 39, 43]",34,"[{""rank"": ""1등"", ""winners"": 8, ""prize_amount"": 2163099329}, {""rank"": ""2등"", ""winners"": 75, ""prize_amount"": 38455100}, {""rank"": ""3등"", ""winners"": 2302, ""prize_amount"": 1252882}, {""rank"": ""4등"", ""winners"": 108450, ""prize_amount"": 50000}, {""rank"": ""5등"", ""winners"": 1717526, ""prize_amount"": 5000}]",2017-09-02
771,"[6, 10, 17, 18, 21, 29]",30,"[{""rank"": ""1등"", ""winners"": 4, ""prize_amount"": 4362644907}, {""rank"": ""2등"", ""winners"": 49, ""prize_amount"": 59355714}, {""rank"": ""3등"", ""winners"": 2054, ""prize_amount"": 1415984}, {""rank"": ""4등"", ""winners"": 102013, ""prize_amount"": 50000}, {""rank"": ""5등"", ""winners"": 1680976, ""prize_amount"": 5000}]",2017-09-09
772,"[5, 6, 11, 14, 21, 41]",32,"[{""rank"": ""1등"", ""winners"": 10, ""prize_amount"": 1769608838}, {""rank"": ""2등"", ""winners"": 53, ""prize_amount"": 55648077}, {""rank"": ""3등"", ""winners"": 2027, ""prize_amount"": 1455032}, {""rank"": ""4등"", ""winners"": 103023, ""prize_amount"": 50000}, {""rank"": ""5등"", ""winners"": 1688350, ""prize_amount"": 5000}]",2017-09-16
773,"[8, 12, 19, 21, 31, 35]",44,"[{""rank"": ""1등"", ""winners"": 11, ""prize_amount"": 1609403080}, {""rank"": ""2등"", ""winners"": 58, ""prize_amount"": 50871937}, {""rank"": ""3등"", ""winners"": 2094, ""prize_amount"": 1409061}, {""rank"": ""4등"", ""winners"": 104474, ""prize_amount"": 50000}, {""rank"": ""5등"", ""winners"": 1690404, ""prize_amount"": 5000}]",2017-09-23
774,"[12, 15, 18, 28, 34, 42]",9,"[{""rank"": ""1등"", ""winners"": 11, ""prize_amount"": 1709721512}, {""rank"": ""2등"", ""winners"": 60, ""prize_amount"": 52241491}, {""rank"": ""3등"", ""winners"": 1956, ""prize_amount"": 1602500}, {""rank"": ""4등"", ""winners"": 101524, ""prize_amount"": 50000}, {""rank"": ""5등"", ""winners"": 1704279, ""prize_amount"": 5000}]",2017-09-30
775,"[11, 12, 29, 33, 38, 42]",17,"[{""rank"": ""1등"", ""winners"": 5, ""prize_amount"": 3470437650}, {""rank"": ""2등"", ""winners"": 37, ""prize_amount"": 78163011}, {""rank"": ""3등"", ""winners"": 1719, ""prize_amount"": 1682392}, {""rank"": ""4등"", ""winners"": 91297, ""prize_amount"": 50000}, {""rank"": ""5등"", ""winners"": 1539325, ""prize_amount"": 5000}]",2017-10-07
776,"[8, 9, 18, 21, 28, 40]",20,"[{""rank"": ""1등"", ""winners"": 7, ""prize_amount"": 2557579393}, {""rank"": ""2등"", ""winners"": 50, ""prize_amount"": 59676853}, {""rank"": ""3등"", ""winners"": 2001, ""prize_amount"": 1491176}, {""rank"": ""4등"", ""winners"": 102081, ""prize_amount"": 50000}, {""rank"": ""5등"", ""winners"": 1687650, ""prize_amount"": 5000}]",2017-10-14
777,"[6, 12, 17, 21, 34, 37]",18,"[{""rank"": ""1등"", ""winners"": 21, ""prize_amount"": 833468036}, {""rank"": ""2등"", ""winners"": 66, ""prize_amount"": 44199063}, {""rank"": ""3등"", ""winners"": 2413, ""prize_amount"": 1208926}, {""rank"": ""4등"", ""winners"": 111938, ""prize_amount"": 50000}, {""rank"": ""5등"", ""winners"": 1766635, ""prize_amount"": 5000}]",2017-10-21
778,"[6, 21, 35, 36, 37, 41]",11,"[{""rank"": ""1등"", ""winners"": 3, ""prize_amount"": 6264069500}, {""rank"": ""2등"", ""winners"": 67, ""prize_amount"": 46746788}, {""rank"": ""3등"", ""winners"": 1731, ""prize_amount"": 1809379}, {""rank"": ""4등"", ""winners"": 92126, ""prize_amount"": 50000}, {""rank"": ""5등"", ""winners"": 1575045, ""prize_amount"": 5000}]",2017-10-28
779,"[6, 12, 19, 24, 34, 41]",4,"[{""rank"": ""1등"", ""winners"": 11, ""prize_amount"": 1527709296}, {""rank"": ""2등"", ""winners"": 66, ""prize_amount"": 42436370}, {""rank"": ""3등"", ""winners"": 2503, ""prize_amount"": 1118978}, {""rank"": ""4등"", ""winners"": 114464, ""prize_amount"": 50000}, {""rank"": ""5등"", ""winners"": 1751447, ""prize_amount"": 5000}]",2017-11-04
780,"[15, 17, 19, 21, 27, 45]",16,"[{""rank"": ""1등"", ""winners"": 11, ""prize_amount"": 1667520137}, {""rank"": ""2등"", ""winners"": 45, ""prize_amount"": 67936006}, {""rank"": ""3등"", ""winners"": 1681, ""prize_amount"": 1818632}, {""rank"": ""4등"", ""winners"": 92630, ""prize_amount"": 50000}, {""rank"": ""5등"", ""winners"": 1605516, ""prize_amount"": 5000}]",2017-11-11
781,"[11, 16, 18, 19, 24, 39]",43,"[{""rank"": ""1등"", ""winners"": 9, ""prize_amount"": 1882891542}, {""rank"": ""2등"", ""winners"": 52, ""prize_amount"": 54314180}, {""rank"": ""3등"", ""winners"": 1967, ""prize_amount"": 1435861}, {""rank"": ""4등"", ""winners"": 102959, ""prize_amount"": 50000}, {""rank"": ""5등"", ""winners"": 1699786, ""prize_amount"": 5000}]",2017-11-18
782,"[6, 18, 31, 34, 38, 45]",20,"[{""rank"": ""1등"", ""winners"": 9, ""prize_amount"": 1946487625}, {""rank"": ""2등"", ""winners"": 49, ""prize_amount"": 59586356}, {""rank"": ""3등"", ""winners"": 2047, ""prize_amount"": 1426347}, {""rank"": ""4등"", ""winners"": 96821, ""prize_amount"": 50000}, {""rank"": ""5등"", ""winners"": 1585617, ""prize_amount"": 5000}]",2017-11-25
783,"[14, 15, 16, 17, 38, 45]",36,"[{""rank"": ""1등"", ""winners"": 4, ""prize_amount"": 4603964625}, {""rank"": ""2등"", ""winners"": 36, ""prize_amount"": 85258605}, {""rank"": ""3등"", ""winners"": 1869, ""prize_amount"": 1642221}, {""rank"": ""4등"", ""winners"": 90899, ""prize_amount"": 50000}, {""rank"": ""5등"", ""winners"": 1532640, ""prize_amount"": 5000}]",2017-12-02
784,"[3, 10, 23, 24, 31, 39]",22,"[{""rank"": ""1등"", ""winners"": 9, ""prize_amount"": 1908678000}, {""rank"": ""2등"", ""winners"": 51, ""prize_amount"": 56137589}, {""rank"": ""3등"", ""winners"": 2257, ""prize_amount"": 1268506}, {""rank"": ""4등"", ""winners"": 115089, ""prize_amount"": 50000}, {""rank"": ""5등"", ""winners"": 1699421, ""prize_amount"": 5000}]",2017-12-09
785,"[4, 6, 15, 25, 26, 33]",40,"[{""rank"": ""1등"", ""winners"": 6, ""prize_amount"": 2886622688}, {""rank"": ""2등"", ""winners"": 55, ""prize_amount"": 52484049}, {""rank"": ""3등"", ""winners"": 1972, ""prize_amount"": 1463805}, {""rank"": ""4등"", ""winners"": 100062, ""prize_amount"": 50000}, {""rank"": ""5등"", ""winners"": 1678240, ""prize_amount"": 5000}]",2017-12-16
786,"[12, 15, 16, 20, 24, 30]",38,"[{""rank"": ""1등"", ""winners"": 4, ""prize_amount"": 4551365250}, {""rank"": ""2등"", ""winners"": 96, ""prize_amount"": 31606704}, {""rank"": ""3등"", ""winners"": 2064, ""prize_amount"": 1470080}, {""rank"": ""4등"", ""winners"": 103000, ""prize_amount"": 50000}, {""rank"": ""5등"", ""winners"": 1708226, ""prize_amount"": 5000}]",2017-12-23
787,"[5, 6, 13, 16, 27, 28]",9,"[{""rank"": ""1등"", ""winners"": 6, ""prize_amount"": 3092108313}, {""rank"": ""2등"", ""winners"": 51, ""prize_amount"": 60629575}, {""rank"": ""3등"", ""winners"": 2339, ""prize_amount"": 1321979}, {""rank"": ""4등"", ""winners"": 114842, ""prize_amount"": 50000}, {""rank"": ""5등"", ""winners"": 1863599, ""prize_amount"": 5000}]",2017-12-30
788,"[2, 10, 11, 19, 35, 39]",29,"[{""rank"": ""1등"", ""winners"": 13, ""prize_amount"": 1401475154}, {""rank"": ""2등"", ""winners"": 70, ""prize_amount"": 43378993}, {""rank"": ""3등"", ""winners"": 2257, ""prize_amount"": 1345384}, {""rank"": ""4등"", ""winners"": 112504, ""prize_amount"": 50000}, {""rank"": ""5등"", ""winners"": 1828701, ""prize_amount"": 5000}]",2018-01-06
789,"[2, 6, 7, 12, 19, 45]",38,"[{""rank"": ""1등"", ""winners"": 15, ""prize_amount"": 1140976825}, {""rank"": ""2등"", ""winners"": 70, ""prize_amount"": 40749173}, {""rank"": ""3등"", ""winners"": 2437, ""prize_amount"": 1170473}, {""rank"": ""4등"", ""winners"": 118089, ""prize_amount"": 50000}, {""rank"": ""5등"", ""winners"": 1868863, ""prize_amount"": 5000}]",2018-01-13
790,"[3, 8, 19, 27, 30, 41]",12,"[{""rank"": ""1등"", ""winners"": 16, ""prize_amount"": 1160516274}, {""rank"": ""2등"", ""winners"": 59, ""prize_amount"": 52452713}, {""rank"": ""3등"", ""winners"": 2417, ""prize_amount"": 1280394}, {""rank"": ""4등"", ""winners"": 113336, ""prize_amount"": 50000}, {""rank"": ""5등"", ""winners"": 1812992, ""prize_amount"": 5000}]",2018-01-20
791,"[2, 10, 12, 31, 33, 42]",32,"[{""rank"": ""1등"", ""winners"": 14, ""prize_amount"": 1253081893}, {""rank"": ""2등"", ""winners"": 38, ""prize_amount"": 76943625}, {""rank"": ""3등"", ""winners"": 2410, ""prize_amount"": 1213219}, {""rank"": ""4등"", ""winners"": 102931, ""prize_amount"": 50000}, {""rank"": ""5등"", ""winners"": 1713102, ""prize_amount"": 5000}]",2018-01-27
792,"[2, 7, 19, 25, 29, 36]",16,"[{""rank"": ""1등"", ""winners"": 7, ""prize_amount"": 2655736768}, {""rank"": ""2등"", ""winners"": 65, ""prize_amount"": 47667071}, {""rank"": ""3등"", ""winners"": 1958, ""prize_amount"": 1582411}, {""rank"": ""4등"", ""winners"": 99185, ""prize_amount"": 50000}, {""rank"": ""5등"", ""winners"": 1684675, ""prize_amount"": 5000}]",2018-02-03
793,"[10, 15, 21, 35, 38, 43]",31,"[{""rank"": ""1등"", ""winners"": 5, ""prize_amount"": 3750146775}, {""rank"": ""2등"", ""winners"": 61, ""prize_amount"": 51231514}, {""rank"": ""3등"", ""winners"": 2043, ""prize_amount"": 1529674}, {""rank"": ""4등"", ""winners"": 98216, ""prize_amount"": 50000}, {""rank"": ""5등"", ""winners"": 1635392, ""prize_amount"": 5000}]",2018-02-10
794,"[6, 7, 18, 19, 30, 38]",13,"[{""rank"": ""1등"", ""winners"": 7, ""prize_amount"": 2650940304}, {""rank"": ""2등"", ""winners"": 45, ""prize_amount"": 68728082}, {""rank"": ""3등"", ""winners"": 2607, ""prize_amount"": 1186331}, {""rank"": ""4등"", ""winners"": 116809, ""prize_amount"": 50000}, {""rank"": ""5등"", ""winners"": 1877646, ""prize_amount"": 5000}]",2018-02-17
795,"[3, 10, 13, 26, 34, 38]",36,"[{""rank"": ""1등"", ""winners"": 11, ""prize_amount"": 1714977000}, {""rank"": ""2등"", ""winners"": 62, ""prize_amount"": 50711686}, {""rank"": ""3등"", ""winners"": 2423, ""prize_amount"": 1297617}, {""rank"": ""4등"", ""winners"": 111043, ""prize_amount"": 50000}, {""rank"": ""5등"", ""winners"": 1825105, ""prize_amount"": 5000}]",2018-02-24
796,"[1, 21, 26, 36, 40, 41]",5,"[{""rank"": ""1등"", ""winners"": 7, ""prize_amount"": 2763490340}, {""rank"": ""2등"", ""winners"": 46, ""prize_amount"": 70088524}, {""rank"": ""3등"", ""winners"": 1921, ""prize_amount"": 1678331}, {""rank"": ""4등"", ""winners"": 96701, ""prize_amount"": 50000}, {""rank"": ""5등"", ""winners"": 1643069, ""prize_amount"": 5000}]",2018-03-03
797,"[5, 22, 31, 32, 39, 45]",36,"[{""rank"": ""1등"", ""winners"": 8, ""prize_amount"": 2397028125}, {""rank"": ""2등"", ""winners"": 34, ""prize_amount"": 94001103}, {""rank"": ""3등"", ""winners"": 1868, ""prize_amount"": 1710941}, {""rank"": ""4등"", ""winners"": 97900, ""prize_amount"": 50000}, {""rank"": ""5등"", ""winners"": 1641334, ""prize_amount"": 5000}]",2018-03-10
798,"[2, 10, 14, 22, 32, 36]",41,"[{""rank"": ""1등"", ""winners"": 7, ""prize_amount"": 2710791911}, {""rank"": ""2등"", ""winners"": 60, ""prize_amount"": 52709843}, {""rank"": ""3등"", ""winners"": 2124, ""prize_amount"": 1488979}, {""rank"": ""4등"", ""winners"": 98988, ""prize_amount"": 50000}, {""rank"": ""5등"", ""winners"": 1653851, ""prize_amount"": 5000}]",2018-03-17
799,"[12, 17, 23, 34, 42, 45]",33,"[{""rank"": ""1등"", ""winners"": 10, ""prize_amount"": 1826427225}, {""rank"": ""2등"", ""winners"": 56, ""prize_amount"": 54357954}, {""rank"": ""3등"", ""winners"": 2242, ""prize_amount"": 1357737}, {""rank"": ""4등"", ""winners"": 107519, ""prize_amount"": 50000}, {""rank"": ""5등"", ""winners"": 1725236, ""prize_amount"": 5000}]",2018-03-24
800,"[1, 4, 10, 12, 28, 45]",26,"[{""rank"": ""1등"", ""winners"": 11, ""prize_amount"": 1632246205}, {""rank"": ""2등"", ""winners"": 51, ""prize_amount"": 58675518}, {""rank"": ""3등"", ""winners"": 2179, ""prize_amount"": 1373315}, {""rank"": ""4등"", ""winners"": 110956, ""prize_amount"": 50000}, {""rank"": ""5등"", ""winners"": 1801924, ""prize_amount"": 5000}]",2018-03-31
801,"[17, 25, 28, 37, 43, 44]",2,"[{""rank"": ""1등"", ""winners"": 8, ""prize_amount"": 2256786657}, {""rank"": ""2등"", ""winners"": 51, ""prize_amount"": 59000959}, {""rank"": ""3등"", ""winners"": 1999, ""prize_amount"": 1505278}, {""rank"": ""4등"", ""winners"": 97006, ""prize_amount"": 50000}, {""rank"": ""5등"", ""winners"": 1618941, ""prize_amount"": 5000}]",2018-04-07
802,"[10, 11, 12, 18, 24, 42]",27,"[{""rank"": ""1등"", ""winners"": 16, ""prize_amount"": 1082947993}, {""rank"": ""2등"", ""winners"": 67, ""prize_amount"": 43102408}, {""rank"": ""3등"", ""winners"": 2207, ""prize_amount"": 1308501}, {""rank"": ""4등"", ""winners"": 107980, ""prize_amount"": 50000}, {""rank"": ""5등"", ""winners"": 1814300, ""prize_amount"": 5000}]",2018-04-14
803,"[5, 9, 14, 26, 30, 43]",2,"[{""rank"": ""1등"", ""winners"": 5, ""prize_amount"": 3663810225}, {""rank"": ""2등"", ""winners"": 50, ""prize_amount"": 61063504}, {""rank"": ""3등"", ""winners"": 2094, ""prize_amount"": 1458059}, {""rank"": ""4등"", ""winners"": 102413, ""prize_amount"": 50000}, {""rank"": ""5등"", ""winners"": 1657869, ""prize_amount"": 5000}]",2018-04-21
804,"[1, 10, 13, 26, 32, 36]",9,"[{""rank"": ""1등"", ""winners"": 11, ""prize_amount"": 1631996523}, {""rank"": ""2등"", ""winners"": 49, ""prize_amount"": 61061095}, {""rank"": ""3등"", ""winners"": 2048, ""prize_amount"": 1460935}, {""rank"": ""4등"", ""winners"": 100907, ""prize_amount"": 50000}, {""rank"": ""5등"", ""winners"": 1659443, ""prize_amount"": 5000}]",2018-04-28
805,"[3, 12, 13, 18, 31, 32]",42,"[{""rank"": ""1등"", ""winners"": 4, ""prize_amount"": 4266061969}, {""rank"": ""2등"", ""winners"": 53, ""prize_amount"": 53661157}, {""rank"": ""3등"", ""winners"": 2075, ""prize_amount"": 1370623}, {""rank"": ""4등"", ""winners"": 105602, ""prize_amount"": 50000}, {""rank"": ""5등"", ""winners"": 1700112, ""prize_amount"": 5000}]",2018-05-05
806,"[14, 20, 23, 31, 37, 38]",27,"[{""rank"": ""1등"", ""winners"": 7, ""prize_amount"": 2640760875}, {""rank"": ""2등"", ""winners"": 57, ""prize_amount"": 54050662}, {""rank"": ""3등"", ""winners"": 1850, ""prize_amount"": 1665345}, {""rank"": ""4등"", ""winners"": 91180, ""prize_amount"": 50000}, {""rank"": ""5등"", ""winners"": 1561838, ""prize_amount"": 5000}]",2018-05-12
807,"[6, 10, 18, 25, 34, 35]",33,"[{""rank"": ""1등"", ""winners"": 7, ""prize_amount"": 2437662322}, {""rank"": ""2등"", ""winners"": 59, ""prize_amount"": 48202363}, {""rank"": ""3등"", ""winners"": 2319, ""prize_amount"": 1226365}, {""rank"": ""4등"", ""winners"": 108300, ""prize_amount"": 50000}, {""rank"": ""5등"", ""winners"": 1749855, ""prize_amount"": 5000}]",2018-05-19
808,"[15, 21, 31, 32, 41, 43]",24,"[{""rank"": ""1등"", ""winners"": 6, ""prize_amount"": 3087620500}, {""rank"": ""2등"", ""winners"": 46, ""prize_amount"": 67122185}, {""rank"": ""3등"", ""winners"": 1962, ""prize_amount"": 1573711}, {""rank"": ""4등"", ""winners"": 95319, ""prize_amount"": 50000}, {""rank"": ""5등"", ""winners"": 1597761, ""prize_amount"": 5000}]",2018-05-26
809,"[6, 11, 15, 17, 23, 40]",39,"[{""rank"": ""1등"", ""winners"": 6, ""prize_amount"": 2921372750}, {""rank"": ""2등"", ""winners"": 56, ""prize_amount"": 52167371}, {""rank"": ""3등"", ""winners"": 2179, ""prize_amount"": 1340695}, {""rank"": ""4등"", ""winners"": 104350, ""prize_amount"": 50000}, {""rank"": ""5등"", ""winners"": 1703714, ""prize_amount"": 5000}]",2018-06-02
810,"[5, 10, 13, 21, 39, 43]",11,"[{""rank"": ""1등"", ""winners"": 8, ""prize_amount"": 2231598047}, {""rank"": ""2등"", ""winners"": 64, ""prize_amount"": 46491626}, {""rank"": ""3등"", ""winners"": 2053, ""prize_amount"": 1449325}, {""rank"": ""4등"", ""winners"": 100608, ""prize_amount"": 50000}, {""rank"": ""5등"", ""winners"": 1672013, ""prize_amount"": 5000}]",2018-06-09
811,"[8, 11, 19, 21, 36, 45]",25,"[{""rank"": ""1등"", ""winners"": 7, ""prize_amount"": 2524148197}, {""rank"": ""2등"", ""winners"": 49, ""prize_amount"": 60098767}, {""rank"": ""3등"", ""winners"": 2151, ""prize_amount"": 1369057}, {""rank"": ""4등"", ""winners"": 104155, ""prize_amount"": 50000}, {""rank"": ""5등"", ""winners"": 1703788, ""prize_amount"": 5000}]",2018-06-16
812,"[1, 3, 12, 14, 16, 43]",10,"[{""rank"": ""1등"", ""winners"": 6, ""prize_amount"": 2947954750}, {""rank"": ""2등"", ""winners"": 68, ""prize_amount"": 43352276}, {""rank"": ""3등"", ""winners"": 1976, ""prize_amount"": 1491880}, {""rank"": ""4등"", ""winners"": 100498, ""prize_amount"": 50000}, {""rank"": ""5등"", ""winners"": 1693074, ""prize_amount"": 5000}]",2018-06-23
813,"[11, 30, 34, 35, 42, 44]",27,"[{""rank"": ""1등"", ""winners"": 4, ""prize_amount"": 4591763157}, {""rank"": ""2등"", ""winners"": 43, ""prize_amount"": 71190127}, {""rank"": ""3등"", ""winners"": 1800, ""prize_amount"": 1700654}, {""rank"": ""4등"", ""winners"": 89323, ""prize_amount"": 50000}, {""rank"": ""5등"", ""winners"": 1548384, ""prize_amount"": 5000}]",2018-06-30
814,"[2, 21, 28, 38, 42, 45]",30,"[{""rank"": ""1등"", ""winners"": 6, ""prize_amount"": 3067192063}, {""rank"": ""2등"", ""winners"": 52, ""prize_amount"": 58984463}, {""rank"": ""3등"", ""winners"": 1833, ""prize_amount"": 1673319}, {""rank"": ""4등"", ""winners"": 93837, ""prize_amount"": 50000}, {""rank"": ""5등"", ""winners"": 1585777, ""prize_amount"": 5000}]",2018-07-07
815,"[17, 21, 25, 26, 27, 36]",4,"[{""rank"": ""1등"", ""winners"": 7, ""prize_amount"": 2579855358}, {""rank"": ""2등"", ""winners"": 39, ""prize_amount"": 77175161}, {""rank"": ""3등"", ""winners"": 1703, ""prize_amount"": 1767371}, {""rank"": ""4등"", ""winners"": 92977, ""prize_amount"": 50000}, {""rank"": ""5등"", ""winners"": 1596140, ""prize_amount"": 5000}]",2018-07-14
816,"[12, 18, 19, 29, 31, 39]",7,"[{""rank"": ""1등"", ""winners"": 8, ""prize_amount"": 2128107938}, {""rank"": ""2등"", ""winners"": 67, ""prize_amount"": 42350407}, {""rank"": ""3등"", ""winners"": 2064, ""prize_amount"": 1374747}, {""rank"": ""4등"", ""winners"": 102402, ""prize_amount"": 50000}, {""rank"": ""5등"", ""winners"": 1675799, ""prize_amount"": 5000}]",2018-07-21
817,"[3, 9, 12, 13, 25, 43]",34,"[{""rank"": ""1등"", ""winners"": 9, ""prize_amount"": 1868477334}, {""rank"": ""2등"", ""winners"": 54, ""prize_amount"": 51902149}, {""rank"": ""3등"", ""winners"": 2068, ""prize_amount"": 1355279}, {""rank"": ""4등"", ""winners"": 105276, ""prize_amount"": 50000}, {""rank"": ""5등"", ""winners"": 1718171, ""prize_amount"": 5000}]",2018-07-28
818,"[14, 15, 25, 28, 29, 30]",3,"[{""rank"": ""1등"", ""winners"": 13, ""prize_amount"": 1380804318}, {""rank"": ""2등"", ""winners"": 39, ""prize_amount"": 76711351}, {""rank"": ""3등"", ""winners"": 1845, ""prize_amount"": 1621541}, {""rank"": ""4등"", ""winners"": 90205, ""prize_amount"": 50000}, {""rank"": ""5등"", ""winners"": 1490497, ""prize_amount"": 5000}]",2018-08-04
819,"[16, 25, 33, 38, 40, 45]",15,"[{""rank"": ""1등"", ""winners"": 7, ""prize_amount"": 2594534840}, {""rank"": ""2등"", ""winners"": 49, ""prize_amount"": 61774640}, {""rank"": ""3등"", ""winners"": 1981, ""prize_amount"": 1527995}, {""rank"": ""4등"", ""winners"": 97667, ""prize_amount"": 50000}, {""rank"": ""5등"", ""winners"": 1638089, ""prize_amount"": 5000}]",2018-08-11
820,"[10, 21, 22, 30, 35, 42]",6,"[{""rank"": ""1등"", ""winners"": 4, ""prize_amount"": 4627313532}, {""rank"": ""2등"", ""winners"": 60, ""prize_amount"": 51414595}, {""rank"": ""3등"", ""winners"": 1987, ""prize_amount"": 1552530}, {""rank"": ""4등"", ""winners"": 99433, ""prize_amount"": 50000}, {""rank"": ""5등"", ""winners"": 1644326, ""prize_amount"": 5000}]",2018-08-18
821,"[1, 12, 13, 24, 29, 44]",16,"[{""rank"": ""1등"", ""winners"": 14, ""prize_amount"": 1316155956}, {""rank"": ""2등"", ""winners"": 55, ""prize_amount"": 55836920}, {""rank"": ""3등"", ""winners"": 2100, ""prize_amount"": 1462396}, {""rank"": ""4등"", ""winners"": 101082, ""prize_amount"": 50000}, {""rank"": ""5등"", ""winners"": 1687355, ""prize_amount"": 5000}]",2018-08-25
822,"[9, 18, 20, 24, 27, 36]",12,"[{""rank"": ""1등"", ""winners"": 3, ""prize_amount"": 5930898625}, {""rank"": ""2등"", ""winners"": 79, ""prize_amount"": 37537334}, {""rank"": ""3등"", ""winners"": 2153, ""prize_amount"": 1377357}, {""rank"": ""4등"", ""winners"": 108789, ""prize_amount"": 50000}, {""rank"": ""5등"", ""winners"": 1735565, ""prize_amount"": 5000}]",2018-09-01
823,"[12, 18, 24, 26, 39, 40]",15,"[{""rank"": ""1등"", ""winners"": 9, ""prize_amount"": 2009843917}, {""rank"": ""2등"", ""winners"": 61, ""prize_amount"": 49422392}, {""rank"": ""3등"", ""winners"": 2348, ""prize_amount"": 1283972}, {""rank"": ""4등"", ""winners"": 112065, ""prize_amount"": 50000}, {""rank"": ""5등"", ""winners"": 1795737, ""prize_amount"": 5000}]",2018-09-08
824,"[7, 9, 24, 29, 34, 38]",26,"[{""rank"": ""1등"", ""winners"": 15, ""prize_amount"": 1256646550}, {""rank"": ""2등"", ""winners"": 51, ""prize_amount"": 61600322}, {""rank"": ""3등"", ""winners"": 2106, ""prize_amount"": 1491746}, {""rank"": ""4등"", ""winners"": 105359, ""prize_amount"": 50000}, {""rank"": ""5등"", ""winners"": 1745566, ""prize_amount"": 5000}]",2018-09-15
825,"[8, 15, 21, 31, 33, 38]",42,"[{""rank"": ""1등"", ""winners"": 12, ""prize_amount"": 1658710563}, {""rank"": ""2등"", ""winners"": 53, ""prize_amount"": 62592852}, {""rank"": ""3등"", ""winners"": 2249, ""prize_amount"": 1475065}, {""rank"": ""4등"", ""winners"": 113070, ""prize_amount"": 50000}, {""rank"": ""5등"", ""winners"": 1850484, ""prize_amount"": 5000}]",2018-09-22
826,"[13, 16, 24, 25, 33, 36]",42,"[{""rank"": ""1등"", ""winners"": 9, ""prize_amount"": 2075192084}, {""rank"": ""2등"", ""winners"": 47, ""prize_amount"": 66229535}, {""rank"": ""3등"", ""winners"": 2232, ""prize_amount"": 1394619}, {""rank"": ""4등"", ""winners"": 108626, ""prize_amount"": 50000}, {""rank"": ""5등"", ""winners"": 1755153, ""prize_amount"": 5000}]",2018-09-29
827,"[5, 11, 12, 29, 33, 44]",14,"[{""rank"": ""1등"", ""winners"": 15, ""prize_amount"": 1206500375}, {""rank"": ""2등"", ""winners"": 46, ""prize_amount"": 65570673}, {""rank"": ""3등"", ""winners"": 2113, ""prize_amount"": 1427474}, {""rank"": ""4등"", ""winners"": 106164, ""prize_amount"": 50000}, {""rank"": ""5등"", ""winners"": 1761371, ""prize_amount"": 5000}]",2018-10-06
828,"[4, 7, 13, 29, 31, 39]",18,"[{""rank"": ""1등"", ""winners"": 13, ""prize_amount"": 1455185972}, {""rank"": ""2등"", ""winners"": 62, ""prize_amount"": 50853274}, {""rank"": ""3등"", ""winners"": 1968, ""prize_amount"": 1602085}, {""rank"": ""4등"", ""winners"": 100644, ""prize_amount"": 50000}, {""rank"": ""5등"", ""winners"": 1704198, ""prize_amount"": 5000}]",2018-10-13
829,"[4, 5, 31, 35, 43, 45]",29,"[{""rank"": ""1등"", ""winners"": 8, ""prize_amount"": 2444650641}, {""rank"": ""2등"", ""winners"": 45, ""prize_amount"": 72434094}, {""rank"": ""3등"", ""winners"": 1837, ""prize_amount"": 1774379}, {""rank"": ""4등"", ""winners"": 94679, ""prize_amount"": 50000}, {""rank"": ""5등"", ""winners"": 1637836, ""prize_amount"": 5000}]",2018-10-20
830,"[5, 6, 16, 18, 37, 38]",17,"[{""rank"": ""1등"", ""winners"": 9, ""prize_amount"": 2060528750}, {""rank"": ""2등"", ""winners"": 80, ""prize_amount"": 38634915}, {""rank"": ""3등"", ""winners"": 2142, ""prize_amount"": 1442948}, {""rank"": ""4등"", ""winners"": 106206, ""prize_amount"": 50000}, {""rank"": ""5등"", ""winners"": 1764071, ""prize_amount"": 5000}]",2018-10-27
831,"[3, 10, 16, 19, 31, 39]",9,"[{""rank"": ""1등"", ""winners"": 16, ""prize_amount"": 1110702258}, {""rank"": ""2등"", ""winners"": 61, ""prize_amount"": 48555290}, {""rank"": ""3등"", ""winners"": 2660, ""prize_amount"": 1113486}, {""rank"": ""4등"", ""winners"": 117332, ""prize_amount"": 50000}, {""rank"": ""5등"", ""winners"": 1849959, ""prize_amount"": 5000}]",2018-11-03
832,"[13, 14, 19, 26, 40, 43]",30,"[{""rank"": ""1등"", ""winners"": 9, ""prize_amount"": 2088204584}, {""rank"": ""2등"", ""winners"": 60, ""prize_amount"": 52205115}, {""rank"": ""3등"", ""winners"": 2137, ""prize_amount"": 1465750}, {""rank"": ""4등"", ""winners"": 102312, ""prize_amount"": 50000}, {""rank"": ""5등"", ""winners"": 1706379, ""prize_amount"": 5000}]",2018-11-10
833,"[12, 18, 30, 39, 41, 42]",19,"[{""rank"": ""1등"", ""winners"": 8, ""prize_amount"": 2356317282}, {""rank"": ""2등"", ""winners"": 53, ""prize_amount"": 59278423}, {""rank"": ""3등"", ""winners"": 1945, ""prize_amount"": 1615299}, {""rank"": ""4등"", ""winners"": 103152, ""prize_amount"": 50000}, {""rank"": ""5등"", ""winners"": 1715510, ""prize_amount"": 5000}]",2018-11-17
834,"[6, 8, 18, 35, 42, 43]",3,"[{""rank"": ""1등"", ""winners"": 11, ""prize_amount"": 1690693671}, {""rank"": ""2등"", ""winners"": 47, ""prize_amount"": 65949044}, {""rank"": ""3등"", ""winners"": 1967, ""prize_amount"": 1575804}, {""rank"": ""4등"", ""winners"": 99132, ""prize_amount"": 50000}, {""rank"": ""5등"", ""winners"": 1643491, ""prize_amount"": 5000}]",2018-11-24
835,"[9, 10, 13, 28, 38, 45]",35,"[{""rank"": ""1등"", ""winners"": 15, ""prize_amount"": 1233681125}, {""rank"": ""2등"", ""winners"": 58, ""prize_amount"": 53175911}, {""rank"": ""3등"", ""winners"": 2306, ""prize_amount"": 1337469}, {""rank"": ""4등"", ""winners"": 106763, ""prize_amount"": 50000}, {""rank"": ""5등"", ""winners"": 1767089, ""prize_amount"": 5000}]",2018-12-01
836,"[1, 9, 11, 14, 26, 28]",19,"[{""rank"": ""1등"", ""winners"": 14, ""prize_amount"": 1257843670}, {""rank"": ""2등"", ""winners"": 62, ""prize_amount"": 47338203}, {""rank"": ""3등"", ""winners"": 2230, ""prize_amount"": 1316130}, {""rank"": ""4등"", ""winners"": 103846, ""prize_amount"": 50000}, {""rank"": ""5등"", ""winners"": 1719260, ""prize_amount"": 5000}]",2018-12-08
837,"[2, 25, 28, 30, 33, 45]",6,"[{""rank"": ""1등"", ""winners"": 6, ""prize_amount"": 3144449125}, {""rank"": ""2등"", ""winners"": 47, ""prize_amount"": 66903173}, {""rank"": ""3등"", ""winners"": 2012, ""prize_amount"": 1562848}, {""rank"": ""4등"", ""winners"": 97334, ""prize_amount"": 50000}, {""rank"": ""5등"", ""winners"": 1656959, ""prize_amount"": 5000}]",2018-12-15
838,"[9, 14, 17, 33, 36, 38]",20,"[{""rank"": ""1등"", ""winners"": 5, ""prize_amount"": 3813733050}, {""rank"": ""2등"", ""winners"": 68, ""prize_amount"": 46736925}, {""rank"": ""3등"", ""winners"": 2220, ""prize_amount"": 1431582}, {""rank"": ""4등"", ""winners"": 107897, ""prize_amount"": 50000}, {""rank"": ""5등"", ""winners"": 1777501, ""prize_amount"": 5000}]",2018-12-22
839,"[3, 9, 11, 12, 13, 19]",35,"[{""rank"": ""1등"", ""winners"": 13, ""prize_amount"": 1359454904}, {""rank"": ""2등"", ""winners"": 48, ""prize_amount"": 61364284}, {""rank"": ""3등"", ""winners"": 2664, ""prize_amount"": 1105663}, {""rank"": ""4등"", ""winners"": 126227, ""prize_amount"": 50000}, {""rank"": ""5등"", ""winners"": 1946924, ""prize_amount"": 5000}]",2018-12-29
840,"[2, 4, 11, 28, 29, 43]",27,"[{""rank"": ""1등"", ""winners"": 10, ""prize_amount"": 2042961788}, {""rank"": ""2등"", ""winners"": 51, ""prize_amount"": 66763458}, {""rank"": ""3등"", ""winners"": 2275, ""prize_amount"": 1496676}, {""rank"": ""4등"", ""winners"": 110586, ""prize_amount"": 50000}, {""rank"": ""5등"", ""winners"": 1852019, ""prize_amount"": 5000}]",2019-01-05
841,"[5, 11, 14, 30, 33, 38]",24,"[{""rank"": ""1등"", ""winners"": 17, ""prize_amount"": 1116095714}, {""rank"": ""2등"", ""winners"": 88, ""prize_amount"": 35934900}, {""rank"": ""3등"", ""winners"": 2490, ""prize_amount"": 1269989}, {""rank"": ""4등"", ""winners"": 119648, ""prize_amount"": 50000}, {""rank"": ""5등"", ""winners"": 1901965, ""prize_amount"": 5000}]",2019-01-12
842,"[14, 26, 32, 36, 39, 42]",38,"[{""rank"": ""1등"", ""winners"": 10, ""prize_amount"": 2035475025}, {""rank"": ""2등"", ""winners"": 42, ""prize_amount"": 80772819}, {""rank"": ""3등"", ""winners"": 2039, ""prize_amount"": 1663786}, {""rank"": ""4등"", ""winners"": 103190, ""prize_amount"": 50000}, {""rank"": ""5등"", ""winners"": 1735911, ""prize_amount"": 5000}]",2019-01-19
843,"[19, 21, 30, 33, 34, 42]",4,"[{""rank"": ""1등"", ""winners"": 5, ""prize_amount"": 4012970100}, {""rank"": ""2등"", ""winners"": 52, ""prize_amount"": 64310419}, {""rank"": ""3등"", ""winners"": 2002, ""prize_amount"": 1670401}, {""rank"": ""4등"", ""winners"": 105717, ""prize_amount"": 50000}, {""rank"": ""5등"", ""winners"": 1777953, ""prize_amount"": 5000}]",2019-01-26
844,"[7, 8, 13, 15, 33, 45]",18,"[{""rank"": ""1등"", ""winners"": 18, ""prize_amount"": 1162963542}, {""rank"": ""2등"", ""winners"": 73, ""prize_amount"": 47793023}, {""rank"": ""3등"", ""winners"": 2406, ""prize_amount"": 1450080}, {""rank"": ""4등"", ""winners"": 120078, ""prize_amount"": 50000}, {""rank"": ""5등"", ""winners"": 1997556, ""prize_amount"": 5000}]",2019-02-02
845,"[1, 16, 29, 33, 40, 45]",6,"[{""rank"": ""1등"", ""winners"": 11, ""prize_amount"": 1891217182}, {""rank"": ""2등"", ""winners"": 56, ""prize_amount"": 61914849}, {""rank"": ""3등"", ""winners"": 2038, ""prize_amount"": 1701292}, {""rank"": ""4등"", ""winners"": 105790, ""prize_amount"": 50000}, {""rank"": ""5등"", ""winners"": 1782933, ""prize_amount"": 5000}]",2019-02-09
846,"[5, 18, 30, 41, 43, 45]",13,"[{""rank"": ""1등"", ""winners"": 13, ""prize_amount"": 1596884395}, {""rank"": ""2등"", ""winners"": 69, ""prize_amount"": 50143713}, {""rank"": ""3등"", ""winners"": 1997, ""prize_amount"": 1732557}, {""rank"": ""4등"", ""winners"": 106009, ""prize_amount"": 50000}, {""rank"": ""5등"", ""winners"": 1797728, ""prize_amount"": 5000}]",2019-02-16
847,"[12, 16, 26, 28, 30, 42]",22,"[{""rank"": ""1등"", ""winners"": 8, ""prize_amount"": 2520846657}, {""rank"": ""2등"", ""winners"": 40, ""prize_amount"": 84028222}, {""rank"": ""3등"", ""winners"": 2443, ""prize_amount"": 1375821}, {""rank"": ""4등"", ""winners"": 114324, ""prize_amount"": 50000}, {""rank"": ""5등"", ""winners"": 1857205, ""prize_amount"": 5000}]",2019-02-23
848,"[1, 2, 16, 22, 38, 39]",34,"[{""rank"": ""1등"", ""winners"": 7, ""prize_amount"": 3011580858}, {""rank"": ""2등"", ""winners"": 42, ""prize_amount"": 83655024}, {""rank"": ""3등"", ""winners"": 2109, ""prize_amount"": 1665961}, {""rank"": ""4등"", ""winners"": 103845, ""prize_amount"": 50000}, {""rank"": ""5등"", ""winners"": 1792259, ""prize_amount"": 5000}]",2019-03-02
849,"[5, 13, 17, 29, 34, 39]",3,"[{""rank"": ""1등"", ""winners"": 17, ""prize_amount"": 1158252883}, {""rank"": ""2등"", ""winners"": 56, ""prize_amount"": 58602081}, {""rank"": ""3등"", ""winners"": 2682, ""prize_amount"": 1223608}, {""rank"": ""4등"", ""winners"": 113125, ""prize_amount"": 50000}, {""rank"": ""5등"", ""winners"": 1851371, ""prize_amount"": 5000}]",2019-03-09
850,"[16, 20, 24, 28, 36, 39]",5,"[{""rank"": ""1등"", ""winners"": 6, ""prize_amount"": 3377587875}, {""rank"": ""2등"", ""winners"": 55, ""prize_amount"": 61410689}, {""rank"": ""3등"", ""winners"": 2023, ""prize_amount"": 1669594}, {""rank"": ""4등"", ""winners"": 101591, ""prize_amount"": 50000}, {""rank"": ""5등"", ""winners"": 1727367, ""prize_amount"": 5000}]",2019-03-16
851,"[14, 18, 22, 26, 31, 44]",40,"[{""rank"": ""1등"", ""winners"": 8, ""prize_amount"": 2483692313}, {""rank"": ""2등"", ""winners"": 70, ""prize_amount"": 47308425}, {""rank"": ""3등"", ""winners"": 2101, ""prize_amount"": 1576197}, {""rank"": ""4등"", ""winners"": 106132, ""prize_amount"": 50000}, {""rank"": ""5등"", ""winners"": 1750048, ""prize_amount"": 5000}]",2019-03-23
852,"[11, 17, 28, 30, 33, 35]",9,"[{""rank"": ""1등"", ""winners"": 4, ""prize_amount"": 4801543407}, {""rank"": ""2등"", ""winners"": 67, ""prize_amount"": 47776552}, {""rank"": ""3등"", ""winners"": 2328, ""prize_amount"": 1375013}, {""rank"": ""4등"", ""winners"": 114850, ""prize_amount"": 50000}, {""rank"": ""5등"", ""winners"": 1876933, ""prize_amount"": 5000}]",2019-03-30
853,"[2, 8, 23, 26, 27, 44]",13,"[{""rank"": ""1등"", ""winners"": 7, ""prize_amount"": 2885006786}, {""rank"": ""2등"", ""winners"": 90, ""prize_amount"": 37398237}, {""rank"": ""3등"", ""winners"": 2018, ""prize_amount"": 1667910}, {""rank"": ""4등"", ""winners"": 105158, ""prize_amount"": 50000}, {""rank"": ""5등"", ""winners"": 1787511, ""prize_amount"": 5000}]",2019-04-06
854,"[20, 25, 31, 32, 36, 43]",3,"[{""rank"": ""1등"", ""winners"": 6, ""prize_amount"": 3421706750}, {""rank"": ""2등"", ""winners"": 44, ""prize_amount"": 77766063}, {""rank"": ""3등"", ""winners"": 1865, ""prize_amount"": 1834696}, {""rank"": ""4등"", ""winners"": 99152, ""prize_amount"": 50000}, {""rank"": ""5등"", ""winners"": 1716083, ""prize_amount"": 5000}]",2019-04-13
855,"[8, 15, 17, 19, 43, 44]",7,"[{""rank"": ""1등"", ""winners"": 9, ""prize_amount"": 2269510500}, {""rank"": ""2등"", ""winners"": 61, ""prize_amount"": 55807636}, {""rank"": ""3등"", ""winners"": 2022, ""prize_amount"": 1683614}, {""rank"": ""4등"", ""winners"": 102532, ""prize_amount"": 50000}, {""rank"": ""5등"", ""winners"": 1765328, ""prize_amount"": 5000}]",2019-04-20
856,"[10, 24, 40, 41, 43, 44]",17,"[{""rank"": ""1등"", ""winners"": 5, ""prize_amount"": 3977927550}, {""rank"": ""2등"", ""winners"": 53, ""prize_amount"": 62546031}, {""rank"": ""3등"", ""winners"": 1949, ""prize_amount"": 1700842}, {""rank"": ""4등"", ""winners"": 104537, ""prize_amount"": 50000}, {""rank"": ""5등"", ""winners"": 1700369, ""prize_amount"": 5000}]",2019-04-27
857,"[6, 10, 16, 28, 34, 38]",43,"[{""rank"": ""1등"", ""winners"": 15, ""prize_amount"": 1284915425}, {""rank"": ""2등"", ""winners"": 62, ""prize_amount"": 51811106}, {""rank"": ""3등"", ""winners"": 2367, ""prize_amount"": 1357114}, {""rank"": ""4등"", ""winners"": 111971, ""prize_amount"": 50000}, {""rank"": ""5등"", ""winners"": 1833940, ""prize_amount"": 5000}]",2019-05-04
858,"[9, 13, 32, 38, 39, 43]",23,"[{""rank"": ""1등"", ""winners"": 9, ""prize_amount"": 2202347459}, {""rank"": ""2등"", ""winners"": 41, ""prize_amount"": 80573688}, {""rank"": ""3등"", ""winners"": 2075, ""prize_amount"": 1592059}, {""rank"": ""4등"", ""winners"": 106176, ""prize_amount"": 50000}, {""rank"": ""5등"", ""winners"": 1789295, ""prize_amount"": 5000}]",2019-05-11
859,"[8, 22, 35, 38, 39, 41]",24,"[{""rank"": ""1등"", ""winners"": 11, ""prize_amount"": 1853927489}, {""rank"": ""2등"", ""winners"": 51, ""prize_amount"": 66644453}, {""rank"": ""3등"", ""winners"": 1895, ""prize_amount"": 1793598}, {""rank"": ""4등"", ""winners"": 97729, ""prize_amount"": 50000}, {""rank"": ""5등"", ""winners"": 1678945, ""prize_amount"": 5000}]",2019-05-18
860,"[4, 8, 18, 25, 27, 32]",42,"[{""rank"": ""1등"", ""winners"": 10, ""prize_amount"": 1879899825}, {""rank"": ""2등"", ""winners"": 62, ""prize_amount"": 50534942}, {""rank"": ""3등"", ""winners"": 2339, ""prize_amount"": 1339533}, {""rank"": ""4등"", ""winners"": 128867, ""prize_amount"": 50000}, {""rank"": ""5등"", ""winners"": 1882931, ""prize_amount"": 5000}]",2019-05-25
861,"[11, 17, 19, 21, 22, 25]",24,"[{""rank"": ""1등"", ""winners"": 4, ""prize_amount"": 4872108844}, {""rank"": ""2등"", ""winners"": 65, ""prize_amount"": 49970348}, {""rank"": ""3등"", ""winners"": 2256, ""prize_amount"": 1439749}, {""rank"": ""4등"", ""winners"": 108644, ""prize_amount"": 50000}, {""rank"": ""5등"", ""winners"": 1819899, ""prize_amount"": 5000}]",2019-06-01
862,"[10, 34, 38, 40, 42, 43]",32,"[{""rank"": ""1등"", ""winners"": 9, ""prize_amount"": 2190922709}, {""rank"": ""2등"", ""winners"": 63, ""prize_amount"": 52164827}, {""rank"": ""3등"", ""winners"": 2042, ""prize_amount"": 1609395}, {""rank"": ""4등"", ""winners"": 104765, ""prize_amount"": 50000}, {""rank"": ""5등"", ""winners"": 1755036, ""prize_amount"": 5000}]",2019-06-08
863,"[16, 21, 28, 35, 39, 43]",12,"[{""rank"": ""1등"", ""winners"": 7, ""prize_amount"": 2853357322}, {""rank"": ""2등"", ""winners"": 64, ""prize_amount"": 52014327}, {""rank"": ""3등"", ""winners"": 2042, ""prize_amount"": 1630224}, {""rank"": ""4등"", ""winners"": 104949, ""prize_amount"": 50000}, {""rank"": ""5등"", ""winners"": 1753097, ""prize_amount"": 5000}]",2019-06-15
864,"[3, 7, 10, 13, 25, 36]",32,"[{""rank"": ""1등"", ""winners"": 11, ""prize_amount"": 1716553637}, {""rank"": ""2등"", ""winners"": 64, ""prize_amount"": 49172110}, {""rank"": ""3등"", ""winners"": 2467, ""prize_amount"": 1275645}, {""rank"": ""4등"", ""winners"": 122913, ""prize_amount"": 50000}, {""rank"": ""5등"", ""winners"": 1957675, ""prize_amount"": 5000}]",2019-06-22
865,"[3, 15, 22, 32, 33, 45]",2,"[{""rank"": ""1등"", ""winners"": 13, ""prize_amount"": 1551729145}, {""rank"": ""2등"", ""winners"": 52, ""prize_amount"": 64655382}, {""rank"": ""3등"", ""winners"": 2076, ""prize_amount"": 1619499}, {""rank"": ""4등"", ""winners"": 104626, ""prize_amount"": 50000}, {""rank"": ""5등"", ""winners"": 1749234, ""prize_amount"": 5000}]",2019-06-29
866,"[9, 15, 29, 34, 37, 39]",12,"[{""rank"": ""1등"", ""winners"": 9, ""prize_amount"": 2240409000}, {""rank"": ""2등"", ""winners"": 68, ""prize_amount"": 49420787}, {""rank"": ""3등"", ""winners"": 2035, ""prize_amount"": 1651408}, {""rank"": ""4등"", ""winners"": 104919, ""prize_amount"": 50000}, {""rank"": ""5등"", ""winners"": 1770017, ""prize_amount"": 5000}]",2019-07-06
867,"[14, 17, 19, 22, 24, 40]",41,"[{""rank"": ""1등"", ""winners"": 5, ""prize_amount"": 3933755250}, {""rank"": ""2등"", ""winners"": 57, ""prize_amount"": 57511042}, {""rank"": ""3등"", ""winners"": 2175, ""prize_amount"": 1507186}, {""rank"": ""4등"", ""winners"": 109516, ""prize_amount"": 50000}, {""rank"": ""5등"", ""winners"": 1820552, ""prize_amount"": 5000}]",2019-07-13
868,"[12, 17, 28, 41, 43, 44]",25,"[{""rank"": ""1등"", ""winners"": 6, ""prize_amount"": 3233804250}, {""rank"": ""2등"", ""winners"": 61, ""prize_amount"": 53013185}, {""rank"": ""3등"", ""winners"": 2152, ""prize_amount"": 1502698}, {""rank"": ""4등"", ""winners"": 109133, ""prize_amount"": 50000}, {""rank"": ""5등"", ""winners"": 1789491, ""prize_amount"": 5000}]",2019-07-20
869,"[2, 6, 20, 27, 37, 39]",4,"[{""rank"": ""1등"", ""winners"": 10, ""prize_amount"": 1922582588}, {""rank"": ""2등"", ""winners"": 56, ""prize_amount"": 57219720}, {""rank"": ""3등"", ""winners"": 2210, ""prize_amount"": 1449912}, {""rank"": ""4등"", ""winners"": 108562, ""prize_amount"": 50000}, {""rank"": ""5등"", ""winners"": 1814332, ""prize_amount"": 5000}]",2019-07-27
870,"[21, 25, 30, 32, 40, 42]",31,"[{""rank"": ""1등"", ""winners"": 10, ""prize_amount"": 1928842988}, {""rank"": ""2등"", ""winners"": 48, ""prize_amount"": 66973715}, {""rank"": ""3등"", ""winners"": 2033, ""prize_amount"": 1581279}, {""rank"": ""4등"", ""winners"": 102000, ""prize_amount"": 50000}, {""rank"": ""5등"", ""winners"": 1705285, ""prize_amount"": 5000}]",2019-08-03
871,"[2, 6, 12, 26, 30, 34]",38,"[{""rank"": ""1등"", ""winners"": 7, ""prize_amount"": 2718071358}, {""rank"": ""2등"", ""winners"": 61, ""prize_amount"": 51984972}, {""rank"": ""3등"", ""winners"": 2231, ""prize_amount"": 1421374}, {""rank"": ""4등"", ""winners"": 108666, ""prize_amount"": 50000}, {""rank"": ""5등"", ""winners"": 1792357, ""prize_amount"": 5000}]",2019-08-10
872,"[2, 4, 30, 32, 33, 43]",29,"[{""rank"": ""1등"", ""winners"": 16, ""prize_amount"": 1262705579}, {""rank"": ""2등"", ""winners"": 46, ""prize_amount"": 73200324}, {""rank"": ""3등"", ""winners"": 2018, ""prize_amount"": 1668591}, {""rank"": ""4등"", ""winners"": 99681, ""prize_amount"": 50000}, {""rank"": ""5등"", ""winners"": 1715898, ""prize_amount"": 5000}]",2019-08-17
873,"[3, 5, 12, 13, 33, 39]",38,"[{""rank"": ""1등"", ""winners"": 10, ""prize_amount"": 1874553225}, {""rank"": ""2등"", ""winners"": 68, ""prize_amount"": 45944932}, {""rank"": ""3등"", ""winners"": 2375, ""prize_amount"": 1315476}, {""rank"": ""4등"", ""winners"": 123684, ""prize_amount"": 50000}, {""rank"": ""5등"", ""winners"": 2001910, ""prize_amount"": 5000}]",2019-08-24
874,"[1, 15, 19, 23, 28, 42]",32,"[{""rank"": ""1등"", ""winners"": 18, ""prize_amount"": 1117123917}, {""rank"": ""2등"", ""winners"": 68, ""prize_amount"": 49284879}, {""rank"": ""3등"", ""winners"": 2240, ""prize_amount"": 1496149}, {""rank"": ""4등"", ""winners"": 110655, ""prize_amount"": 50000}, {""rank"": ""5등"", ""winners"": 1830269, ""prize_amount"": 5000}]",2019-08-31
875,"[19, 22, 30, 34, 39, 44]",36,"[{""rank"": ""1등"", ""winners"": 14, ""prize_amount"": 1415946724}, {""rank"": ""2등"", ""winners"": 33, ""prize_amount"": 100117446}, {""rank"": ""3등"", ""winners"": 2278, ""prize_amount"": 1450341}, {""rank"": ""4등"", ""winners"": 105071, ""prize_amount"": 50000}, {""rank"": ""5등"", ""winners"": 1726617, ""prize_amount"": 5000}]",2019-09-07
876,"[5, 16, 21, 26, 34, 42]",24,"[{""rank"": ""1등"", ""winners"": 19, ""prize_amount"": 1090657856}, {""rank"": ""2등"", ""winners"": 59, ""prize_amount"": 58538134}, {""rank"": ""3등"", ""winners"": 2427, ""prize_amount"": 1423054}, {""rank"": ""4등"", ""winners"": 112619, ""prize_amount"": 50000}, {""rank"": ""5등"", ""winners"": 1856647, ""prize_amount"": 5000}]",2019-09-14
877,"[5, 17, 18, 22, 23, 43]",12,"[{""rank"": ""1등"", ""winners"": 12, ""prize_amount"": 1716607188}, {""rank"": ""2등"", ""winners"": 75, ""prize_amount"": 45776192}, {""rank"": ""3등"", ""winners"": 2167, ""prize_amount"": 1584317}, {""rank"": ""4등"", ""winners"": 109806, ""prize_amount"": 50000}, {""rank"": ""5등"", ""winners"": 1867270, ""prize_amount"": 5000}]",2019-09-21
878,"[2, 6, 11, 16, 25, 31]",3,"[{""rank"": ""1등"", ""winners"": 6, ""prize_amount"": 3207993500}, {""rank"": ""2등"", ""winners"": 69, ""prize_amount"": 46492660}, {""rank"": ""3등"", ""winners"": 2971, ""prize_amount"": 1079769}, {""rank"": ""4등"", ""winners"": 129139, ""prize_amount"": 50000}, {""rank"": ""5등"", ""winners"": 1994188, ""prize_amount"": 5000}]",2019-09-28
879,"[1, 4, 10, 14, 15, 35]",20,"[{""rank"": ""1등"", ""winners"": 6, ""prize_amount"": 3206361313}, {""rank"": ""2등"", ""winners"": 77, ""prize_amount"": 41641057}, {""rank"": ""3등"", ""winners"": 2594, ""prize_amount"": 1236069}, {""rank"": ""4등"", ""winners"": 123497, ""prize_amount"": 50000}, {""rank"": ""5등"", ""winners"": 1952277, ""prize_amount"": 5000}]",2019-10-05
880,"[7, 17, 19, 23, 24, 45]",38,"[{""rank"": ""1등"", ""winners"": 7, ""prize_amount"": 2837810465}, {""rank"": ""2등"", ""winners"": 52, ""prize_amount"": 63668825}, {""rank"": ""3등"", ""winners"": 2332, ""prize_amount"": 1419717}, {""rank"": ""4등"", ""winners"": 114994, ""prize_amount"": 50000}, {""rank"": ""5등"", ""winners"": 1939064, ""prize_amount"": 5000}]",2019-10-12
881,"[4, 18, 20, 26, 27, 32]",9,"[{""rank"": ""1등"", ""winners"": 8, ""prize_amount"": 2503212282}, {""rank"": ""2등"", ""winners"": 67, ""prize_amount"": 49815170}, {""rank"": ""3등"", ""winners"": 2189, ""prize_amount"": 1524722}, {""rank"": ""4등"", ""winners"": 116952, ""prize_amount"": 50000}, {""rank"": ""5등"", ""winners"": 1939849, ""prize_amount"": 5000}]",2019-10-19
882,"[18, 34, 39, 43, 44, 45]",23,"[{""rank"": ""1등"", ""winners"": 5, ""prize_amount"": 4127270400}, {""rank"": ""2등"", ""winners"": 44, ""prize_amount"": 78168000}, {""rank"": ""3등"", ""winners"": 2082, ""prize_amount"": 1651966}, {""rank"": ""4등"", ""winners"": 109226, ""prize_amount"": 50000}, {""rank"": ""5등"", ""winners"": 1839873, ""prize_amount"": 5000}]",2019-10-26
883,"[9, 18, 32, 33, 37, 44]",22,"[{""rank"": ""1등"", ""winners"": 15, ""prize_amount"": 1360519525}, {""rank"": ""2등"", ""winners"": 65, ""prize_amount"": 52327675}, {""rank"": ""3등"", ""winners"": 2538, ""prize_amount"": 1340150}, {""rank"": ""4등"", ""winners"": 119613, ""prize_amount"": 50000}, {""rank"": ""5등"", ""winners"": 1924209, ""prize_amount"": 5000}]",2019-11-02
884,"[4, 14, 23, 28, 37, 45]",17,"[{""rank"": ""1등"", ""winners"": 12, ""prize_amount"": 1799077282}, {""rank"": ""2등"", ""winners"": 74, ""prize_amount"": 48623711}, {""rank"": ""3등"", ""winners"": 2207, ""prize_amount"": 1630338}, {""rank"": ""4등"", ""winners"": 108076, ""prize_amount"": 50000}, {""rank"": ""5등"", ""winners"": 1817654, ""prize_amount"": 5000}]",2019-11-09
885,"[1, 3, 24, 27, 39, 45]",31,"[{""rank"": ""1등"", ""winners"": 13, ""prize_amount"": 1543832568}, {""rank"": ""2등"", ""winners"": 56, ""prize_amount"": 59731618}, {""rank"": ""3등"", ""winners"": 2279, ""prize_amount"": 1467737}, {""rank"": ""4등"", ""winners"": 111832, ""prize_amount"": 50000}, {""rank"": ""5등"", ""winners"": 1869359, ""prize_amount"": 5000}]",2019-11-16
886,"[19, 23, 28, 37, 42, 45]",2,"[{""rank"": ""1등"", ""winners"": 7, ""prize_amount"": 2974643786}, {""rank"": ""2등"", ""winners"": 59, ""prize_amount"": 58820640}, {""rank"": ""3등"", ""winners"": 2140, ""prize_amount"": 1621691}, {""rank"": ""4등"", ""winners"": 109766, ""prize_amount"": 50000}, {""rank"": ""5등"", ""winners"": 1768281, ""prize_amount"": 5000}]",2019-11-23
887,"[8, 14, 17, 27, 36, 45]",10,"[{""rank"": ""1등"", ""winners"": 8, ""prize_amount"": 2535268688}, {""rank"": ""2등"", ""winners"": 66, ""prize_amount"": 51217550}, {""rank"": ""3등"", ""winners"": 2388, ""prize_amount"": 1415561}, {""rank"": ""4등"", ""winners"": 114719, ""prize_amount"": 50000}, {""rank"": ""5등"", ""winners"": 1885924, ""prize_amount"": 5000}]",2019-11-30
888,"[3, 7, 12, 31, 34, 38]",32,"[{""rank"": ""1등"", ""winners"": 8, ""prize_amount"": 2370359204}, {""rank"": ""2등"", ""winners"": 59, ""prize_amount"": 53567440}, {""rank"": ""3등"", ""winners"": 2453, ""prize_amount"": 1288414}, {""rank"": ""4등"", ""winners"": 123025, ""prize_amount"": 50000}, {""rank"": ""5등"", ""winners"": 1990715, ""prize_amount"": 5000}]",2019-12-07
889,"[3, 13, 29, 38, 39, 42]",26,"[{""rank"": ""1등"", ""winners"": 10, ""prize_amount"": 2108986950}, {""rank"": ""2등"", ""winners"": 60, ""prize_amount"": 58582971}, {""rank"": ""3등"", ""winners"": 2338, ""prize_amount"": 1503413}, {""rank"": ""4등"", ""winners"": 114198, ""prize_amount"": 50000}, {""rank"": ""5등"", ""winners"": 1907477, ""prize_amount"": 5000}]",2019-12-14
890,"[1, 4, 14, 18, 29, 37]",6,"[{""rank"": ""1등"", ""winners"": 9, ""prize_amount"": 2335486167}, {""rank"": ""2등"", ""winners"": 58, ""prize_amount"": 60400505}, {""rank"": ""3등"", ""winners"": 2376, ""prize_amount"": 1474424}, {""rank"": ""4등"", ""winners"": 114859, ""prize_amount"": 50000}, {""rank"": ""5등"", ""winners"": 1915593, ""prize_amount"": 5000}]",2019-12-21
891,"[9, 13, 28, 31, 39, 41]",19,"[{""rank"": ""1등"", ""winners"": 7, ""prize_amount"": 3082673947}, {""rank"": ""2등"", ""winners"": 77, ""prize_amount"": 46707182}, {""rank"": ""3등"", ""winners"": 2443, ""prize_amount"": 1472147}, {""rank"": ""4등"", ""winners"": 122132, ""prize_amount"": 50000}, {""rank"": ""5등"", ""winners"": 1998623, ""prize_amount"": 5000}]",2019-12-28
892,"[4, 9, 17, 18, 26, 42]",36,"[{""rank"": ""1등"", ""winners"": 17, ""prize_amount"": 1282017464}, {""rank"": ""2등"", ""winners"": 78, ""prize_amount"": 46569011}, {""rank"": ""3등"", ""winners"": 2709, ""prize_amount"": 1340858}, {""rank"": ""4등"", ""winners"": 134155, ""prize_amount"": 50000}, {""rank"": ""5등"", ""winners"": 2155749, ""prize_amount"": 5000}]",2020-01-04
893,"[1, 15, 17, 23, 25, 41]",10,"[{""rank"": ""1등"", ""winners"": 9, ""prize_amount"": 2377433625}, {""rank"": ""2등"", ""winners"": 58, ""prize_amount"": 61485353}, {""rank"": ""3등"", ""winners"": 2113, ""prize_amount"": 1687720}, {""rank"": ""4등"", ""winners"": 116062, ""prize_amount"": 50000}, {""rank"": ""5등"", ""winners"": 1899696, ""prize_amount"": 5000}]",2020-01-11
894,"[19, 32, 37, 40, 41, 43]",45,"[{""rank"": ""1등"", ""winners"": 9, ""prize_amount"": 2377935959}, {""rank"": ""2등"", ""winners"": 56, ""prize_amount"": 63694714}, {""rank"": ""3등"", ""winners"": 2331, ""prize_amount"": 1530204}, {""rank"": ""4등"", ""winners"": 116749, ""prize_amount"": 50000}, {""rank"": ""5등"", ""winners"": 1971982, ""prize_amount"": 5000}]",2020-01-18
895,"[16, 26, 31, 38, 39, 41]",23,"[{""rank"": ""1등"", ""winners"": 12, ""prize_amount"": 1928079219}, {""rank"": ""2등"", ""winners"": 58, ""prize_amount"": 66485491}, {""rank"": ""3등"", ""winners"": 2750, ""prize_amount"": 1402240}, {""rank"": ""4등"", ""winners"": 134059, ""prize_amount"": 50000}, {""rank"": ""5등"", ""winners"": 2185782, ""prize_amount"": 5000}]",2020-01-25
896,"[5, 12, 25, 26, 38, 45]",23,"[{""rank"": ""1등"", ""winners"": 7, ""prize_amount"": 3053222036}, {""rank"": ""2등"", ""winners"": 46, ""prize_amount"": 77436791}, {""rank"": ""3등"", ""winners"": 2586, ""prize_amount"": 1377453}, {""rank"": ""4등"", ""winners"": 128068, ""prize_amount"": 50000}, {""rank"": ""5등"", ""winners"": 2066172, ""prize_amount"": 5000}]",2020-02-01
897,"[6, 7, 12, 22, 26, 36]",29,"[{""rank"": ""1등"", ""winners"": 13, ""prize_amount"": 1619922520}, {""rank"": ""2등"", ""winners"": 62, ""prize_amount"": 56610196}, {""rank"": ""3등"", ""winners"": 2398, ""prize_amount"": 1463650}, {""rank"": ""4등"", ""winners"": 121076, ""prize_amount"": 50000}, {""rank"": ""5등"", ""winners"": 1996656, ""prize_amount"": 5000}]",2020-02-08
898,"[18, 21, 28, 35, 37, 42]",17,"[{""rank"": ""1등"", ""winners"": 8, ""prize_amount"": 2639313235}, {""rank"": ""2등"", ""winners"": 56, ""prize_amount"": 62840792}, {""rank"": ""3등"", ""winners"": 3240, ""prize_amount"": 1086138}, {""rank"": ""4등"", ""winners"": 137051, ""prize_amount"": 50000}, {""rank"": ""5등"", ""winners"": 2005739, ""prize_amount"": 5000}]",2020-02-15
899,"[8, 19, 20, 21, 33, 39]",37,"[{""rank"": ""1등"", ""winners"": 6, ""prize_amount"": 3359356063}, {""rank"": ""2등"", ""winners"": 53, ""prize_amount"": 63384077}, {""rank"": ""3등"", ""winners"": 2402, ""prize_amount"": 1398567}, {""rank"": ""4등"", ""winners"": 121900, ""prize_amount"": 50000}, {""rank"": ""5등"", ""winners"": 1993765, ""prize_amount"": 5000}]",2020-02-22
900,"[7, 13, 16, 18, 35, 38]",14,"[{""rank"": ""1등"", ""winners"": 6, ""prize_amount"": 3349851375}, {""rank"": ""2등"", ""winners"": 51, ""prize_amount"": 65683361}, {""rank"": ""3등"", ""winners"": 2385, ""prize_amount"": 1404550}, {""rank"": ""4등"", ""winners"": 113132, ""prize_amount"": 50000}, {""rank"": ""5등"", ""winners"": 1872855, ""prize_amount"": 5000}]",2020-02-29
901,"[5, 18, 20, 23, 30, 34]",21,"[{""rank"": ""1등"", ""winners"": 9, ""prize_amount"": 2267974667}, {""rank"": ""2등"", ""winners"": 67, ""prize_amount"": 50775553}, {""rank"": ""3등"", ""winners"": 2308, ""prize_amount"": 1473987}, {""rank"": ""4등"", ""winners"": 114451, ""prize_amount"": 50000}, {""rank"": ""5등"", ""winners"": 1890747, ""prize_amount"": 5000}]",2020-03-07
902,"[7, 19, 23, 24, 36, 39]",30,"[{""rank"": ""1등"", ""winners"": 13, ""prize_amount"": 1619317529}, {""rank"": ""2등"", ""winners"": 67, ""prize_amount"": 52365990}, {""rank"": ""3등"", ""winners"": 2372, ""prize_amount"": 1479141}, {""rank"": ""4등"", ""winners"": 119126, ""prize_amount"": 50000}, {""rank"": ""5등"", ""winners"": 1945304, ""prize_amount"": 5000}]",2020-03-14
903,"[2, 15, 16, 21, 22, 28]",45,"[{""rank"": ""1등"", ""winners"": 13, ""prize_amount"": 1684582212}, {""rank"": ""2등"", ""winners"": 49, ""prize_amount"": 74488330}, {""rank"": ""3등"", ""winners"": 2316, ""prize_amount"": 1575963}, {""rank"": ""4등"", ""winners"": 111981, ""prize_amount"": 50000}, {""rank"": ""5등"", ""winners"": 1902821, ""prize_amount"": 5000}]",2020-03-21
904,"[2, 6, 8, 26, 43, 45]",11,"[{""rank"": ""1등"", ""winners"": 8, ""prize_amount"": 2718077813}, {""rank"": ""2등"", ""winners"": 92, ""prize_amount"": 39392433}, {""rank"": ""3등"", ""winners"": 2337, ""prize_amount"": 1550751}, {""rank"": ""4등"", ""winners"": 115626, ""prize_amount"": 50000}, {""rank"": ""5등"", ""winners"": 1938996, ""prize_amount"": 5000}]",2020-03-28
905,"[3, 4, 16, 27, 38, 40]",20,"[{""rank"": ""1등"", ""winners"": 7, ""prize_amount"": 3017862536}, {""rank"": ""2등"", ""winners"": 77, ""prize_amount"": 45725190}, {""rank"": ""3등"", ""winners"": 2643, ""prize_amount"": 1332138}, {""rank"": ""4등"", ""winners"": 129133, ""prize_amount"": 50000}, {""rank"": ""5등"", ""winners"": 2111090, ""prize_amount"": 5000}]",2020-04-04
906,"[2, 5, 14, 28, 31, 32]",20,"[{""rank"": ""1등"", ""winners"": 9, ""prize_amount"": 2472607250}, {""rank"": ""2등"", ""winners"": 63, ""prize_amount"": 58871602}, {""rank"": ""3등"", ""winners"": 2369, ""prize_amount"": 1565602}, {""rank"": ""4등"", ""winners"": 117171, ""prize_amount"": 50000}, {""rank"": ""5등"", ""winners"": 1988860, ""prize_amount"": 5000}]",2020-04-11
907,"[21, 27, 29, 38, 40, 44]",37,"[{""rank"": ""1등"", ""winners"": 7, ""prize_amount"": 3165059036}, {""rank"": ""2등"", ""winners"": 67, ""prize_amount"": 55112969}, {""rank"": ""3등"", ""winners"": 2300, ""prize_amount"": 1605465}, {""rank"": ""4등"", ""winners"": 112189, ""prize_amount"": 50000}, {""rank"": ""5등"", ""winners"": 1903128, ""prize_amount"": 5000}]",2020-04-18
908,"[3, 16, 21, 22, 23, 44]",30,"[{""rank"": ""1등"", ""winners"": 8, ""prize_amount"": 2834856141}, {""rank"": ""2등"", ""winners"": 57, ""prize_amount"": 66312425}, {""rank"": ""3등"", ""winners"": 2161, ""prize_amount"": 1749102}, {""rank"": ""4등"", ""winners"": 108610, ""prize_amount"": 50000}, {""rank"": ""5등"", ""winners"": 1858567, ""prize_amount"": 5000}]",2020-04-25
909,"[7, 24, 29, 30, 34, 35]",33,"[{""rank"": ""1등"", ""winners"": 11, ""prize_amount"": 2021062875}, {""rank"": ""2등"", ""winners"": 63, ""prize_amount"": 58814000}, {""rank"": ""3등"", ""winners"": 2316, ""prize_amount"": 1599863}, {""rank"": ""4등"", ""winners"": 111558, ""prize_amount"": 50000}, {""rank"": ""5등"", ""winners"": 1910295, ""prize_amount"": 5000}]",2020-05-02
910,"[1, 11, 17, 27, 35, 39]",31,"[{""rank"": ""1등"", ""winners"": 21, ""prize_amount"": 941316375}, {""rank"": ""2등"", ""winners"": 72, ""prize_amount"": 45758435}, {""rank"": ""3등"", ""winners"": 2694, ""prize_amount"": 1222943}, {""rank"": ""4등"", ""winners"": 128516, ""prize_amount"": 50000}, {""rank"": ""5등"", ""winners"": 2074354, ""prize_amount"": 5000}]",2020-05-09
911,"[4, 5, 12, 14, 32, 42]",35,"[{""rank"": ""1등"", ""winners"": 10, ""prize_amount"": 2113538625}, {""rank"": ""2등"", ""winners"": 58, ""prize_amount"": 60733869}, {""rank"": ""3등"", ""winners"": 2571, ""prize_amount"": 1370115}, {""rank"": ""4등"", ""winners"": 123236, ""prize_amount"": 50000}, {""rank"": ""5등"", ""winners"": 2064778, ""prize_amount"": 5000}]",2020-05-16
912,"[5, 8, 18, 21, 22, 38]",10,"[{""rank"": ""1등"", ""winners"": 14, ""prize_amount"": 1493500581}, {""rank"": ""2등"", ""winners"": 70, ""prize_amount"": 49783353}, {""rank"": ""3등"", ""winners"": 2547, ""prize_amount"": 1368212}, {""rank"": ""4등"", ""winners"": 125332, ""prize_amount"": 50000}, {""rank"": ""5등"", ""winners"": 2030860, ""prize_amount"": 5000}]",2020-05-23
913,"[6, 14, 16, 21, 27, 37]",40,"[{""rank"": ""1등"", ""winners"": 16, ""prize_amount"": 1338755602}, {""rank"": ""2등"", ""winners"": 66, ""prize_amount"": 54091136}, {""rank"": ""3등"", ""winners"": 2467, ""prize_amount"": 1447108}, {""rank"": ""4등"", ""winners"": 122530, ""prize_amount"": 50000}, {""rank"": ""5등"", ""winners"": 1996371, ""prize_amount"": 5000}]",2020-05-30
914,"[16, 19, 24, 33, 42, 44]",27,"[{""rank"": ""1등"", ""winners"": 11, ""prize_amount"": 1950005557}, {""rank"": ""2등"", ""winners"": 55, ""prize_amount"": 65000186}, {""rank"": ""3등"", ""winners"": 2585, ""prize_amount"": 1382983}, {""rank"": ""4등"", ""winners"": 122904, ""prize_amount"": 50000}, {""rank"": ""5등"", ""winners"": 2006794, ""prize_amount"": 5000}]",2020-06-06
915,"[2, 6, 11, 13, 22, 37]",14,"[{""rank"": ""1등"", ""winners"": 6, ""prize_amount"": 3518640500}, {""rank"": ""2등"", ""winners"": 63, ""prize_amount"": 55851437}, {""rank"": ""3등"", ""winners"": 2436, ""prize_amount"": 1444434}, {""rank"": ""4등"", ""winners"": 119025, ""prize_amount"": 50000}, {""rank"": ""5등"", ""winners"": 1966167, ""prize_amount"": 5000}]",2020-06-13
916,"[6, 21, 22, 32, 35, 36]",17,"[{""rank"": ""1등"", ""winners"": 11, ""prize_amount"": 2025384341}, {""rank"": ""2등"", ""winners"": 70, ""prize_amount"": 53045781}, {""rank"": ""3등"", ""winners"": 2184, ""prize_amount"": 1700186}, {""rank"": ""4등"", ""winners"": 111426, ""prize_amount"": 50000}, {""rank"": ""5등"", ""winners"": 1857917, ""prize_amount"": 5000}]",2020-06-20
917,"[1, 3, 23, 24, 27, 43]",34,"[{""rank"": ""1등"", ""winners"": 10, ""prize_amount"": 2144799638}, {""rank"": ""2등"", ""winners"": 47, ""prize_amount"": 76056725}, {""rank"": ""3등"", ""winners"": 2260, ""prize_amount"": 1581711}, {""rank"": ""4등"", ""winners"": 117542, ""prize_amount"": 50000}, {""rank"": ""5등"", ""winners"": 2000201, ""prize_amount"": 5000}]",2020-06-27
918,"[7, 11, 12, 31, 33, 38]",5,"[{""rank"": ""1등"", ""winners"": 18, ""prize_amount"": 1117622646}, {""rank"": ""2등"", ""winners"": 86, ""prize_amount"": 38986837}, {""rank"": ""3등"", ""winners"": 2718, ""prize_amount"": 1233580}, {""rank"": ""4등"", ""winners"": 137216, ""prize_amount"": 50000}, {""rank"": ""5등"", ""winners"": 2183337, ""prize_amount"": 5000}]",2020-07-04
919,"[9, 14, 17, 18, 42, 44]",35,"[{""rank"": ""1등"", ""winners"": 5, ""prize_amount"": 4305150450}, {""rank"": ""2등"", ""winners"": 56, ""prize_amount"": 64064739}, {""rank"": ""3등"", ""winners"": 2541, ""prize_amount"": 1411896}, {""rank"": ""4등"", ""winners"": 122864, ""prize_amount"": 50000}, {""rank"": ""5등"", ""winners"": 2052965, ""prize_amount"": 5000}]",2020-07-11
920,"[2, 3, 26, 33, 34, 43]",29,"[{""rank"": ""1등"", ""winners"": 7, ""prize_amount"": 3120260197}, {""rank"": ""2등"", ""winners"": 53, ""prize_amount"": 68684973}, {""rank"": ""3등"", ""winners"": 2348, ""prize_amount"": 1550385}, {""rank"": ""4등"", ""winners"": 117181, ""prize_amount"": 50000}, {""rank"": ""5등"", ""winners"": 1984222, ""prize_amount"": 5000}]",2020-07-18
921,"[5, 7, 12, 22, 28, 41]",1,"[{""rank"": ""1등"", ""winners"": 17, ""prize_amount"": 1232573405}, {""rank"": ""2등"", ""winners"": 72, ""prize_amount"": 48504047}, {""rank"": ""3등"", ""winners"": 2682, ""prize_amount"": 1302123}, {""rank"": ""4등"", ""winners"": 129993, ""prize_amount"": 50000}, {""rank"": ""5등"", ""winners"": 2101238, ""prize_amount"": 5000}]",2020-07-25
922,"[2, 6, 13, 17, 27, 43]",36,"[{""rank"": ""1등"", ""winners"": 6, ""prize_amount"": 3417904500}, {""rank"": ""2등"", ""winners"": 89, ""prize_amount"": 38403422}, {""rank"": ""3등"", ""winners"": 2876, ""prize_amount"": 1188423}, {""rank"": ""4등"", ""winners"": 136052, ""prize_amount"": 50000}, {""rank"": ""5등"", ""winners"": 2097501, ""prize_amount"": 5000}]",2020-08-01
923,"[3, 17, 18, 23, 36, 41]",26,"[{""rank"": ""1등"", ""winners"": 8, ""prize_amount"": 2667554625}, {""rank"": ""2등"", ""winners"": 56, ""prize_amount"": 63513206}, {""rank"": ""3등"", ""winners"": 2376, ""prize_amount"": 1496945}, {""rank"": ""4등"", ""winners"": 115877, ""prize_amount"": 50000}, {""rank"": ""5등"", ""winners"": 1937187, ""prize_amount"": 5000}]",2020-08-08
924,"[3, 11, 34, 42, 43, 44]",13,"[{""rank"": ""1등"", ""winners"": 9, ""prize_amount"": 2382430667}, {""rank"": ""2등"", ""winners"": 69, ""prize_amount"": 51791972}, {""rank"": ""3등"", ""winners"": 2198, ""prize_amount"": 1625863}, {""rank"": ""4등"", ""winners"": 113214, ""prize_amount"": 50000}, {""rank"": ""5등"", ""winners"": 1920852, ""prize_amount"": 5000}]",2020-08-15
925,"[13, 24, 32, 34, 39, 42]",4,"[{""rank"": ""1등"", ""winners"": 12, ""prize_amount"": 1771080532}, {""rank"": ""2등"", ""winners"": 68, ""prize_amount"": 52090604}, {""rank"": ""3등"", ""winners"": 2335, ""prize_amount"": 1516986}, {""rank"": ""4등"", ""winners"": 117863, ""prize_amount"": 50000}, {""rank"": ""5등"", ""winners"": 1944019, ""prize_amount"": 5000}]",2020-08-22
926,"[10, 16, 18, 20, 25, 31]",6,"[{""rank"": ""1등"", ""winners"": 10, ""prize_amount"": 2032490663}, {""rank"": ""2등"", ""winners"": 72, ""prize_amount"": 47048395}, {""rank"": ""3등"", ""winners"": 2923, ""prize_amount"": 1158907}, {""rank"": ""4등"", ""winners"": 133167, ""prize_amount"": 50000}, {""rank"": ""5등"", ""winners"": 2085580, ""prize_amount"": 5000}]",2020-08-29
927,"[4, 15, 22, 38, 41, 43]",26,"[{""rank"": ""1등"", ""winners"": 6, ""prize_amount"": 3714203875}, {""rank"": ""2등"", ""winners"": 63, ""prize_amount"": 58955618}, {""rank"": ""3등"", ""winners"": 2331, ""prize_amount"": 1593396}, {""rank"": ""4등"", ""winners"": 118446, ""prize_amount"": 50000}, {""rank"": ""5등"", ""winners"": 1979589, ""prize_amount"": 5000}]",2020-09-05
928,"[3, 4, 10, 20, 28, 44]",30,"[{""rank"": ""1등"", ""winners"": 7, ""prize_amount"": 3134591358}, {""rank"": ""2등"", ""winners"": 81, ""prize_amount"": 45148436}, {""rank"": ""3등"", ""winners"": 2639, ""prize_amount"": 1385761}, {""rank"": ""4등"", ""winners"": 121873, ""prize_amount"": 50000}, {""rank"": ""5등"", ""winners"": 2011931, ""prize_amount"": 5000}]",2020-09-12
929,"[7, 9, 12, 15, 19, 23]",4,"[{""rank"": ""1등"", ""winners"": 16, ""prize_amount"": 1308035157}, {""rank"": ""2등"", ""winners"": 91, ""prize_amount"": 38330701}, {""rank"": ""3등"", ""winners"": 3028, ""prize_amount"": 1151947}, {""rank"": ""4등"", ""winners"": 140880, ""prize_amount"": 50000}, {""rank"": ""5등"", ""winners"": 2244712, ""prize_amount"": 5000}]",2020-09-19
930,"[8, 21, 25, 38, 39, 44]",28,"[{""rank"": ""1등"", ""winners"": 8, ""prize_amount"": 2832418829}, {""rank"": ""2등"", ""winners"": 55, ""prize_amount"": 68664699}, {""rank"": ""3등"", ""winners"": 2776, ""prize_amount"": 1360432}, {""rank"": ""4등"", ""winners"": 128480, ""prize_amount"": 50000}, {""rank"": ""5등"", ""winners"": 2124548, ""prize_amount"": 5000}]",2020-09-26
931,"[14, 15, 23, 25, 35, 43]",32,"[{""rank"": ""1등"", ""winners"": 8, ""prize_amount"": 2957108063}, {""rank"": ""2등"", ""winners"": 54, ""prize_amount"": 73015014}, {""rank"": ""3등"", ""winners"": 2596, ""prize_amount"": 1518803}, {""rank"": ""4등"", ""winners"": 121943, ""prize_amount"": 50000}, {""rank"": ""5등"", ""winners"": 2041653, ""prize_amount"": 5000}]",2020-10-03
932,"[1, 6, 15, 36, 37, 38]",5,"[{""rank"": ""1등"", ""winners"": 7, ""prize_amount"": 3390022983}, {""rank"": ""2등"", ""winners"": 64, ""prize_amount"": 61797294}, {""rank"": ""3등"", ""winners"": 2420, ""prize_amount"": 1634309}, {""rank"": ""4등"", ""winners"": 120969, ""prize_amount"": 50000}, {""rank"": ""5등"", ""winners"": 2067196, ""prize_amount"": 5000}]",2020-10-10
933,"[23, 27, 29, 31, 36, 45]",37,"[{""rank"": ""1등"", ""winners"": 8, ""prize_amount"": 2927797079}, {""rank"": ""2등"", ""winners"": 63, ""prize_amount"": 61963960}, {""rank"": ""3등"", ""winners"": 2215, ""prize_amount"": 1762407}, {""rank"": ""4등"", ""winners"": 114043, ""prize_amount"": 50000}, {""rank"": ""5등"", ""winners"": 1962088, ""prize_amount"": 5000}]",2020-10-17
934,"[1, 3, 30, 33, 36, 39]",12,"[{""rank"": ""1등"", ""winners"": 4, ""prize_amount"": 5765772844}, {""rank"": ""2등"", ""winners"": 66, ""prize_amount"": 58240130}, {""rank"": ""3등"", ""winners"": 2359, ""prize_amount"": 1629440}, {""rank"": ""4등"", ""winners"": 116726, ""prize_amount"": 50000}, {""rank"": ""5등"", ""winners"": 1985417, ""prize_amount"": 5000}]",2020-10-24
935,"[4, 10, 20, 32, 38, 44]",18,"[{""rank"": ""1등"", ""winners"": 13, ""prize_amount"": 1711055424}, {""rank"": ""2등"", ""winners"": 120, ""prize_amount"": 30894057}, {""rank"": ""3등"", ""winners"": 2933, ""prize_amount"": 1263992}, {""rank"": ""4등"", ""winners"": 134376, ""prize_amount"": 50000}, {""rank"": ""5등"", ""winners"": 2118071, ""prize_amount"": 5000}]",2020-10-31
936,"[7, 11, 13, 17, 18, 29]",43,"[{""rank"": ""1등"", ""winners"": 14, ""prize_amount"": 1492069179}, {""rank"": ""2등"", ""winners"": 77, ""prize_amount"": 45214218}, {""rank"": ""3등"", ""winners"": 2864, ""prize_amount"": 1215606}, {""rank"": ""4등"", ""winners"": 140160, ""prize_amount"": 50000}, {""rank"": ""5등"", ""winners"": 2252623, ""prize_amount"": 5000}]",2020-11-07
937,"[2, 10, 13, 22, 29, 40]",26,"[{""rank"": ""1등"", ""winners"": 11, ""prize_amount"": 2058420819}, {""rank"": ""2등"", ""winners"": 57, ""prize_amount"": 66206518}, {""rank"": ""3등"", ""winners"": 2480, ""prize_amount"": 1521683}, {""rank"": ""4등"", ""winners"": 124141, ""prize_amount"": 50000}, {""rank"": ""5등"", ""winners"": 2092601, ""prize_amount"": 5000}]",2020-11-14
938,"[4, 8, 10, 16, 31, 36]",9,"[{""rank"": ""1등"", ""winners"": 10, ""prize_amount"": 2249466563}, {""rank"": ""2등"", ""winners"": 64, ""prize_amount"": 58579859}, {""rank"": ""3등"", ""winners"": 2531, ""prize_amount"": 1481277}, {""rank"": ""4등"", ""winners"": 124971, ""prize_amount"": 50000}, {""rank"": ""5등"", ""winners"": 2096955, ""prize_amount"": 5000}]",2020-11-21
939,"[4, 11, 28, 39, 42, 45]",6,"[{""rank"": ""1등"", ""winners"": 13, ""prize_amount"": 1708363039}, {""rank"": ""2등"", ""winners"": 67, ""prize_amount"": 55245571}, {""rank"": ""3등"", ""winners"": 2682, ""prize_amount"": 1380110}, {""rank"": ""4등"", ""winners"": 128408, ""prize_amount"": 50000}, {""rank"": ""5등"", ""winners"": 2127595, ""prize_amount"": 5000}]",2020-11-28
940,"[3, 15, 20, 22, 24, 41]",11,"[{""rank"": ""1등"", ""winners"": 8, ""prize_amount"": 2846071079}, {""rank"": ""2등"", ""winners"": 51, ""prize_amount"": 74407088}, {""rank"": ""3등"", ""winners"": 2329, ""prize_amount"": 1629353}, {""rank"": ""4등"", ""winners"": 123292, ""prize_amount"": 50000}, {""rank"": ""5등"", ""winners"": 2087480, ""prize_amount"": 5000}]",2020-12-05
941,"[12, 14, 25, 27, 39, 40]",35,"[{""rank"": ""1등"", ""winners"": 16, ""prize_amount"": 1347297422}, {""rank"": ""2등"", ""winners"": 87, ""prize_amount"": 41296473}, {""rank"": ""3등"", ""winners"": 3275, ""prize_amount"": 1097037}, {""rank"": ""4등"", ""winners"": 145544, ""prize_amount"": 50000}, {""rank"": ""5등"", ""winners"": 2282851, ""prize_amount"": 5000}]",2020-12-12
942,"[10, 12, 18, 35, 42, 43]",39,"[{""rank"": ""1등"", ""winners"": 6, ""prize_amount"": 3761680313}, {""rank"": ""2등"", ""winners"": 52, ""prize_amount"": 72340007}, {""rank"": ""3등"", ""winners"": 2473, ""prize_amount"": 1521101}, {""rank"": ""4등"", ""winners"": 120907, ""prize_amount"": 50000}, {""rank"": ""5등"", ""winners"": 2045438, ""prize_amount"": 5000}]",2020-12-19
943,"[1, 8, 13, 36, 44, 45]",39,"[{""rank"": ""1등"", ""winners"": 7, ""prize_amount"": 3435045108}, {""rank"": ""2등"", ""winners"": 74, ""prize_amount"": 54156117}, {""rank"": ""3등"", ""winners"": 2722, ""prize_amount"": 1472283}, {""rank"": ""4등"", ""winners"": 135763, ""prize_amount"": 50000}, {""rank"": ""5등"", ""winners"": 2238429, ""prize_amount"": 5000}]",2020-12-26
944,"[2, 13, 16, 19, 32, 33]",42,"[{""rank"": ""1등"", ""winners"": 13, ""prize_amount"": 1961836356}, {""rank"": ""2등"", ""winners"": 79, ""prize_amount"": 53805639}, {""rank"": ""3등"", ""winners"": 3057, ""prize_amount"": 1390464}, {""rank"": ""4등"", ""winners"": 147665, ""prize_amount"": 50000}, {""rank"": ""5등"", ""winners"": 2440455, ""prize_amount"": 5000}]",2021-01-02
945,"[9, 10, 15, 30, 33, 37]",26,"[{""rank"": ""1등"", ""winners"": 13, ""prize_amount"": 1765554491}, {""rank"": ""2등"", ""winners"": 71, ""prize_amount"": 53878424}, {""rank"": ""3등"", ""winners"": 2490, ""prize_amount"": 1536293}, {""rank"": ""4등"", ""winners"": 124224, ""prize_amount"": 50000}, {""rank"": ""5등"", ""winners"": 2120882, ""prize_amount"": 5000}]",2021-01-09
946,"[9, 18, 19, 30, 34, 40]",20,"[{""rank"": ""1등"", ""winners"": 11, ""prize_amount"": 2157656182}, {""rank"": ""2등"", ""winners"": 71, ""prize_amount"": 55714127}, {""rank"": ""3등"", ""winners"": 2949, ""prize_amount"": 1341371}, {""rank"": ""4등"", ""winners"": 138433, ""prize_amount"": 50000}, {""rank"": ""5등"", ""winners"": 2224563, ""prize_amount"": 5000}]",2021-01-16
947,"[3, 8, 17, 20, 27, 35]",26,"[{""rank"": ""1등"", ""winners"": 18, ""prize_amount"": 1275855750}, {""rank"": ""2등"", ""winners"": 58, ""prize_amount"": 65992539}, {""rank"": ""3등"", ""winners"": 3182, ""prize_amount"": 1202881}, {""rank"": ""4등"", ""winners"": 146908, ""prize_amount"": 50000}, {""rank"": ""5등"", ""winners"": 2351804, ""prize_amount"": 5000}]",2021-01-23
948,"[13, 18, 30, 31, 38, 41]",5,"[{""rank"": ""1등"", ""winners"": 11, ""prize_amount"": 2188548716}, {""rank"": ""2등"", ""winners"": 90, ""prize_amount"": 44581548}, {""rank"": ""3등"", ""winners"": 2905, ""prize_amount"": 1381184}, {""rank"": ""4등"", ""winners"": 137929, ""prize_amount"": 50000}, {""rank"": ""5등"", ""winners"": 2252913, ""prize_amount"": 5000}]",2021-01-30
949,"[14, 21, 35, 36, 40, 44]",30,"[{""rank"": ""1등"", ""winners"": 10, ""prize_amount"": 2458569713}, {""rank"": ""2등"", ""winners"": 65, ""prize_amount"": 63040250}, {""rank"": ""3등"", ""winners"": 2594, ""prize_amount"": 1579652}, {""rank"": ""4등"", ""winners"": 130363, ""prize_amount"": 50000}, {""rank"": ""5등"", ""winners"": 2192075, ""prize_amount"": 5000}]",2021-02-06
950,"[3, 4, 15, 22, 28, 40]",10,"[{""rank"": ""1등"", ""winners"": 8, ""prize_amount"": 3281920500}, {""rank"": ""2등"", ""winners"": 67, ""prize_amount"": 65311851}, {""rank"": ""3등"", ""winners"": 2886, ""prize_amount"": 1516249}, {""rank"": ""4등"", ""winners"": 146270, ""prize_amount"": 50000}, {""rank"": ""5등"", ""winners"": 2422941, ""prize_amount"": 5000}]",2021-02-13
951,"[2, 12, 30, 31, 39, 43]",38,"[{""rank"": ""1등"", ""winners"": 14, ""prize_amount"": 1747552661}, {""rank"": ""2등"", ""winners"": 72, ""prize_amount"": 56633652}, {""rank"": ""3등"", ""winners"": 2907, ""prize_amount"": 1402692}, {""rank"": ""4등"", ""winners"": 142335, ""prize_amount"": 50000}, {""rank"": ""5등"", ""winners"": 2346154, ""prize_amount"": 5000}]",2021-02-20
952,"[4, 12, 22, 24, 33, 41]",38,"[{""rank"": ""1등"", ""winners"": 9, ""prize_amount"": 2713699834}, {""rank"": ""2등"", ""winners"": 93, ""prize_amount"": 43769353}, {""rank"": ""3등"", ""winners"": 3039, ""prize_amount"": 1339438}, {""rank"": ""4등"", ""winners"": 141776, ""prize_amount"": 50000}, {""rank"": ""5등"", ""winners"": 2304925, ""prize_amount"": 5000}]",2021-02-27
953,"[7, 9, 22, 27, 37, 42]",34,"[{""rank"": ""1등"", ""winners"": 14, ""prize_amount"": 1640636009}, {""rank"": ""2등"", ""winners"": 102, ""prize_amount"": 37530890}, {""rank"": ""3등"", ""winners"": 3273, ""prize_amount"": 1169616}, {""rank"": ""4등"", ""winners"": 146120, ""prize_amount"": 50000}, {""rank"": ""5등"", ""winners"": 2331848, ""prize_amount"": 5000}]",2021-03-06
954,"[1, 9, 26, 28, 30, 41]",32,"[{""rank"": ""1등"", ""winners"": 10, ""prize_amount"": 2478795900}, {""rank"": ""2등"", ""winners"": 64, ""prize_amount"": 64551977}, {""rank"": ""3등"", ""winners"": 2657, ""prize_amount"": 1554884}, {""rank"": ""4등"", ""winners"": 132057, ""prize_amount"": 50000}, {""rank"": ""5등"", ""winners"": 2214839, ""prize_amount"": 5000}]",2021-03-13
955,"[4, 9, 23, 26, 29, 33]",8,"[{""rank"": ""1등"", ""winners"": 12, ""prize_amount"": 2023170188}, {""rank"": ""2등"", ""winners"": 71, ""prize_amount"": 56990710}, {""rank"": ""3등"", ""winners"": 2650, ""prize_amount"": 1526921}, {""rank"": ""4등"", ""winners"": 130744, ""prize_amount"": 50000}, {""rank"": ""5등"", ""winners"": 2196889, ""prize_amount"": 5000}]",2021-03-20
956,"[10, 11, 20, 21, 25, 41]",40,"[{""rank"": ""1등"", ""winners"": 11, ""prize_amount"": 2022982671}, {""rank"": ""2등"", ""winners"": 136, ""prize_amount"": 27270600}, {""rank"": ""3등"", ""winners"": 3053, ""prize_amount"": 1214806}, {""rank"": ""4등"", ""winners"": 144650, ""prize_amount"": 50000}, {""rank"": ""5등"", ""winners"": 2325943, ""prize_amount"": 5000}]",2021-03-27
957,"[4, 15, 24, 35, 36, 40]",1,"[{""rank"": ""1등"", ""winners"": 11, ""prize_amount"": 2126634137}, {""rank"": ""2등"", ""winners"": 61, ""prize_amount"": 63915234}, {""rank"": ""3등"", ""winners"": 2835, ""prize_amount"": 1375249}, {""rank"": ""4등"", ""winners"": 129545, ""prize_amount"": 50000}, {""rank"": ""5등"", ""winners"": 2131893, ""prize_amount"": 5000}]",2021-04-03
958,"[2, 9, 10, 16, 35, 37]",1,"[{""rank"": ""1등"", ""winners"": 15, ""prize_amount"": 1596119675}, {""rank"": ""2등"", ""winners"": 67, ""prize_amount"": 59556705}, {""rank"": ""3등"", ""winners"": 2470, ""prize_amount"": 1615506}, {""rank"": ""4등"", ""winners"": 131097, ""prize_amount"": 50000}, {""rank"": ""5등"", ""winners"": 2168146, ""prize_amount"": 5000}]",2021-04-10
959,"[1, 14, 15, 24, 40, 41]",35,"[{""rank"": ""1등"", ""winners"": 8, ""prize_amount"": 3015312891}, {""rank"": ""2등"", ""winners"": 75, ""prize_amount"": 53605563}, {""rank"": ""3등"", ""winners"": 2502, ""prize_amount"": 1606882}, {""rank"": ""4등"", ""winners"": 123802, ""prize_amount"": 50000}, {""rank"": ""5등"", ""winners"": 2072896, ""prize_amount"": 5000}]",2021-04-17
960,"[2, 18, 24, 30, 32, 45]",14,"[{""rank"": ""1등"", ""winners"": 10, ""prize_amount"": 2401133213}, {""rank"": ""2등"", ""winners"": 56, ""prize_amount"": 71462298}, {""rank"": ""3등"", ""winners"": 2569, ""prize_amount"": 1557762}, {""rank"": ""4등"", ""winners"": 129546, ""prize_amount"": 50000}, {""rank"": ""5등"", ""winners"": 2180006, ""prize_amount"": 5000}]",2021-04-24
961,"[11, 20, 29, 31, 33, 42]",43,"[{""rank"": ""1등"", ""winners"": 9, ""prize_amount"": 2575231209}, {""rank"": ""2등"", ""winners"": 73, ""prize_amount"": 52915710}, {""rank"": ""3등"", ""winners"": 2716, ""prize_amount"": 1422256}, {""rank"": ""4등"", ""winners"": 133764, ""prize_amount"": 50000}, {""rank"": ""5등"", ""winners"": 2197136, ""prize_amount"": 5000}]",2021-05-01
962,"[1, 18, 28, 31, 34, 43]",40,"[{""rank"": ""1등"", ""winners"": 12, ""prize_amount"": 1940906094}, {""rank"": ""2등"", ""winners"": 73, ""prize_amount"": 53175510}, {""rank"": ""3등"", ""winners"": 2581, ""prize_amount"": 1503996}, {""rank"": ""4등"", ""winners"": 126528, ""prize_amount"": 50000}, {""rank"": ""5등"", ""winners"": 2119457, ""prize_amount"": 5000}]",2021-05-08
963,"[6, 12, 19, 23, 34, 42]",35,"[{""rank"": ""1등"", ""winners"": 15, ""prize_amount"": 1476478125}, {""rank"": ""2등"", ""winners"": 68, ""prize_amount"": 54282285}, {""rank"": ""3등"", ""winners"": 3137, ""prize_amount"": 1176665}, {""rank"": ""4등"", ""winners"": 141987, ""prize_amount"": 50000}, {""rank"": ""5등"", ""winners"": 2219439, ""prize_amount"": 5000}]",2021-05-15
964,"[6, 21, 36, 38, 39, 43]",30,"[{""rank"": ""1등"", ""winners"": 10, ""prize_amount"": 2345861063}, {""rank"": ""2등"", ""winners"": 52, ""prize_amount"": 75187855}, {""rank"": ""3등"", ""winners"": 2447, ""prize_amount"": 1597781}, {""rank"": ""4등"", ""winners"": 123780, ""prize_amount"": 50000}, {""rank"": ""5등"", ""winners"": 2061560, ""prize_amount"": 5000}]",2021-05-22
965,"[2, 13, 25, 28, 29, 36]",34,"[{""rank"": ""1등"", ""winners"": 7, ""prize_amount"": 3403348929}, {""rank"": ""2등"", ""winners"": 46, ""prize_amount"": 86316821}, {""rank"": ""3등"", ""winners"": 2389, ""prize_amount"": 1662024}, {""rank"": ""4등"", ""winners"": 122129, ""prize_amount"": 50000}, {""rank"": ""5등"", ""winners"": 2043257, ""prize_amount"": 5000}]",2021-05-29
966,"[1, 21, 25, 29, 34, 37]",36,"[{""rank"": ""1등"", ""winners"": 10, ""prize_amount"": 2411303513}, {""rank"": ""2등"", ""winners"": 50, ""prize_amount"": 80376784}, {""rank"": ""3등"", ""winners"": 2352, ""prize_amount"": 1708691}, {""rank"": ""4등"", ""winners"": 115370, ""prize_amount"": 50000}, {""rank"": ""5등"", ""winners"": 1980202, ""prize_amount"": 5000}]",2021-06-05
967,"[1, 6, 13, 37, 38, 40]",9,"[{""rank"": ""1등"", ""winners"": 4, ""prize_amount"": 5809776094}, {""rank"": ""2등"", ""winners"": 69, ""prize_amount"": 56133103}, {""rank"": ""3등"", ""winners"": 2475, ""prize_amount"": 1564923}, {""rank"": ""4등"", ""winners"": 121200, ""prize_amount"": 50000}, {""rank"": ""5등"", ""winners"": 2042462, ""prize_amount"": 5000}]",2021-06-12
968,"[2, 5, 12, 14, 24, 39]",33,"[{""rank"": ""1등"", ""winners"": 13, ""prize_amount"": 1667729683}, {""rank"": ""2등"", ""winners"": 97, ""prize_amount"": 37251694}, {""rank"": ""3등"", ""winners"": 3116, ""prize_amount"": 1159633}, {""rank"": ""4등"", ""winners"": 148150, ""prize_amount"": 50000}, {""rank"": ""5등"", ""winners"": 2329460, ""prize_amount"": 5000}]",2021-06-19
969,"[3, 9, 10, 29, 40, 45]",7,"[{""rank"": ""1등"", ""winners"": 20, ""prize_amount"": 1149427894}, {""rank"": ""2등"", ""winners"": 56, ""prize_amount"": 68418328}, {""rank"": ""3등"", ""winners"": 2633, ""prize_amount"": 1455157}, {""rank"": ""4등"", ""winners"": 133079, ""prize_amount"": 50000}, {""rank"": ""5등"", ""winners"": 2211803, ""prize_amount"": 5000}]",2021-06-26
970,"[9, 11, 16, 21, 28, 36]",5,"[{""rank"": ""1등"", ""winners"": 14, ""prize_amount"": 1611544045}, {""rank"": ""2등"", ""winners"": 87, ""prize_amount"": 43221488}, {""rank"": ""3등"", ""winners"": 2479, ""prize_amount"": 1516850}, {""rank"": ""4등"", ""winners"": 124923, ""prize_amount"": 50000}, {""rank"": ""5등"", ""winners"": 2061176, ""prize_amount"": 5000}]",2021-07-03
971,"[2, 6, 17, 18, 21, 26]",7,"[{""rank"": ""1등"", ""winners"": 6, ""prize_amount"": 3725880250}, {""rank"": ""2등"", ""winners"": 62, ""prize_amount"": 60094843}, {""rank"": ""3등"", ""winners"": 2685, ""prize_amount"": 1387665}, {""rank"": ""4등"", ""winners"": 131409, ""prize_amount"": 50000}, {""rank"": ""5등"", ""winners"": 2171694, ""prize_amount"": 5000}]",2021-07-10
972,"[3, 6, 17, 23, 37, 39]",26,"[{""rank"": ""1등"", ""winners"": 20, ""prize_amount"": 1124886244}, {""rank"": ""2등"", ""winners"": 80, ""prize_amount"": 46870261}, {""rank"": ""3등"", ""winners"": 2570, ""prize_amount"": 1458997}, {""rank"": ""4등"", ""winners"": 126989, ""prize_amount"": 50000}, {""rank"": ""5등"", ""winners"": 2122398, ""prize_amount"": 5000}]",2021-07-17
973,"[22, 26, 31, 37, 41, 42]",24,"[{""rank"": ""1등"", ""winners"": 8, ""prize_amount"": 2912742750}, {""rank"": ""2등"", ""winners"": 42, ""prize_amount"": 92468024}, {""rank"": ""3등"", ""winners"": 2257, ""prize_amount"": 1720717}, {""rank"": ""4등"", ""winners"": 117757, ""prize_amount"": 50000}, {""rank"": ""5등"", ""winners"": 2003966, ""prize_amount"": 5000}]",2021-07-24
974,"[1, 2, 11, 16, 39, 44]",32,"[{""rank"": ""1등"", ""winners"": 17, ""prize_amount"": 1317034523}, {""rank"": ""2등"", ""winners"": 66, ""prize_amount"": 56539361}, {""rank"": ""3등"", ""winners"": 2636, ""prize_amount"": 1415629}, {""rank"": ""4등"", ""winners"": 129473, ""prize_amount"": 50000}, {""rank"": ""5등"", ""winners"": 2149319, ""prize_amount"": 5000}]",2021-07-31
975,"[7, 8, 9, 17, 22, 24]",5,"[{""rank"": ""1등"", ""winners"": 9, ""prize_amount"": 2440410375}, {""rank"": ""2등"", ""winners"": 61, ""prize_amount"": 60010092}, {""rank"": ""3등"", ""winners"": 2828, ""prize_amount"": 1294419}, {""rank"": ""4등"", ""winners"": 135604, ""prize_amount"": 50000}, {""rank"": ""5등"", ""winners"": 2212347, ""prize_amount"": 5000}]",2021-08-07
976,"[4, 12, 14, 25, 35, 37]",2,"[{""rank"": ""1등"", ""winners"": 7, ""prize_amount"": 3243867215}, {""rank"": ""2등"", ""winners"": 69, ""prize_amount"": 54847997}, {""rank"": ""3등"", ""winners"": 3085, ""prize_amount"": 1226747}, {""rank"": ""4등"", ""winners"": 142375, ""prize_amount"": 50000}, {""rank"": ""5등"", ""winners"": 2270249, ""prize_amount"": 5000}]",2021-08-14
977,"[2, 9, 10, 14, 22, 44]",16,"[{""rank"": ""1등"", ""winners"": 14, ""prize_amount"": 1669905911}, {""rank"": ""2등"", ""winners"": 82, ""prize_amount"": 47517648}, {""rank"": ""3등"", ""winners"": 2474, ""prize_amount"": 1574959}, {""rank"": ""4등"", ""winners"": 125781, ""prize_amount"": 50000}, {""rank"": ""5등"", ""winners"": 2097459, ""prize_amount"": 5000}]",2021-08-21
978,"[1, 7, 15, 32, 34, 42]",8,"[{""rank"": ""1등"", ""winners"": 10, ""prize_amount"": 2373391388}, {""rank"": ""2등"", ""winners"": 70, ""prize_amount"": 56509319}, {""rank"": ""3등"", ""winners"": 2826, ""prize_amount"": 1399736}, {""rank"": ""4등"", ""winners"": 133915, ""prize_amount"": 50000}, {""rank"": ""5등"", ""winners"": 2217326, ""prize_amount"": 5000}]",2021-08-28
979,"[7, 11, 16, 21, 27, 33]",24,"[{""rank"": ""1등"", ""winners"": 14, ""prize_amount"": 1606400518}, {""rank"": ""2등"", ""winners"": 79, ""prize_amount"": 47446429}, {""rank"": ""3등"", ""winners"": 3414, ""prize_amount"": 1097911}, {""rank"": ""4등"", ""winners"": 154980, ""prize_amount"": 50000}, {""rank"": ""5등"", ""winners"": 2403760, ""prize_amount"": 5000}]",2021-09-04
980,"[3, 13, 16, 23, 24, 35]",14,"[{""rank"": ""1등"", ""winners"": 7, ""prize_amount"": 3409443215}, {""rank"": ""2등"", ""winners"": 70, ""prize_amount"": 56824054}, {""rank"": ""3등"", ""winners"": 2819, ""prize_amount"": 1411027}, {""rank"": ""4등"", ""winners"": 135751, ""prize_amount"": 50000}, {""rank"": ""5등"", ""winners"": 2237534, ""prize_amount"": 5000}]",2021-09-11
981,"[27, 36, 37, 41, 43, 45]",32,"[{""rank"": ""1등"", ""winners"": 13, ""prize_amount"": 1992863193}, {""rank"": ""2등"", ""winners"": 65, ""prize_amount"": 66428774}, {""rank"": ""3등"", ""winners"": 2824, ""prize_amount"": 1528991}, {""rank"": ""4등"", ""winners"": 136630, ""prize_amount"": 50000}, {""rank"": ""5등"", ""winners"": 2289650, ""prize_amount"": 5000}]",2021-09-18
982,"[5, 7, 13, 20, 21, 44]",33,"[{""rank"": ""1등"", ""winners"": 8, ""prize_amount"": 3023630672}, {""rank"": ""2등"", ""winners"": 81, ""prize_amount"": 49771699}, {""rank"": ""3등"", ""winners"": 2931, ""prize_amount"": 1375472}, {""rank"": ""4등"", ""winners"": 139208, ""prize_amount"": 50000}, {""rank"": ""5등"", ""winners"": 2291933, ""prize_amount"": 5000}]",2021-09-25
983,"[13, 23, 26, 31, 35, 43]",15,"[{""rank"": ""1등"", ""winners"": 10, ""prize_amount"": 2503422225}, {""rank"": ""2등"", ""winners"": 78, ""prize_amount"": 53491928}, {""rank"": ""3등"", ""winners"": 2640, ""prize_amount"": 1580444}, {""rank"": ""4등"", ""winners"": 131780, ""prize_amount"": 50000}, {""rank"": ""5등"", ""winners"": 2196308, ""prize_amount"": 5000}]",2021-10-02
984,"[3, 10, 23, 35, 36, 37]",18,"[{""rank"": ""1등"", ""winners"": 7, ""prize_amount"": 3453006268}, {""rank"": ""2등"", ""winners"": 64, ""prize_amount"": 62945427}, {""rank"": ""3등"", ""winners"": 2596, ""prize_amount"": 1551814}, {""rank"": ""4등"", ""winners"": 128129, ""prize_amount"": 50000}, {""rank"": ""5등"", ""winners"": 2149335, ""prize_amount"": 5000}]",2021-10-09
985,"[17, 21, 23, 30, 34, 44]",19,"[{""rank"": ""1등"", ""winners"": 10, ""prize_amount"": 2434752975}, {""rank"": ""2등"", ""winners"": 62, ""prize_amount"": 65450349}, {""rank"": ""3등"", ""winners"": 2581, ""prize_amount"": 1572229}, {""rank"": ""4등"", ""winners"": 126523, ""prize_amount"": 50000}, {""rank"": ""5등"", ""winners"": 2123240, ""prize_amount"": 5000}]",2021-10-16
986,"[7, 10, 16, 28, 41, 42]",40,"[{""rank"": ""1등"", ""winners"": 10, ""prize_amount"": 2375275125}, {""rank"": ""2등"", ""winners"": 70, ""prize_amount"": 56554170}, {""rank"": ""3등"", ""winners"": 2793, ""prize_amount"": 1417398}, {""rank"": ""4등"", ""winners"": 133889, ""prize_amount"": 50000}, {""rank"": ""5등"", ""winners"": 2231167, ""prize_amount"": 5000}]",2021-10-23
987,"[2, 4, 15, 23, 29, 38]",7,"[{""rank"": ""1등"", ""winners"": 10, ""prize_amount"": 2378711625}, {""rank"": ""2등"", ""winners"": 73, ""prize_amount"": 54308485}, {""rank"": ""3등"", ""winners"": 2968, ""prize_amount"": 1335755}, {""rank"": ""4등"", ""winners"": 140004, ""prize_amount"": 50000}, {""rank"": ""5등"", ""winners"": 2283682, ""prize_amount"": 5000}]",2021-10-30
988,"[2, 13, 20, 30, 31, 41]",27,"[{""rank"": ""1등"", ""winners"": 9, ""prize_amount"": 2678489375}, {""rank"": ""2등"", ""winners"": 61, ""prize_amount"": 65864493}, {""rank"": ""3등"", ""winners"": 2663, ""prize_amount"": 1508725}, {""rank"": ""4등"", ""winners"": 129322, ""prize_amount"": 50000}, {""rank"": ""5등"", ""winners"": 2139025, ""prize_amount"": 5000}]",2021-11-06
989,"[17, 18, 21, 27, 29, 33]",26,"[{""rank"": ""1등"", ""winners"": 4, ""prize_amount"": 5826768563}, {""rank"": ""2등"", ""winners"": 63, ""prize_amount"": 61658927}, {""rank"": ""3등"", ""winners"": 2444, ""prize_amount"": 1589408}, {""rank"": ""4등"", ""winners"": 127891, ""prize_amount"": 50000}, {""rank"": ""5등"", ""winners"": 2158436, ""prize_amount"": 5000}]",2021-11-13
990,"[2, 4, 25, 26, 36, 37]",28,"[{""rank"": ""1등"", ""winners"": 14, ""prize_amount"": 1740095277}, {""rank"": ""2등"", ""winners"": 56, ""prize_amount"": 72503970}, {""rank"": ""3등"", ""winners"": 2858, ""prize_amount"": 1420652}, {""rank"": ""4등"", ""winners"": 129113, ""prize_amount"": 50000}, {""rank"": ""5등"", ""winners"": 2169219, ""prize_amount"": 5000}]",2021-11-20
991,"[13, 18, 25, 31, 33, 44]",38,"[{""rank"": ""1등"", ""winners"": 8, ""prize_amount"": 2904166032}, {""rank"": ""2등"", ""winners"": 110, ""prize_amount"": 35202013}, {""rank"": ""3등"", ""winners"": 2969, ""prize_amount"": 1304218}, {""rank"": ""4등"", ""winners"": 138068, ""prize_amount"": 50000}, {""rank"": ""5등"", ""winners"": 2226394, ""prize_amount"": 5000}]",2021-11-27
992,"[12, 20, 26, 33, 44, 45]",24,"[{""rank"": ""1등"", ""winners"": 12, ""prize_amount"": 1986955563}, {""rank"": ""2등"", ""winners"": 58, ""prize_amount"": 68515710}, {""rank"": ""3등"", ""winners"": 2373, ""prize_amount"": 1674636}, {""rank"": ""4등"", ""winners"": 124311, ""prize_amount"": 50000}, {""rank"": ""5등"", ""winners"": 2105282, ""prize_amount"": 5000}]",2021-12-04
993,"[6, 14, 16, 18, 24, 42]",44,"[{""rank"": ""1등"", ""winners"": 6, ""prize_amount"": 3991197063}, {""rank"": ""2등"", ""winners"": 70, ""prize_amount"": 57017101}, {""rank"": ""3등"", ""winners"": 2732, ""prize_amount"": 1460907}, {""rank"": ""4등"", ""winners"": 132583, ""prize_amount"": 50000}, {""rank"": ""5등"", ""winners"": 2220620, ""prize_amount"": 5000}]",2021-12-11
994,"[1, 3, 8, 24, 27, 35]",28,"[{""rank"": ""1등"", ""winners"": 12, ""prize_amount"": 1861582063}, {""rank"": ""2등"", ""winners"": 70, ""prize_amount"": 53188059}, {""rank"": ""3등"", ""winners"": 2803, ""prize_amount"": 1328279}, {""rank"": ""4등"", ""winners"": 137937, ""prize_amount"": 50000}, {""rank"": ""5등"", ""winners"": 2216661, ""prize_amount"": 5000}]",2021-12-18
995,"[1, 4, 13, 29, 38, 39]",7,"[{""rank"": ""1등"", ""winners"": 7, ""prize_amount"": 3447271875}, {""rank"": ""2등"", ""winners"": 69, ""prize_amount"": 58287206}, {""rank"": ""3등"", ""winners"": 2793, ""prize_amount"": 1439964}, {""rank"": ""4등"", ""winners"": 138372, ""prize_amount"": 50000}, {""rank"": ""5등"", ""winners"": 2269218, ""prize_amount"": 5000}]",2021-12-25
996,"[6, 11, 15, 24, 32, 39]",28,"[{""rank"": ""1등"", ""winners"": 18, ""prize_amount"": 1491185771}, {""rank"": ""2등"", ""winners"": 86, ""prize_amount"": 52018109}, {""rank"": ""3등"", ""winners"": 3313, ""prize_amount"": 1350305}, {""rank"": ""4등"", ""winners"": 155856, ""prize_amount"": 50000}, {""rank"": ""5등"", ""winners"": 2546181, ""prize_amount"": 5000}]",2022-01-01
997,"[4, 7, 14, 16, 24, 44]",20,"[{""rank"": ""1등"", ""winners"": 19, ""prize_amount"": 1253749560}, {""rank"": ""2등"", ""winners"": 85, ""prize_amount"": 46708317}, {""rank"": ""3등"", ""winners"": 3692, ""prize_amount"": 1075354}, {""rank"": ""4등"", ""winners"": 155887, ""prize_amount"": 50000}, {""rank"": ""5등"", ""winners"": 2331995, ""prize_amount"": 5000}]",2022-01-08
998,"[13, 17, 18, 20, 42, 45]",41,"[{""rank"": ""1등"", ""winners"": 12, ""prize_amount"": 2076499657}, {""rank"": ""2등"", ""winners"": 53, ""prize_amount"": 78358478}, {""rank"": ""3등"", ""winners"": 2648, ""prize_amount"": 1568354}, {""rank"": ""4등"", ""winners"": 129576, ""prize_amount"": 50000}, {""rank"": ""5등"", ""winners"": 2227628, ""prize_amount"": 5000}]",2022-01-15
999,"[1, 3, 9, 14, 18, 28]",34,"[{""rank"": ""1등"", ""winners"": 16, ""prize_amount"": 1513274790}, {""rank"": ""2등"", ""winners"": 67, ""prize_amount"": 60229843}, {""rank"": ""3등"", ""winners"": 2943, ""prize_amount"": 1371186}, {""rank"": ""4등"", ""winners"": 143217, ""prize_amount"": 50000}, {""rank"": ""5등"", ""winners"": 2369326, ""prize_amount"": 5000}]",2022-01-22
1000,"[2, 8, 19, 22, 32, 42]",39,"[{""rank"": ""1등"", ""winners"": 22, ""prize_amount"": 1246819620}, {""rank"": ""2등"", ""winners"": 109, ""prize_amount"": 41941945}, {""rank"": ""3등"", ""winners"": 4018, ""prize_amount"": 1137798}, {""rank"": ""4등"", ""winners"": 180052, ""prize_amount"": 50000}, {""rank"": ""5등"", ""winners"": 2747686, ""prize_amount"": 5000}]",2022-01-29
1001,"[6, 10, 12, 14, 20, 42]",15,"[{""rank"": ""1등"", ""winners"": 12, ""prize_amount"": 2077279594}, {""rank"": ""2등"", ""winners"": 66, ""prize_amount"": 62947867}, {""rank"": ""3등"", ""winners"": 2761, ""prize_amount"": 1504730}, {""rank"": ""4등"", ""winners"": 140255, ""prize_amount"": 50000}, {""rank"": ""5등"", ""winners"": 2346904, ""prize_amount"": 5000}]",2022-02-05
1002,"[17, 25, 33, 35, 38, 45]",15,"[{""rank"": ""1등"", ""winners"": 8, ""prize_amount"": 3088449563}, {""rank"": ""2등"", ""winners"": 85, ""prize_amount"": 48446268}, {""rank"": ""3등"", ""winners"": 3193, ""prize_amount"": 1289676}, {""rank"": ""4등"", ""winners"": 155418, ""prize_amount"": 50000}, {""rank"": ""5등"", ""winners"": 2436676, ""prize_amount"": 5000}]",2022-02-12
1003,"[1, 4, 29, 39, 43, 45]",31,"[{""rank"": ""1등"", ""winners"": 14, ""prize_amount"": 1811116822}, {""rank"": ""2등"", ""winners"": 66, ""prize_amount"": 64029383}, {""rank"": ""3등"", ""winners"": 2649, ""prize_amount"": 1595297}, {""rank"": ""4등"", ""winners"": 133896, ""prize_amount"": 50000}, {""rank"": ""5등"", ""winners"": 2247475, ""prize_amount"": 5000}]",2022-02-19
1004,"[7, 15, 30, 37, 39, 44]",18,"[{""rank"": ""1등"", ""winners"": 10, ""prize_amount"": 2576251913}, {""rank"": ""2등"", ""winners"": 68, ""prize_amount"": 63143430}, {""rank"": ""3등"", ""winners"": 2785, ""prize_amount"": 1541743}, {""rank"": ""4등"", ""winners"": 140047, ""prize_amount"": 50000}, {""rank"": ""5등"", ""winners"": 2340772, ""prize_amount"": 5000}]",2022-02-26
1005,"[8, 13, 18, 24, 27, 29]",17,"[{""rank"": ""1등"", ""winners"": 12, ""prize_amount"": 2061199344}, {""rank"": ""2등"", ""winners"": 84, ""prize_amount"": 49076175}, {""rank"": ""3등"", ""winners"": 2798, ""prize_amount"": 1473338}, {""rank"": ""4등"", ""winners"": 143067, ""prize_amount"": 50000}, {""rank"": ""5등"", ""winners"": 2349017, ""prize_amount"": 5000}]",2022-03-05
1006,"[8, 11, 15, 16, 17, 37]",36,"[{""rank"": ""1등"", ""winners"": 9, ""prize_amount"": 2855602125}, {""rank"": ""2등"", ""winners"": 65, ""prize_amount"": 65898511}, {""rank"": ""3등"", ""winners"": 2487, ""prize_amount"": 1722318}, {""rank"": ""4등"", ""winners"": 131234, ""prize_amount"": 50000}, {""rank"": ""5등"", ""winners"": 2288458, ""prize_amount"": 5000}]",2022-03-12
1007,"[8, 11, 16, 19, 21, 25]",40,"[{""rank"": ""1등"", ""winners"": 9, ""prize_amount"": 2718786375}, {""rank"": ""2등"", ""winners"": 70, ""prize_amount"": 58259709}, {""rank"": ""3등"", ""winners"": 2844, ""prize_amount"": 1433960}, {""rank"": ""4등"", ""winners"": 137134, ""prize_amount"": 50000}, {""rank"": ""5등"", ""winners"": 2256573, ""prize_amount"": 5000}]",2022-03-19
1008,"[9, 11, 30, 31, 41, 44]",33,"[{""rank"": ""1등"", ""winners"": 11, ""prize_amount"": 2267377910}, {""rank"": ""2등"", ""winners"": 97, ""prize_amount"": 42854222}, {""rank"": ""3등"", ""winners"": 2826, ""prize_amount"": 1470935}, {""rank"": ""4등"", ""winners"": 141072, ""prize_amount"": 50000}, {""rank"": ""5등"", ""winners"": 2311009, ""prize_amount"": 5000}]",2022-03-26
1009,"[15, 23, 29, 34, 40, 44]",20,"[{""rank"": ""1등"", ""winners"": 15, ""prize_amount"": 1702462825}, {""rank"": ""2등"", ""winners"": 69, ""prize_amount"": 61683436}, {""rank"": ""3등"", ""winners"": 2632, ""prize_amount"": 1617081}, {""rank"": ""4등"", ""winners"": 133476, ""prize_amount"": 50000}, {""rank"": ""5등"", ""winners"": 2232525, ""prize_amount"": 5000}]",2022-04-02
1010,"[9, 12, 15, 25, 34, 36]",3,"[{""rank"": ""1등"", ""winners"": 8, ""prize_amount"": 3119380079}, {""rank"": ""2등"", ""winners"": 66, ""prize_amount"": 63017780}, {""rank"": ""3등"", ""winners"": 2781, ""prize_amount"": 1495568}, {""rank"": ""4등"", ""winners"": 136828, ""prize_amount"": 50000}, {""rank"": ""5등"", ""winners"": 2278193, ""prize_amount"": 5000}]",2022-04-09
1011,"[1, 9, 12, 26, 35, 38]",42,"[{""rank"": ""1등"", ""winners"": 11, ""prize_amount"": 2220348512}, {""rank"": ""2등"", ""winners"": 76, ""prize_amount"": 53561039}, {""rank"": ""3등"", ""winners"": 2818, ""prize_amount"": 1444514}, {""rank"": ""4등"", ""winners"": 137485, ""prize_amount"": 50000}, {""rank"": ""5등"", ""winners"": 2292065, ""prize_amount"": 5000}]",2022-04-16
1012,"[5, 11, 18, 20, 35, 45]",3,"[{""rank"": ""1등"", ""winners"": 13, ""prize_amount"": 1861944318}, {""rank"": ""2등"", ""winners"": 76, ""prize_amount"": 53081746}, {""rank"": ""3등"", ""winners"": 2882, ""prize_amount"": 1399797}, {""rank"": ""4등"", ""winners"": 141514, ""prize_amount"": 50000}, {""rank"": ""5등"", ""winners"": 2324952, ""prize_amount"": 5000}]",2022-04-23
1013,"[21, 22, 26, 34, 36, 41]",32,"[{""rank"": ""1등"", ""winners"": 5, ""prize_amount"": 5047570725}, {""rank"": ""2등"", ""winners"": 79, ""prize_amount"": 53244417}, {""rank"": ""3등"", ""winners"": 2586, ""prize_amount"": 1626570}, {""rank"": ""4등"", ""winners"": 128697, ""prize_amount"": 50000}, {""rank"": ""5등"", ""winners"": 2157701, ""prize_amount"": 5000}]",2022-04-30
1014,"[3, 11, 14, 18, 26, 27]",21,"[{""rank"": ""1등"", ""winners"": 10, ""prize_amount"": 2410449338}, {""rank"": ""2등"", ""winners"": 69, ""prize_amount"": 58223414}, {""rank"": ""3등"", ""winners"": 2849, ""prize_amount"": 1410115}, {""rank"": ""4등"", ""winners"": 143906, ""prize_amount"": 50000}, {""rank"": ""5등"", ""winners"": 2372712, ""prize_amount"": 5000}]",2022-05-07
1015,"[14, 23, 31, 33, 37, 40]",44,"[{""rank"": ""1등"", ""winners"": 8, ""prize_amount"": 3051105610}, {""rank"": ""2등"", ""winners"": 102, ""prize_amount"": 39883734}, {""rank"": ""3등"", ""winners"": 2880, ""prize_amount"": 1412549}, {""rank"": ""4등"", ""winners"": 144321, ""prize_amount"": 50000}, {""rank"": ""5등"", ""winners"": 2304033, ""prize_amount"": 5000}]",2022-05-14
1016,"[15, 26, 28, 34, 41, 42]",44,"[{""rank"": ""1등"", ""winners"": 11, ""prize_amount"": 2260660671}, {""rank"": ""2등"", ""winners"": 68, ""prize_amount"": 60949185}, {""rank"": ""3등"", ""winners"": 2686, ""prize_amount"": 1543018}, {""rank"": ""4등"", ""winners"": 132413, ""prize_amount"": 50000}, {""rank"": ""5등"", ""winners"": 2202914, ""prize_amount"": 5000}]",2022-05-21
1017,"[12, 18, 22, 23, 30, 34]",32,"[{""rank"": ""1등"", ""winners"": 7, ""prize_amount"": 3517684822}, {""rank"": ""2등"", ""winners"": 70, ""prize_amount"": 58628081}, {""rank"": ""3등"", ""winners"": 2596, ""prize_amount"": 1580881}, {""rank"": ""4등"", ""winners"": 133621, ""prize_amount"": 50000}, {""rank"": ""5등"", ""winners"": 2235724, ""prize_amount"": 5000}]",2022-05-28
1018,"[3, 19, 21, 25, 37, 45]",35,"[{""rank"": ""1등"", ""winners"": 2, ""prize_amount"": 12361744688}, {""rank"": ""2등"", ""winners"": 62, ""prize_amount"": 66460993}, {""rank"": ""3등"", ""winners"": 2693, ""prize_amount"": 1530109}, {""rank"": ""4등"", ""winners"": 130602, ""prize_amount"": 50000}, {""rank"": ""5등"", ""winners"": 2216230, ""prize_amount"": 5000}]",2022-06-04
1019,"[1, 4, 13, 17, 34, 39]",6,"[{""rank"": ""1등"", ""winners"": 50, ""prize_amount"": 438565140}, {""rank"": ""2등"", ""winners"": 75, ""prize_amount"": 48729460}, {""rank"": ""3등"", ""winners"": 5823, ""prize_amount"": 627634}, {""rank"": ""4등"", ""winners"": 192646, ""prize_amount"": 50000}, {""rank"": ""5등"", ""winners"": 2506493, ""prize_amount"": 5000}]",2022-06-11
1020,"[12, 27, 29, 38, 41, 45]",6,"[{""rank"": ""1등"", ""winners"": 13, ""prize_amount"": 1966431520}, {""rank"": ""2등"", ""winners"": 77, ""prize_amount"": 55332489}, {""rank"": ""3등"", ""winners"": 2817, ""prize_amount"": 1512461}, {""rank"": ""4등"", ""winners"": 138221, ""prize_amount"": 50000}, {""rank"": ""5등"", ""winners"": 2300467, ""prize_amount"": 5000}]",2022-06-18
1021,"[12, 15, 17, 24, 29, 45]",16,"[{""rank"": ""1등"", ""winners"": 12, ""prize_amount"": 2108962250}, {""rank"": ""2등"", ""winners"": 56, ""prize_amount"": 75320081}, {""rank"": ""3등"", ""winners"": 2461, ""prize_amount"": 1713907}, {""rank"": ""4등"", ""winners"": 126484, ""prize_amount"": 50000}, {""rank"": ""5등"", ""winners"": 2182497, ""prize_amount"": 5000}]",2022-06-25
1022,"[5, 6, 11, 29, 42, 45]",28,"[{""rank"": ""1등"", ""winners"": 5, ""prize_amount"": 4866468075}, {""rank"": ""2등"", ""winners"": 63, ""prize_amount"": 64371271}, {""rank"": ""3등"", ""winners"": 2580, ""prize_amount"": 1571857}, {""rank"": ""4등"", ""winners"": 127962, ""prize_amount"": 50000}, {""rank"": ""5등"", ""winners"": 2155059, ""prize_amount"": 5000}]",2022-07-02
1023,"[10, 14, 16, 18, 29, 35]",25,"[{""rank"": ""1등"", ""winners"": 9, ""prize_amount"": 2745677875}, {""rank"": ""2등"", ""winners"": 72, ""prize_amount"": 57201623}, {""rank"": ""3등"", ""winners"": 2506, ""prize_amount"": 1643463}, {""rank"": ""4등"", ""winners"": 127810, ""prize_amount"": 50000}, {""rank"": ""5등"", ""winners"": 2172239, ""prize_amount"": 5000}]",2022-07-09
1024,"[9, 18, 20, 22, 38, 44]",10,"[{""rank"": ""1등"", ""winners"": 8, ""prize_amount"": 3020323500}, {""rank"": ""2등"", ""winners"": 63, ""prize_amount"": 63922191}, {""rank"": ""3등"", ""winners"": 2616, ""prize_amount"": 1539411}, {""rank"": ""4등"", ""winners"": 134065, ""prize_amount"": 50000}, {""rank"": ""5등"", ""winners"": 2224097, ""prize_amount"": 5000}]",2022-07-16
1025,"[8, 9, 20, 25, 29, 33]",7,"[{""rank"": ""1등"", ""winners"": 4, ""prize_amount"": 6118853344}, {""rank"": ""2등"", ""winners"": 69, ""prize_amount"": 59119356}, {""rank"": ""3등"", ""winners"": 2671, ""prize_amount"": 1527232}, {""rank"": ""4등"", ""winners"": 134665, ""prize_amount"": 50000}, {""rank"": ""5등"", ""winners"": 2258426, ""prize_amount"": 5000}]",2022-07-23
1026,"[5, 12, 13, 31, 32, 41]",34,"[{""rank"": ""1등"", ""winners"": 15, ""prize_amount"": 1619118475}, {""rank"": ""2등"", ""winners"": 76, ""prize_amount"": 53260477}, {""rank"": ""3등"", ""winners"": 2786, ""prize_amount"": 1452907}, {""rank"": ""4등"", ""winners"": 138907, ""prize_amount"": 50000}, {""rank"": ""5등"", ""winners"": 2290094, ""prize_amount"": 5000}]",2022-07-30
1027,"[14, 16, 27, 35, 39, 45]",5,"[{""rank"": ""1등"", ""winners"": 10, ""prize_amount"": 2460504338}, {""rank"": ""2등"", ""winners"": 83, ""prize_amount"": 49407718}, {""rank"": ""3등"", ""winners"": 2700, ""prize_amount"": 1518830}, {""rank"": ""4등"", ""winners"": 134097, ""prize_amount"": 50000}, {""rank"": ""5등"", ""winners"": 2217201, ""prize_amount"": 5000}]",2022-08-06
1028,"[5, 7, 12, 13, 18, 35]",23,"[{""rank"": ""1등"", ""winners"": 20, ""prize_amount"": 1181235132}, {""rank"": ""2등"", ""winners"": 91, ""prize_amount"": 43268687}, {""rank"": ""3등"", ""winners"": 2810, ""prize_amount"": 1401228}, {""rank"": ""4등"", ""winners"": 142778, ""prize_amount"": 50000}, {""rank"": ""5등"", ""winners"": 2333653, ""prize_amount"": 5000}]",2022-08-13
1029,"[12, 30, 32, 37, 39, 41]",24,"[{""rank"": ""1등"", ""winners"": 10, ""prize_amount"": 2527848450}, {""rank"": ""2등"", ""winners"": 62, ""prize_amount"": 67952916}, {""rank"": ""3등"", ""winners"": 2614, ""prize_amount"": 1611738}, {""rank"": ""4등"", ""winners"": 125573, ""prize_amount"": 50000}, {""rank"": ""5등"", ""winners"": 2136972, ""prize_amount"": 5000}]",2022-08-20
1030,"[2, 5, 11, 17, 24, 29]",9,"[{""rank"": ""1등"", ""winners"": 19, ""prize_amount"": 1276406507}, {""rank"": ""2등"", ""winners"": 104, ""prize_amount"": 38864942}, {""rank"": ""3등"", ""winners"": 3278, ""prize_amount"": 1233055}, {""rank"": ""4등"", ""winners"": 154929, ""prize_amount"": 50000}, {""rank"": ""5등"", ""winners"": 2473576, ""prize_amount"": 5000}]",2022-08-27
1031,"[6, 7, 22, 32, 35, 36]",19,"[{""rank"": ""1등"", ""winners"": 8, ""prize_amount"": 3213957563}, {""rank"": ""2등"", ""winners"": 64, ""prize_amount"": 66957450}, {""rank"": ""3등"", ""winners"": 2789, ""prize_amount"": 1536493}, {""rank"": ""4등"", ""winners"": 132815, ""prize_amount"": 50000}, {""rank"": ""5등"", ""winners"": 2247015, ""prize_amount"": 5000}]",2022-09-03
1032,"[1, 6, 12, 19, 36, 42]",28,"[{""rank"": ""1등"", ""winners"": 10, ""prize_amount"": 2675257538}, {""rank"": ""2등"", ""winners"": 90, ""prize_amount"": 49541807}, {""rank"": ""3등"", ""winners"": 3078, ""prize_amount"": 1448591}, {""rank"": ""4등"", ""winners"": 149807, ""prize_amount"": 50000}, {""rank"": ""5등"", ""winners"": 2458611, ""prize_amount"": 5000}]",2022-09-10
1033,"[3, 11, 15, 20, 35, 44]",10,"[{""rank"": ""1등"", ""winners"": 13, ""prize_amount"": 1913414943}, {""rank"": ""2등"", ""winners"": 79, ""prize_amount"": 52477625}, {""rank"": ""3등"", ""winners"": 3083, ""prize_amount"": 1344708}, {""rank"": ""4등"", ""winners"": 145505, ""prize_amount"": 50000}, {""rank"": ""5등"", ""winners"": 2376004, ""prize_amount"": 5000}]",2022-09-17
1034,"[26, 31, 32, 33, 38, 40]",11,"[{""rank"": ""1등"", ""winners"": 9, ""prize_amount"": 2868856209}, {""rank"": ""2등"", ""winners"": 66, ""prize_amount"": 65201278}, {""rank"": ""3등"", ""winners"": 2898, ""prize_amount"": 1484916}, {""rank"": ""4등"", ""winners"": 142939, ""prize_amount"": 50000}, {""rank"": ""5등"", ""winners"": 2400364, ""prize_amount"": 5000}]",2022-09-24
1035,"[9, 14, 34, 35, 41, 42]",2,"[{""rank"": ""1등"", ""winners"": 8, ""prize_amount"": 3231193735}, {""rank"": ""2등"", ""winners"": 71, ""prize_amount"": 60679695}, {""rank"": ""3등"", ""winners"": 2848, ""prize_amount"": 1512732}, {""rank"": ""4등"", ""winners"": 141624, ""prize_amount"": 50000}, {""rank"": ""5등"", ""winners"": 2366499, ""prize_amount"": 5000}]",2022-10-01
1036,"[2, 5, 22, 32, 34, 45]",39,"[{""rank"": ""1등"", ""winners"": 9, ""prize_amount"": 2837323167}, {""rank"": ""2등"", ""winners"": 64, ""prize_amount"": 66499762}, {""rank"": ""3등"", ""winners"": 2593, ""prize_amount"": 1641337}, {""rank"": ""4등"", ""winners"": 133443, ""prize_amount"": 50000}, {""rank"": ""5등"", ""winners"": 2231388, ""prize_amount"": 5000}]",2022-10-08
1037,"[2, 14, 15, 22, 27, 33]",31,"[{""rank"": ""1등"", ""winners"": 15, ""prize_amount"": 1708576825}, {""rank"": ""2등"", ""winners"": 78, ""prize_amount"": 54762078}, {""rank"": ""3등"", ""winners"": 2713, ""prize_amount"": 1574435}, {""rank"": ""4등"", ""winners"": 137021, ""prize_amount"": 50000}, {""rank"": ""5등"", ""winners"": 2279500, ""prize_amount"": 5000}]",2022-10-15
1038,"[7, 16, 24, 27, 37, 44]",2,"[{""rank"": ""1등"", ""winners"": 15, ""prize_amount"": 1627457225}, {""rank"": ""2등"", ""winners"": 77, ""prize_amount"": 52839521}, {""rank"": ""3등"", ""winners"": 3364, ""prize_amount"": 1209466}, {""rank"": ""4등"", ""winners"": 154690, ""prize_amount"": 50000}, {""rank"": ""5등"", ""winners"": 2436512, ""prize_amount"": 5000}]",2022-10-22
1039,"[2, 3, 6, 19, 36, 39]",26,"[{""rank"": ""1등"", ""winners"": 16, ""prize_amount"": 1585019672}, {""rank"": ""2등"", ""winners"": 80, ""prize_amount"": 52833990}, {""rank"": ""3등"", ""winners"": 2773, ""prize_amount"": 1524241}, {""rank"": ""4등"", ""winners"": 140403, ""prize_amount"": 50000}, {""rank"": ""5등"", ""winners"": 2359126, ""prize_amount"": 5000}]",2022-10-29
1040,"[8, 16, 26, 29, 31, 36]",11,"[{""rank"": ""1등"", ""winners"": 7, ""prize_amount"": 3660482625}, {""rank"": ""2등"", ""winners"": 63, ""prize_amount"": 67786716}, {""rank"": ""3등"", ""winners"": 2583, ""prize_amount"": 1653335}, {""rank"": ""4등"", ""winners"": 133245, ""prize_amount"": 50000}, {""rank"": ""5등"", ""winners"": 2235373, ""prize_amount"": 5000}]",2022-11-05
1041,"[6, 7, 9, 11, 17, 18]",45,"[{""rank"": ""1등"", ""winners"": 25, ""prize_amount"": 935091165}, {""rank"": ""2등"", ""winners"": 85, ""prize_amount"": 45837803}, {""rank"": ""3등"", ""winners"": 3947, ""prize_amount"": 987133}, {""rank"": ""4등"", ""winners"": 167535, ""prize_amount"": 50000}, {""rank"": ""5등"", ""winners"": 2620869, ""prize_amount"": 5000}]",2022-11-12
1042,"[5, 14, 15, 23, 34, 43]",4,"[{""rank"": ""1등"", ""winners"": 20, ""prize_amount"": 1240663669}, {""rank"": ""2등"", ""winners"": 100, ""prize_amount"": 41355456}, {""rank"": ""3등"", ""winners"": 3567, ""prize_amount"": 1159391}, {""rank"": ""4등"", ""winners"": 157156, ""prize_amount"": 50000}, {""rank"": ""5등"", ""winners"": 2462593, ""prize_amount"": 5000}]",2022-11-19
1043,"[3, 5, 12, 22, 26, 31]",19,"[{""rank"": ""1등"", ""winners"": 17, ""prize_amount"": 1468646956}, {""rank"": ""2등"", ""winners"": 86, ""prize_amount"": 48385656}, {""rank"": ""3등"", ""winners"": 3156, ""prize_amount"": 1318494}, {""rank"": ""4등"", ""winners"": 155087, ""prize_amount"": 50000}, {""rank"": ""5등"", ""winners"": 2495858, ""prize_amount"": 5000}]",2022-11-26
1044,"[12, 17, 20, 26, 28, 36]",4,"[{""rank"": ""1등"", ""winners"": 8, ""prize_amount"": 3136941235}, {""rank"": ""2등"", ""winners"": 72, ""prize_amount"": 58091505}, {""rank"": ""3등"", ""winners"": 2597, ""prize_amount"": 1610547}, {""rank"": ""4등"", ""winners"": 134226, ""prize_amount"": 50000}, {""rank"": ""5등"", ""winners"": 2254796, ""prize_amount"": 5000}]",2022-12-03
1045,"[6, 14, 15, 19, 21, 41]",37,"[{""rank"": ""1등"", ""winners"": 13, ""prize_amount"": 1990060443}, {""rank"": ""2등"", ""winners"": 67, ""prize_amount"": 64355189}, {""rank"": ""3등"", ""winners"": 2699, ""prize_amount"": 1597554}, {""rank"": ""4등"", ""winners"": 135872, ""prize_amount"": 50000}, {""rank"": ""5등"", ""winners"": 2280432, ""prize_amount"": 5000}]",2022-12-10
1046,"[7, 16, 25, 29, 35, 36]",28,"[{""rank"": ""1등"", ""winners"": 12, ""prize_amount"": 2011415719}, {""rank"": ""2등"", ""winners"": 57, ""prize_amount"": 70575991}, {""rank"": ""3등"", ""winners"": 2959, ""prize_amount"": 1359524}, {""rank"": ""4등"", ""winners"": 139560, ""prize_amount"": 50000}, {""rank"": ""5등"", ""winners"": 2260269, ""prize_amount"": 5000}]",2022-12-17
1047,"[2, 20, 33, 40, 42, 44]",32,"[{""rank"": ""1등"", ""winners"": 9, ""prize_amount"": 2748797875}, {""rank"": ""2등"", ""winners"": 83, ""prize_amount"": 49677071}, {""rank"": ""3등"", ""winners"": 2728, ""prize_amount"": 1511436}, {""rank"": ""4등"", ""winners"": 139530, ""prize_amount"": 50000}, {""rank"": ""5등"", ""winners"": 2313403, ""prize_amount"": 5000}]",2022-12-24
1048,"[6, 12, 17, 21, 32, 39]",30,"[{""rank"": ""1등"", ""winners"": 17, ""prize_amount"": 1612494508}, {""rank"": ""2등"", ""winners"": 102, ""prize_amount"": 44791515}, {""rank"": ""3등"", ""winners"": 3817, ""prize_amount"": 1196944}, {""rank"": ""4등"", ""winners"": 170086, ""prize_amount"": 50000}, {""rank"": ""5등"", ""winners"": 2721555, ""prize_amount"": 5000}]",2022-12-31
1049,"[3, 5, 13, 20, 21, 37]",17,"[{""rank"": ""1등"", ""winners"": 15, ""prize_amount"": 1727810100}, {""rank"": ""2등"", ""winners"": 89, ""prize_amount"": 48533992}, {""rank"": ""3등"", ""winners"": 2968, ""prize_amount"": 1455366}, {""rank"": ""4등"", ""winners"": 147061, ""prize_amount"": 50000}, {""rank"": ""5등"", ""winners"": 2462622, ""prize_amount"": 5000}]",2023-01-07
1050,"[6, 12, 31, 35, 38, 43]",17,"[{""rank"": ""1등"", ""winners"": 17, ""prize_amount"": 1535083280}, {""rank"": ""2등"", ""winners"": 70, ""prize_amount"": 62134324}, {""rank"": ""3등"", ""winners"": 2866, ""prize_amount"": 1517587}, {""rank"": ""4등"", ""winners"": 144610, ""prize_amount"": 50000}, {""rank"": ""5등"", ""winners"": 2402116, ""prize_amount"": 5000}]",2023-01-14
1051,"[21, 26, 30, 32, 33, 35]",44,"[{""rank"": ""1등"", ""winners"": 18, ""prize_amount"": 1669558480}, {""rank"": ""2등"", ""winners"": 70, ""prize_amount"": 71552507}, {""rank"": ""3등"", ""winners"": 2824, ""prize_amount"": 1773611}, {""rank"": ""4등"", ""winners"": 143314, ""prize_amount"": 50000}, {""rank"": ""5등"", ""winners"": 2477370, ""prize_amount"": 5000}]",2023-01-21
1052,"[5, 17, 26, 27, 35, 38]",1,"[{""rank"": ""1등"", ""winners"": 11, ""prize_amount"": 2341682762}, {""rank"": ""2등"", ""winners"": 108, ""prize_amount"": 39750788}, {""rank"": ""3등"", ""winners"": 2926, ""prize_amount"": 1467220}, {""rank"": ""4등"", ""winners"": 148178, ""prize_amount"": 50000}, {""rank"": ""5등"", ""winners"": 2405830, ""prize_amount"": 5000}]",2023-01-28
1053,"[22, 26, 29, 30, 34, 45]",15,"[{""rank"": ""1등"", ""winners"": 7, ""prize_amount"": 4090367411}, {""rank"": ""2등"", ""winners"": 64, ""prize_amount"": 74563990}, {""rank"": ""3등"", ""winners"": 2702, ""prize_amount"": 1766135}, {""rank"": ""4등"", ""winners"": 136905, ""prize_amount"": 50000}, {""rank"": ""5등"", ""winners"": 2367764, ""prize_amount"": 5000}]",2023-02-04
1054,"[14, 19, 27, 28, 30, 45]",33,"[{""rank"": ""1등"", ""winners"": 9, ""prize_amount"": 3147925709}, {""rank"": ""2등"", ""winners"": 66, ""prize_amount"": 71543767}, {""rank"": ""3등"", ""winners"": 2714, ""prize_amount"": 1739827}, {""rank"": ""4등"", ""winners"": 140308, ""prize_amount"": 50000}, {""rank"": ""5등"", ""winners"": 2407955, ""prize_amount"": 5000}]",2023-02-11
1055,"[4, 7, 12, 14, 22, 33]",31,"[{""rank"": ""1등"", ""winners"": 11, ""prize_amount"": 2362815205}, {""rank"": ""2등"", ""winners"": 92, ""prize_amount"": 47085086}, {""rank"": ""3등"", ""winners"": 3413, ""prize_amount"": 1269215}, {""rank"": ""4등"", ""winners"": 165590, ""prize_amount"": 50000}, {""rank"": ""5등"", ""winners"": 2662001, ""prize_amount"": 5000}]",2023-02-18
1056,"[13, 20, 24, 32, 36, 45]",29,"[{""rank"": ""1등"", ""winners"": 14, ""prize_amount"": 1969662456}, {""rank"": ""2등"", ""winners"": 81, ""prize_amount"": 56739248}, {""rank"": ""3등"", ""winners"": 3223, ""prize_amount"": 1425964}, {""rank"": ""4등"", ""winners"": 150996, ""prize_amount"": 50000}, {""rank"": ""5등"", ""winners"": 2464595, ""prize_amount"": 5000}]",2023-02-25
1057,"[8, 13, 19, 27, 40, 45]",12,"[{""rank"": ""1등"", ""winners"": 17, ""prize_amount"": 1616069714}, {""rank"": ""2등"", ""winners"": 664, ""prize_amount"": 6895880}, {""rank"": ""3등"", ""winners"": 2962, ""prize_amount"": 1545870}, {""rank"": ""4등"", ""winners"": 146471, ""prize_amount"": 50000}, {""rank"": ""5등"", ""winners"": 2461496, ""prize_amount"": 5000}]",2023-03-04
1058,"[11, 23, 25, 30, 32, 40]",42,"[{""rank"": ""1등"", ""winners"": 13, ""prize_amount"": 2058020250}, {""rank"": ""2등"", ""winners"": 60, ""prize_amount"": 74317398}, {""rank"": ""3등"", ""winners"": 3074, ""prize_amount"": 1450568}, {""rank"": ""4등"", ""winners"": 152446, ""prize_amount"": 50000}, {""rank"": ""5등"", ""winners"": 2545208, ""prize_amount"": 5000}]",2023-03-11
1059,"[7, 10, 22, 25, 34, 40]",27,"[{""rank"": ""1등"", ""winners"": 13, ""prize_amount"": 2033168481}, {""rank"": ""2등"", ""winners"": 83, ""prize_amount"": 53074680}, {""rank"": ""3등"", ""winners"": 3127, ""prize_amount"": 1408762}, {""rank"": ""4등"", ""winners"": 151941, ""prize_amount"": 50000}, {""rank"": ""5등"", ""winners"": 2516955, ""prize_amount"": 5000}]",2023-03-18
1060,"[3, 10, 24, 33, 38, 45]",36,"[{""rank"": ""1등"", ""winners"": 28, ""prize_amount"": 898238907}, {""rank"": ""2등"", ""winners"": 96, ""prize_amount"": 43664392}, {""rank"": ""3등"", ""winners"": 4593, ""prize_amount"": 912646}, {""rank"": ""4등"", ""winners"": 179475, ""prize_amount"": 50000}, {""rank"": ""5등"", ""winners"": 2566118, ""prize_amount"": 5000}]",2023-03-25
1061,"[4, 24, 27, 35, 37, 45]",15,"[{""rank"": ""1등"", ""winners"": 11, ""prize_amount"": 2422768773}, {""rank"": ""2등"", ""winners"": 99, ""prize_amount"": 44866089}, {""rank"": ""3등"", ""winners"": 3003, ""prize_amount"": 1479102}, {""rank"": ""4등"", ""winners"": 145857, ""prize_amount"": 50000}, {""rank"": ""5등"", ""winners"": 2425576, ""prize_amount"": 5000}]",2023-04-01
1062,"[20, 31, 32, 40, 41, 45]",12,"[{""rank"": ""1등"", ""winners"": 7, ""prize_amount"": 3801933804}, {""rank"": ""2등"", ""winners"": 68, ""prize_amount"": 65229257}, {""rank"": ""3등"", ""winners"": 2668, ""prize_amount"": 1662515}, {""rank"": ""4등"", ""winners"": 133599, ""prize_amount"": 50000}, {""rank"": ""5등"", ""winners"": 2278058, ""prize_amount"": 5000}]",2023-04-08
1063,"[3, 6, 22, 23, 24, 38]",30,"[{""rank"": ""1등"", ""winners"": 7, ""prize_amount"": 3770311875}, {""rank"": ""2등"", ""winners"": 55, ""prize_amount"": 79976313}, {""rank"": ""3등"", ""winners"": 2706, ""prize_amount"": 1625535}, {""rank"": ""4등"", ""winners"": 139518, ""prize_amount"": 50000}, {""rank"": ""5등"", ""winners"": 2401618, ""prize_amount"": 5000}]",2023-04-15
1064,"[3, 6, 9, 18, 22, 35]",14,"[{""rank"": ""1등"", ""winners"": 19, ""prize_amount"": 1348168106}, {""rank"": ""2등"", ""winners"": 62, ""prize_amount"": 68858049}, {""rank"": ""3등"", ""winners"": 3296, ""prize_amount"": 1295267}, {""rank"": ""4등"", ""winners"": 158665, ""prize_amount"": 50000}, {""rank"": ""5등"", ""winners"": 2525390, ""prize_amount"": 5000}]",2023-04-22
1065,"[3, 18, 19, 23, 32, 45]",24,"[{""rank"": ""1등"", ""winners"": 14, ""prize_amount"": 1852593938}, {""rank"": ""2등"", ""winners"": 74, ""prize_amount"": 58415125}, {""rank"": ""3등"", ""winners"": 3117, ""prize_amount"": 1386821}, {""rank"": ""4등"", ""winners"": 148561, ""prize_amount"": 50000}, {""rank"": ""5등"", ""winners"": 2416212, ""prize_amount"": 5000}]",2023-04-29
1066,"[6, 11, 16, 19, 21, 32]",45,"[{""rank"": ""1등"", ""winners"": 15, ""prize_amount"": 1670947250}, {""rank"": ""2등"", ""winners"": 88, ""prize_amount"": 47470093}, {""rank"": ""3등"", ""winners"": 3323, ""prize_amount"": 1257108}, {""rank"": ""4등"", ""winners"": 152826, ""prize_amount"": 50000}, {""rank"": ""5등"", ""winners"": 2432046, ""prize_amount"": 5000}]",2023-05-06
1067,"[7, 10, 19, 23, 28, 33]",18,"[{""rank"": ""1등"", ""winners"": 13, ""prize_amount"": 1981114010}, {""rank"": ""2등"", ""winners"": 82, ""prize_amount"": 52346509}, {""rank"": ""3등"", ""winners"": 3679, ""prize_amount"": 1166734}, {""rank"": ""4등"", ""winners"": 163488, ""prize_amount"": 50000}, {""rank"": ""5등"", ""winners"": 2567588, ""prize_amount"": 5000}]",2023-05-13
1068,"[4, 7, 19, 26, 33, 35]",3,"[{""rank"": ""1등"", ""winners"": 19, ""prize_amount"": 1363929514}, {""rank"": ""2등"", ""winners"": 87, ""prize_amount"": 49644944}, {""rank"": ""3등"", ""winners"": 3114, ""prize_amount"": 1386998}, {""rank"": ""4등"", ""winners"": 150789, ""prize_amount"": 50000}, {""rank"": ""5등"", ""winners"": 2480427, ""prize_amount"": 5000}]",2023-05-20
1069,"[1, 10, 18, 22, 28, 31]",44,"[{""rank"": ""1등"", ""winners"": 14, ""prize_amount"": 1863217554}, {""rank"": ""2등"", ""winners"": 79, ""prize_amount"": 55031743}, {""rank"": ""3등"", ""winners"": 3006, ""prize_amount"": 1446277}, {""rank"": ""4등"", ""winners"": 146335, ""prize_amount"": 50000}, {""rank"": ""5등"", ""winners"": 2419527, ""prize_amount"": 5000}]",2023-05-27
1070,"[3, 6, 14, 22, 30, 41]",36,"[{""rank"": ""1등"", ""winners"": 14, ""prize_amount"": 1859116929}, {""rank"": ""2등"", ""winners"": 63, ""prize_amount"": 68856183}, {""rank"": ""3등"", ""winners"": 2938, ""prize_amount"": 1476495}, {""rank"": ""4등"", ""winners"": 142759, ""prize_amount"": 50000}, {""rank"": ""5등"", ""winners"": 2353987, ""prize_amount"": 5000}]",2023-06-03
1071,"[1, 2, 11, 21, 30, 35]",39,"[{""rank"": ""1등"", ""winners"": 5, ""prize_amount"": 5183979750}, {""rank"": ""2등"", ""winners"": 83, ""prize_amount"": 52047990}, {""rank"": ""3등"", ""winners"": 2891, ""prize_amount"": 1494287}, {""rank"": ""4등"", ""winners"": 143234, ""prize_amount"": 50000}, {""rank"": ""5등"", ""winners"": 2391950, ""prize_amount"": 5000}]",2023-06-10
1072,"[16, 18, 20, 23, 32, 43]",27,"[{""rank"": ""1등"", ""winners"": 12, ""prize_amount"": 2175006375}, {""rank"": ""2등"", ""winners"": 93, ""prize_amount"": 46774331}, {""rank"": ""3등"", ""winners"": 2872, ""prize_amount"": 1514629}, {""rank"": ""4등"", ""winners"": 145504, ""prize_amount"": 50000}, {""rank"": ""5등"", ""winners"": 2400605, ""prize_amount"": 5000}]",2023-06-17
1073,"[6, 18, 28, 30, 32, 38]",15,"[{""rank"": ""1등"", ""winners"": 11, ""prize_amount"": 2345227603}, {""rank"": ""2등"", ""winners"": 62, ""prize_amount"": 69348129}, {""rank"": ""3등"", ""winners"": 2994, ""prize_amount"": 1436067}, {""rank"": ""4등"", ""winners"": 146834, ""prize_amount"": 50000}, {""rank"": ""5등"", ""winners"": 2387538, ""prize_amount"": 5000}]",2023-06-24
1074,"[1, 6, 20, 27, 28, 41]",15,"[{""rank"": ""1등"", ""winners"": 12, ""prize_amount"": 2134763657}, {""rank"": ""2등"", ""winners"": 78, ""prize_amount"": 54737530}, {""rank"": ""3등"", ""winners"": 2711, ""prize_amount"": 1574891}, {""rank"": ""4등"", ""winners"": 143155, ""prize_amount"": 50000}, {""rank"": ""5등"", ""winners"": 2311622, ""prize_amount"": 5000}]",2023-07-01
1075,"[1, 23, 24, 35, 44, 45]",10,"[{""rank"": ""1등"", ""winners"": 9, ""prize_amount"": 2896337167}, {""rank"": ""2등"", ""winners"": 160, ""prize_amount"": 27153161}, {""rank"": ""3등"", ""winners"": 2750, ""prize_amount"": 1579821}, {""rank"": ""4등"", ""winners"": 134529, ""prize_amount"": 50000}, {""rank"": ""5등"", ""winners"": 2267024, ""prize_amount"": 5000}]",2023-07-08
1076,"[3, 7, 9, 33, 36, 37]",10,"[{""rank"": ""1등"", ""winners"": 9, ""prize_amount"": 2672689750}, {""rank"": ""2등"", ""winners"": 86, ""prize_amount"": 46616682}, {""rank"": ""3등"", ""winners"": 3109, ""prize_amount"": 1289494}, {""rank"": ""4등"", ""winners"": 148521, ""prize_amount"": 50000}, {""rank"": ""5등"", ""winners"": 2417204, ""prize_amount"": 5000}]",2023-07-15
1077,"[4, 8, 17, 30, 40, 43]",34,"[{""rank"": ""1등"", ""winners"": 7, ""prize_amount"": 3570901018}, {""rank"": ""2등"", ""winners"": 98, ""prize_amount"": 42510727}, {""rank"": ""3등"", ""winners"": 3235, ""prize_amount"": 1287806}, {""rank"": ""4등"", ""winners"": 149808, ""prize_amount"": 50000}, {""rank"": ""5등"", ""winners"": 2428987, ""prize_amount"": 5000}]",2023-07-22
1078,"[6, 10, 11, 14, 36, 38]",43,"[{""rank"": ""1등"", ""winners"": 12, ""prize_amount"": 2141604938}, {""rank"": ""2등"", ""winners"": 77, ""prize_amount"": 55626103}, {""rank"": ""3등"", ""winners"": 2691, ""prize_amount"": 1591680}, {""rank"": ""4등"", ""winners"": 135352, ""prize_amount"": 50000}, {""rank"": ""5등"", ""winners"": 2334106, ""prize_amount"": 5000}]",2023-07-29
1079,"[4, 8, 18, 24, 37, 45]",6,"[{""rank"": ""1등"", ""winners"": 9, ""prize_amount"": 2712329417}, {""rank"": ""2등"", ""winners"": 85, ""prize_amount"": 47864637}, {""rank"": ""3등"", ""winners"": 3212, ""prize_amount"": 1266655}, {""rank"": ""4등"", ""winners"": 145773, ""prize_amount"": 50000}, {""rank"": ""5등"", ""winners"": 2344700, ""prize_amount"": 5000}]",2023-08-05
1080,"[13, 16, 23, 31, 36, 44]",38,"[{""rank"": ""1등"", ""winners"": 7, ""prize_amount"": 3639444429}, {""rank"": ""2등"", ""winners"": 82, ""prize_amount"": 51780714}, {""rank"": ""3등"", ""winners"": 2720, ""prize_amount"": 1561037}, {""rank"": ""4등"", ""winners"": 136257, ""prize_amount"": 50000}, {""rank"": ""5등"", ""winners"": 2254999, ""prize_amount"": 5000}]",2023-08-12
1081,"[1, 9, 16, 23, 24, 38]",17,"[{""rank"": ""1등"", ""winners"": 11, ""prize_amount"": 2343892944}, {""rank"": ""2등"", ""winners"": 92, ""prize_amount"": 46708012}, {""rank"": ""3등"", ""winners"": 2923, ""prize_amount"": 1470112}, {""rank"": ""4등"", ""winners"": 143152, ""prize_amount"": 50000}, {""rank"": ""5등"", ""winners"": 2390493, ""prize_amount"": 5000}]",2023-08-19
1082,"[21, 26, 27, 32, 34, 42]",31,"[{""rank"": ""1등"", ""winners"": 7, ""prize_amount"": 3720489643}, {""rank"": ""2등"", ""winners"": 62, ""prize_amount"": 70009214}, {""rank"": ""3등"", ""winners"": 2768, ""prize_amount"": 1568126}, {""rank"": ""4등"", ""winners"": 142123, ""prize_amount"": 50000}, {""rank"": ""5등"", ""winners"": 2390544, ""prize_amount"": 5000}]",2023-08-26
1083,"[3, 7, 14, 15, 22, 38]",17,"[{""rank"": ""1등"", ""winners"": 15, ""prize_amount"": 1713084525}, {""rank"": ""2등"", ""winners"": 72, ""prize_amount"": 59482102}, {""rank"": ""3등"", ""winners"": 3274, ""prize_amount"": 1308098}, {""rank"": ""4등"", ""winners"": 154536, ""prize_amount"": 50000}, {""rank"": ""5등"", ""winners"": 2501816, ""prize_amount"": 5000}]",2023-09-02
1084,"[8, 12, 13, 29, 33, 42]",5,"[{""rank"": ""1등"", ""winners"": 15, ""prize_amount"": 1738764600}, {""rank"": ""2등"", ""winners"": 107, ""prize_amount"": 40625342}, {""rank"": ""3등"", ""winners"": 3003, ""prize_amount"": 1447523}, {""rank"": ""4등"", ""winners"": 151391, ""prize_amount"": 50000}, {""rank"": ""5등"", ""winners"": 2512924, ""prize_amount"": 5000}]",2023-09-09
1085,"[4, 7, 17, 18, 38, 44]",36,"[{""rank"": ""1등"", ""winners"": 23, ""prize_amount"": 1073277473}, {""rank"": ""2등"", ""winners"": 80, ""prize_amount"": 51427879}, {""rank"": ""3등"", ""winners"": 3471, ""prize_amount"": 1185316}, {""rank"": ""4등"", ""winners"": 156670, ""prize_amount"": 50000}, {""rank"": ""5등"", ""winners"": 2475529, ""prize_amount"": 5000}]",2023-09-16
1086,"[11, 16, 25, 27, 35, 36]",37,"[{""rank"": ""1등"", ""winners"": 17, ""prize_amount"": 1515913809}, {""rank"": ""2등"", ""winners"": 67, ""prize_amount"": 64105808}, {""rank"": ""3등"", ""winners"": 3270, ""prize_amount"": 1313483}, {""rank"": ""4등"", ""winners"": 155241, ""prize_amount"": 50000}, {""rank"": ""5등"", ""winners"": 2500478, ""prize_amount"": 5000}]",2023-09-23
1087,"[13, 14, 18, 21, 34, 44]",16,"[{""rank"": ""1등"", ""winners"": 16, ""prize_amount"": 1732253602}, {""rank"": ""2등"", ""winners"": 71, ""prize_amount"": 65061169}, {""rank"": ""3등"", ""winners"": 2989, ""prize_amount"": 1545448}, {""rank"": ""4등"", ""winners"": 149854, ""prize_amount"": 50000}, {""rank"": ""5등"", ""winners"": 2506601, ""prize_amount"": 5000}]",2023-09-30
1088,"[11, 21, 22, 30, 39, 44]",31,"[{""rank"": ""1등"", ""winners"": 11, ""prize_amount"": 2434697898}, {""rank"": ""2등"", ""winners"": 94, ""prize_amount"": 47485243}, {""rank"": ""3등"", ""winners"": 2991, ""prize_amount"": 1492348}, {""rank"": ""4등"", ""winners"": 141487, ""prize_amount"": 50000}, {""rank"": ""5등"", ""winners"": 2352280, ""prize_amount"": 5000}]",2023-10-07
1089,"[4, 18, 31, 37, 42, 43]",40,"[{""rank"": ""1등"", ""winners"": 9, ""prize_amount"": 2978522167}, {""rank"": ""2등"", ""winners"": 79, ""prize_amount"": 56554219}, {""rank"": ""3등"", ""winners"": 2825, ""prize_amount"": 1581517}, {""rank"": ""4등"", ""winners"": 138575, ""prize_amount"": 50000}, {""rank"": ""5등"", ""winners"": 2338390, ""prize_amount"": 5000}]",2023-10-14
1090,"[12, 19, 21, 29, 40, 45]",1,"[{""rank"": ""1등"", ""winners"": 11, ""prize_amount"": 2386494614}, {""rank"": ""2등"", ""winners"": 88, ""prize_amount"": 49718638}, {""rank"": ""3등"", ""winners"": 2931, ""prize_amount"": 1492747}, {""rank"": ""4등"", ""winners"": 143714, ""prize_amount"": 50000}, {""rank"": ""5등"", ""winners"": 2398962, ""prize_amount"": 5000}]",2023-10-21
1091,"[6, 20, 23, 24, 28, 30]",44,"[{""rank"": ""1등"", ""winners"": 9, ""prize_amount"": 2898470459}, {""rank"": ""2등"", ""winners"": 65, ""prize_amount"": 66887780}, {""rank"": ""3등"", ""winners"": 2873, ""prize_amount"": 1513299}, {""rank"": ""4등"", ""winners"": 149578, ""prize_amount"": 50000}, {""rank"": ""5등"", ""winners"": 2481449, ""prize_amount"": 5000}]",2023-10-28
1092,"[7, 18, 19, 26, 33, 45]",37,"[{""rank"": ""1등"", ""winners"": 16, ""prize_amount"": 1583289844}, {""rank"": ""2등"", ""winners"": 84, ""prize_amount"": 50263170}, {""rank"": ""3등"", ""winners"": 3327, ""prize_amount"": 1269044}, {""rank"": ""4등"", ""winners"": 160096, ""prize_amount"": 50000}, {""rank"": ""5등"", ""winners"": 2540721, ""prize_amount"": 5000}]",2023-11-04
1093,"[10, 17, 22, 30, 35, 43]",44,"[{""rank"": ""1등"", ""winners"": 13, ""prize_amount"": 1967040750}, {""rank"": ""2등"", ""winners"": 65, ""prize_amount"": 65568025}, {""rank"": ""3등"", ""winners"": 2928, ""prize_amount"": 1455575}, {""rank"": ""4등"", ""winners"": 141232, ""prize_amount"": 50000}, {""rank"": ""5등"", ""winners"": 2327509, ""prize_amount"": 5000}]",2023-11-11
1094,"[6, 7, 15, 22, 26, 40]",41,"[{""rank"": ""1등"", ""winners"": 12, ""prize_amount"": 2112854469}, {""rank"": ""2등"", ""winners"": 87, ""prize_amount"": 48571368}, {""rank"": ""3등"", ""winners"": 2725, ""prize_amount"": 1550719}, {""rank"": ""4등"", ""winners"": 136802, ""prize_amount"": 50000}, {""rank"": ""5등"", ""winners"": 2278728, ""prize_amount"": 5000}]",2023-11-18
1095,"[8, 14, 28, 29, 34, 40]",12,"[{""rank"": ""1등"", ""winners"": 10, ""prize_amount"": 2617825575}, {""rank"": ""2등"", ""winners"": 57, ""prize_amount"": 76544608}, {""rank"": ""3등"", ""winners"": 2584, ""prize_amount"": 1688484}, {""rank"": ""4등"", ""winners"": 135653, ""prize_amount"": 50000}, {""rank"": ""5등"", ""winners"": 2278659, ""prize_amount"": 5000}]",2023-11-25
1096,"[1, 12, 16, 19, 23, 43]",34,"[{""rank"": ""1등"", ""winners"": 10, ""prize_amount"": 2539391175}, {""rank"": ""2등"", ""winners"": 85, ""prize_amount"": 49791984}, {""rank"": ""3등"", ""winners"": 2924, ""prize_amount"": 1447442}, {""rank"": ""4등"", ""winners"": 141700, ""prize_amount"": 50000}, {""rank"": ""5등"", ""winners"": 2386598, ""prize_amount"": 5000}]",2023-12-02
1097,"[14, 33, 34, 35, 37, 40]",4,"[{""rank"": ""1등"", ""winners"": 7, ""prize_amount"": 3864293090}, {""rank"": ""2등"", ""winners"": 67, ""prize_amount"": 67288686}, {""rank"": ""3등"", ""winners"": 2631, ""prize_amount"": 1713547}, {""rank"": ""4등"", ""winners"": 135670, ""prize_amount"": 50000}, {""rank"": ""5등"", ""winners"": 2317263, ""prize_amount"": 5000}]",2023-12-09
1098,"[12, 16, 21, 24, 41, 43]",15,"[{""rank"": ""1등"", ""winners"": 13, ""prize_amount"": 1930461895}, {""rank"": ""2등"", ""winners"": 68, ""prize_amount"": 61509816}, {""rank"": ""3등"", ""winners"": 2840, ""prize_amount"": 1472771}, {""rank"": ""4등"", ""winners"": 138090, ""prize_amount"": 50000}, {""rank"": ""5등"", ""winners"": 2311866, ""prize_amount"": 5000}]",2023-12-16
1099,"[3, 20, 28, 38, 40, 43]",4,"[{""rank"": ""1등"", ""winners"": 9, ""prize_amount"": 2959934125}, {""rank"": ""2등"", ""winners"": 71, ""prize_amount"": 62533820}, {""rank"": ""3등"", ""winners"": 2701, ""prize_amount"": 1643800}, {""rank"": ""4등"", ""winners"": 134122, ""prize_amount"": 50000}, {""rank"": ""5등"", ""winners"": 2306011, ""prize_amount"": 5000}]",2023-12-23
1100,"[17, 26, 29, 30, 31, 43]",12,"[{""rank"": ""1등"", ""winners"": 13, ""prize_amount"": 2207575472}, {""rank"": ""2등"", ""winners"": 81, ""prize_amount"": 59050373}, {""rank"": ""3등"", ""winners"": 2869, ""prize_amount"": 1667160}, {""rank"": ""4등"", ""winners"": 146262, ""prize_amount"": 50000}, {""rank"": ""5등"", ""winners"": 2503154, ""prize_amount"": 5000}]",2023-12-30
1101,"[6, 7, 13, 28, 36, 42]",41,"[{""rank"": ""1등"", ""winners"": 13, ""prize_amount"": 2100529500}, {""rank"": ""2등"", ""winners"": 75, ""prize_amount"": 60681964}, {""rank"": ""3등"", ""winners"": 3363, ""prize_amount"": 1353300}, {""rank"": ""4등"", ""winners"": 159797, ""prize_amount"": 50000}, {""rank"": ""5등"", ""winners"": 2596082, ""prize_amount"": 5000}]",2024-01-06
1102,"[13, 14, 22, 26, 37, 38]",20,"[{""rank"": ""1등"", ""winners"": 20, ""prize_amount"": 1383591413}, {""rank"": ""2등"", ""winners"": 63, ""prize_amount"": 73205895}, {""rank"": ""3등"", ""winners"": 3042, ""prize_amount"": 1516099}, {""rank"": ""4등"", ""winners"": 147705, ""prize_amount"": 50000}, {""rank"": ""5등"", ""winners"": 2461606, ""prize_amount"": 5000}]",2024-01-13
1103,"[10, 12, 29, 31, 40, 44]",2,"[{""rank"": ""1등"", ""winners"": 17, ""prize_amount"": 1574419633}, {""rank"": ""2등"", ""winners"": 76, ""prize_amount"": 58695469}, {""rank"": ""3등"", ""winners"": 2909, ""prize_amount"": 1533468}, {""rank"": ""4등"", ""winners"": 144537, ""prize_amount"": 50000}, {""rank"": ""5등"", ""winners"": 2436768, ""prize_amount"": 5000}]",2024-01-20
1104,"[1, 7, 21, 30, 35, 38]",2,"[{""rank"": ""1등"", ""winners"": 15, ""prize_amount"": 1817193100}, {""rank"": ""2등"", ""winners"": 76, ""prize_amount"": 59776089}, {""rank"": ""3등"", ""winners"": 3000, ""prize_amount"": 1514328}, {""rank"": ""4등"", ""winners"": 148589, ""prize_amount"": 50000}, {""rank"": ""5등"", ""winners"": 2490276, ""prize_amount"": 5000}]",2024-01-27
1105,"[6, 16, 34, 37, 39, 40]",11,"[{""rank"": ""1등"", ""winners"": 15, ""prize_amount"": 1834853800}, {""rank"": ""2등"", ""winners"": 83, ""prize_amount"": 55266681}, {""rank"": ""3등"", ""winners"": 2898, ""prize_amount"": 1582863}, {""rank"": ""4등"", ""winners"": 148700, ""prize_amount"": 50000}, {""rank"": ""5등"", ""winners"": 2503114, ""prize_amount"": 5000}]",2024-02-03
1106,"[1, 3, 4, 29, 42, 45]",36,"[{""rank"": ""1등"", ""winners"": 11, ""prize_amount"": 2790462819}, {""rank"": ""2등"", ""winners"": 67, ""prize_amount"": 76355948}, {""rank"": ""3등"", ""winners"": 3374, ""prize_amount"": 1516257}, {""rank"": ""4등"", ""winners"": 168792, ""prize_amount"": 50000}, {""rank"": ""5등"", ""winners"": 2788452, ""prize_amount"": 5000}]",2024-02-10
1107,"[6, 14, 30, 31, 40, 41]",29,"[{""rank"": ""1등"", ""winners"": 14, ""prize_amount"": 2025625233}, {""rank"": ""2등"", ""winners"": 82, ""prize_amount"": 57639743}, {""rank"": ""3등"", ""winners"": 3357, ""prize_amount"": 1407942}, {""rank"": ""4등"", ""winners"": 162265, ""prize_amount"": 50000}, {""rank"": ""5등"", ""winners"": 2581512, ""prize_amount"": 5000}]",2024-02-17
1108,"[7, 19, 26, 37, 39, 44]",27,"[{""rank"": ""1등"", ""winners"": 14, ""prize_amount"": 1957990849}, {""rank"": ""2등"", ""winners"": 96, ""prize_amount"": 47590056}, {""rank"": ""3등"", ""winners"": 3227, ""prize_amount"": 1415757}, {""rank"": ""4등"", ""winners"": 157579, ""prize_amount"": 50000}, {""rank"": ""5등"", ""winners"": 2572268, ""prize_amount"": 5000}]",2024-02-24
1109,"[10, 12, 13, 19, 33, 40]",2,"[{""rank"": ""1등"", ""winners"": 17, ""prize_amount"": 1584352875}, {""rank"": ""2등"", ""winners"": 84, ""prize_amount"": 53440474}, {""rank"": ""3등"", ""winners"": 3347, ""prize_amount"": 1341202}, {""rank"": ""4등"", ""winners"": 180255, ""prize_amount"": 50000}, {""rank"": ""5등"", ""winners"": 2734683, ""prize_amount"": 5000}]",2024-03-02
1110,"[3, 7, 11, 20, 22, 41]",24,"[{""rank"": ""1등"", ""winners"": 16, ""prize_amount"": 1647392719}, {""rank"": ""2등"", ""winners"": 118, ""prize_amount"": 37229214}, {""rank"": ""3등"", ""winners"": 3654, ""prize_amount"": 1202258}, {""rank"": ""4등"", ""winners"": 173234, ""prize_amount"": 50000}, {""rank"": ""5등"", ""winners"": 2747163, ""prize_amount"": 5000}]",2024-03-09
1111,"[3, 13, 30, 33, 43, 45]",4,"[{""rank"": ""1등"", ""winners"": 16, ""prize_amount"": 1714662540}, {""rank"": ""2등"", ""winners"": 97, ""prize_amount"": 47138490}, {""rank"": ""3등"", ""winners"": 5096, ""prize_amount"": 897260}, {""rank"": ""4등"", ""winners"": 171363, ""prize_amount"": 50000}, {""rank"": ""5등"", ""winners"": 2608760, ""prize_amount"": 5000}]",2024-03-16
1112,"[16, 20, 26, 36, 42, 44]",24,"[{""rank"": ""1등"", ""winners"": 10, ""prize_amount"": 2804455650}, {""rank"": ""2등"", ""winners"": 59, ""prize_amount"": 79221912}, {""rank"": ""3등"", ""winners"": 3077, ""prize_amount"": 1519043}, {""rank"": ""4등"", ""winners"": 148163, ""prize_amount"": 50000}, {""rank"": ""5등"", ""winners"": 2461430, ""prize_amount"": 5000}]",2024-03-23
1113,"[11, 13, 20, 21, 32, 44]",8,"[{""rank"": ""1등"", ""winners"": 14, ""prize_amount"": 1987426822}, {""rank"": ""2등"", ""winners"": 57, ""prize_amount"": 81356654}, {""rank"": ""3등"", ""winners"": 2936, ""prize_amount"": 1579472}, {""rank"": ""4등"", ""winners"": 146997, ""prize_amount"": 50000}, {""rank"": ""5등"", ""winners"": 2444535, ""prize_amount"": 5000}]",2024-03-30
1114,"[10, 16, 19, 32, 33, 38]",3,"[{""rank"": ""1등"", ""winners"": 17, ""prize_amount"": 1583813824}, {""rank"": ""2등"", ""winners"": 88, ""prize_amount"": 50994006}, {""rank"": ""3등"", ""winners"": 3221, ""prize_amount"": 1393193}, {""rank"": ""4등"", ""winners"": 160537, ""prize_amount"": 50000}, {""rank"": ""5등"", ""winners"": 2574463, ""prize_amount"": 5000}]",2024-04-06
1115,"[7, 12, 23, 32, 34, 36]",8,"[{""rank"": ""1등"", ""winners"": 12, ""prize_amount"": 2257278282}, {""rank"": ""2등"", ""winners"": 60, ""prize_amount"": 75242610}, {""rank"": ""3등"", ""winners"": 3103, ""prize_amount"": 1454901}, {""rank"": ""4등"", ""winners"": 158614, ""prize_amount"": 50000}, {""rank"": ""5등"", ""winners"": 2584491, ""prize_amount"": 5000}]",2024-04-13
1116,"[15, 16, 17, 25, 30, 31]",32,"[{""rank"": ""1등"", ""winners"": 10, ""prize_amount"": 2695000238}, {""rank"": ""2등"", ""winners"": 114, ""prize_amount"": 39400589}, {""rank"": ""3등"", ""winners"": 2896, ""prize_amount"": 1550991}, {""rank"": ""4등"", ""winners"": 145548, ""prize_amount"": 50000}, {""rank"": ""5등"", ""winners"": 2444108, ""prize_amount"": 5000}]",2024-04-20
1117,"[3, 4, 9, 30, 33, 36]",7,"[{""rank"": ""1등"", ""winners"": 9, ""prize_amount"": 3028385542}, {""rank"": ""2등"", ""winners"": 94, ""prize_amount"": 48325302}, {""rank"": ""3등"", ""winners"": 3161, ""prize_amount"": 1437071}, {""rank"": ""4등"", ""winners"": 155379, ""prize_amount"": 50000}, {""rank"": ""5등"", ""winners"": 2567618, ""prize_amount"": 5000}]",2024-04-27
1118,"[11, 13, 14, 15, 16, 45]",3,"[{""rank"": ""1등"", ""winners"": 19, ""prize_amount"": 1477445132}, {""rank"": ""2등"", ""winners"": 72, ""prize_amount"": 64980226}, {""rank"": ""3등"", ""winners"": 3518, ""prize_amount"": 1329897}, {""rank"": ""4등"", ""winners"": 145194, ""prize_amount"": 50000}, {""rank"": ""5등"", ""winners"": 2435050, ""prize_amount"": 5000}]",2024-05-04
1119,"[1, 9, 12, 13, 20, 45]",3,"[{""rank"": ""1등"", ""winners"": 19, ""prize_amount"": 1396028764}, {""rank"": ""2등"", ""winners"": 97, ""prize_amount"": 45574823}, {""rank"": ""3등"", ""winners"": 3108, ""prize_amount"": 1422381}, {""rank"": ""4등"", ""winners"": 155000, ""prize_amount"": 50000}, {""rank"": ""5등"", ""winners"": 2560859, ""prize_amount"": 5000}]",2024-05-11
1120,"[2, 19, 26, 31, 38, 41]",34,"[{""rank"": ""1등"", ""winners"": 11, ""prize_amount"": 2522163375}, {""rank"": ""2등"", ""winners"": 91, ""prize_amount"": 50812816}, {""rank"": ""3등"", ""winners"": 3049, ""prize_amount"": 1516552}, {""rank"": ""4등"", ""winners"": 154910, ""prize_amount"": 50000}, {""rank"": ""5등"", ""winners"": 2532990, ""prize_amount"": 5000}]",2024-05-18
1121,"[6, 24, 31, 32, 38, 44]",8,"[{""rank"": ""1등"", ""winners"": 11, ""prize_amount"": 2524513262}, {""rank"": ""2등"", ""winners"": 76, ""prize_amount"": 60898347}, {""rank"": ""3등"", ""winners"": 2956, ""prize_amount"": 1565723}, {""rank"": ""4등"", ""winners"": 148984, ""prize_amount"": 50000}, {""rank"": ""5등"", ""winners"": 2494773, ""prize_amount"": 5000}]",2024-05-25
1122,"[3, 6, 21, 30, 34, 35]",22,"[{""rank"": ""1등"", ""winners"": 11, ""prize_amount"": 2556266046}, {""rank"": ""2등"", ""winners"": 99, ""prize_amount"": 47338261}, {""rank"": ""3등"", ""winners"": 2932, ""prize_amount"": 1598393}, {""rank"": ""4등"", ""winners"": 151473, ""prize_amount"": 50000}, {""rank"": ""5등"", ""winners"": 2540890, ""prize_amount"": 5000}]",2024-06-01
1123,"[13, 19, 21, 24, 34, 35]",26,"[{""rank"": ""1등"", ""winners"": 16, ""prize_amount"": 1731310711}, {""rank"": ""2등"", ""winners"": 77, ""prize_amount"": 59958813}, {""rank"": ""3등"", ""winners"": 2945, ""prize_amount"": 1567684}, {""rank"": ""4등"", ""winners"": 147087, ""prize_amount"": 50000}, {""rank"": ""5등"", ""winners"": 2456500, ""prize_amount"": 5000}]",2024-06-08
1124,"[3, 8, 17, 30, 33, 34]",28,"[{""rank"": ""1등"", ""winners"": 10, ""prize_amount"": 2623327913}, {""rank"": ""2등"", ""winners"": 87, ""prize_amount"": 50255324}, {""rank"": ""3등"", ""winners"": 3123, ""prize_amount"": 1400005}, {""rank"": ""4등"", ""winners"": 158630, ""prize_amount"": 50000}, {""rank"": ""5등"", ""winners"": 2619643, ""prize_amount"": 5000}]",2024-06-15
1125,"[6, 14, 25, 33, 40, 44]",30,"[{""rank"": ""1등"", ""winners"": 12, ""prize_amount"": 2195289188}, {""rank"": ""2등"", ""winners"": 78, ""prize_amount"": 56289467}, {""rank"": ""3등"", ""winners"": 3066, ""prize_amount"": 1432022}, {""rank"": ""4등"", ""winners"": 147313, ""prize_amount"": 50000}, {""rank"": ""5등"", ""winners"": 2442674, ""prize_amount"": 5000}]",2024-06-22
1126,"[4, 5, 9, 11, 37, 40]",7,"[{""rank"": ""1등"", ""winners"": 11, ""prize_amount"": 2386382421}, {""rank"": ""2등"", ""winners"": 91, ""prize_amount"": 48077302}, {""rank"": ""3등"", ""winners"": 3114, ""prize_amount"": 1404957}, {""rank"": ""4등"", ""winners"": 157300, ""prize_amount"": 50000}, {""rank"": ""5등"", ""winners"": 2626764, ""prize_amount"": 5000}]",2024-06-29
1127,"[10, 15, 24, 30, 31, 37]",32,"[{""rank"": ""1등"", ""winners"": 12, ""prize_amount"": 2267891969}, {""rank"": ""2등"", ""winners"": 84, ""prize_amount"": 53997428}, {""rank"": ""3등"", ""winners"": 3007, ""prize_amount"": 1508409}, {""rank"": ""4등"", ""winners"": 145646, ""prize_amount"": 50000}, {""rank"": ""5등"", ""winners"": 2443423, ""prize_amount"": 5000}]",2024-07-06
1128,"[1, 5, 8, 16, 28, 33]",45,"[{""rank"": ""1등"", ""winners"": 63, ""prize_amount"": 419925560}, {""rank"": ""2등"", ""winners"": 77, ""prize_amount"": 57262577}, {""rank"": ""3등"", ""winners"": 2987, ""prize_amount"": 1476137}, {""rank"": ""4등"", ""winners"": 153592, ""prize_amount"": 50000}, {""rank"": ""5등"", ""winners"": 2545750, ""prize_amount"": 5000}]",2024-07-13
1129,"[5, 10, 11, 17, 28, 34]",22,"[{""rank"": ""1등"", ""winners"": 11, ""prize_amount"": 2369567660}, {""rank"": ""2등"", ""winners"": 107, ""prize_amount"": 40600069}, {""rank"": ""3등"", ""winners"": 3142, ""prize_amount"": 1382625}, {""rank"": ""4등"", ""winners"": 154322, ""prize_amount"": 50000}, {""rank"": ""5등"", ""winners"": 2542398, ""prize_amount"": 5000}]",2024-07-20
1130,"[15, 19, 21, 25, 27, 28]",40,"[{""rank"": ""1등"", ""winners"": 12, ""prize_amount"": 2263301219}, {""rank"": ""2등"", ""winners"": 69, ""prize_amount"": 65602934}, {""rank"": ""3등"", ""winners"": 2900, ""prize_amount"": 1560898}, {""rank"": ""4등"", ""winners"": 137397, ""prize_amount"": 50000}, {""rank"": ""5등"", ""winners"": 2334975, ""prize_amount"": 5000}]",2024-07-27
1131,"[1, 2, 6, 14, 27, 38]",33,"[{""rank"": ""1등"", ""winners"": 17, ""prize_amount"": 1542367898}, {""rank"": ""2등"", ""winners"": 56, ""prize_amount"": 78036471}, {""rank"": ""3등"", ""winners"": 2861, ""prize_amount"": 1527453}, {""rank"": ""4등"", ""winners"": 144842, ""prize_amount"": 50000}, {""rank"": ""5등"", ""winners"": 2471592, ""prize_amount"": 5000}]",2024-08-03
1132,"[6, 7, 19, 28, 34, 41]",5,"[{""rank"": ""1등"", ""winners"": 11, ""prize_amount"": 2404951807}, {""rank"": ""2등"", ""winners"": 73, ""prize_amount"": 60398334}, {""rank"": ""3등"", ""winners"": 3086, ""prize_amount"": 1428736}, {""rank"": ""4등"", ""winners"": 148359, ""prize_amount"": 50000}, {""rank"": ""5등"", ""winners"": 2463697, ""prize_amount"": 5000}]",2024-08-10
1133,"[13, 14, 20, 28, 29, 34]",23,"[{""rank"": ""1등"", ""winners"": 13, ""prize_amount"": 2105079491}, {""rank"": ""2등"", ""winners"": 73, ""prize_amount"": 62479529}, {""rank"": ""3등"", ""winners"": 2737, ""prize_amount"": 1666426}, {""rank"": ""4등"", ""winners"": 143047, ""prize_amount"": 50000}, {""rank"": ""5등"", ""winners"": 2393005, ""prize_amount"": 5000}]",2024-08-17
1134,"[3, 7, 9, 13, 19, 24]",23,"[{""rank"": ""1등"", ""winners"": 14, ""prize_amount"": 1755689384}, {""rank"": ""2등"", ""winners"": 97, ""prize_amount"": 42233078}, {""rank"": ""3등"", ""winners"": 3961, ""prize_amount"": 1034236}, {""rank"": ""4등"", ""winners"": 180353, ""prize_amount"": 50000}, {""rank"": ""5등"", ""winners"": 2807905, ""prize_amount"": 5000}]",2024-08-24
1135,"[1, 6, 13, 19, 21, 33]",4,"[{""rank"": ""1등"", ""winners"": 9, ""prize_amount"": 2953726125}, {""rank"": ""2등"", ""winners"": 91, ""prize_amount"": 48687794}, {""rank"": ""3등"", ""winners"": 3417, ""prize_amount"": 1296632}, {""rank"": ""4등"", ""winners"": 163808, ""prize_amount"": 50000}, {""rank"": ""5등"", ""winners"": 2654691, ""prize_amount"": 5000}]",2024-08-31
1136,"[21, 33, 35, 38, 42, 44]",1,"[{""rank"": ""1등"", ""winners"": 12, ""prize_amount"": 2314468157}, {""rank"": ""2등"", ""winners"": 75, ""prize_amount"": 61719151}, {""rank"": ""3등"", ""winners"": 2906, ""prize_amount"": 1592890}, {""rank"": ""4등"", ""winners"": 144451, ""prize_amount"": 50000}, {""rank"": ""5등"", ""winners"": 2452383, ""prize_amount"": 5000}]",2024-09-07
1137,"[4, 9, 12, 15, 33, 45]",26,"[{""rank"": ""1등"", ""winners"": 14, ""prize_amount"": 2023447688}, {""rank"": ""2등"", ""winners"": 111, ""prize_amount"": 42534937}, {""rank"": ""3등"", ""winners"": 3323, ""prize_amount"": 1420818}, {""rank"": ""4등"", ""winners"": 163296, ""prize_amount"": 50000}, {""rank"": ""5등"", ""winners"": 2737836, ""prize_amount"": 5000}]",2024-09-14
1138,"[14, 16, 19, 20, 29, 34]",35,"[{""rank"": ""1등"", ""winners"": 14, ""prize_amount"": 1902656786}, {""rank"": ""2등"", ""winners"": 50, ""prize_amount"": 88790650}, {""rank"": ""3등"", ""winners"": 2865, ""prize_amount"": 1549576}, {""rank"": ""4등"", ""winners"": 145690, ""prize_amount"": 50000}, {""rank"": ""5등"", ""winners"": 2404999, ""prize_amount"": 5000}]",2024-09-21
1139,"[5, 12, 15, 30, 37, 40]",18,"[{""rank"": ""1등"", ""winners"": 13, ""prize_amount"": 2167490972}, {""rank"": ""2등"", ""winners"": 75, ""prize_amount"": 62616406}, {""rank"": ""3등"", ""winners"": 3240, ""prize_amount"": 1449454}, {""rank"": ""4등"", ""winners"": 163236, ""prize_amount"": 50000}, {""rank"": ""5등"", ""winners"": 2645260, ""prize_amount"": 5000}]",2024-09-28
1140,"[7, 10, 22, 29, 31, 38]",15,"[{""rank"": ""1등"", ""winners"": 12, ""prize_amount"": 2279823938}, {""rank"": ""2등"", ""winners"": 83, ""prize_amount"": 54935517}, {""rank"": ""3등"", ""winners"": 3345, ""prize_amount"": 1363124}, {""rank"": ""4등"", ""winners"": 158343, ""prize_amount"": 50000}, {""rank"": ""5등"", ""winners"": 2644989, ""prize_amount"": 5000}]",2024-10-05
1141,"[7, 11, 12, 21, 26, 35]",20,"[{""rank"": ""1등"", ""winners"": 11, ""prize_amount"": 2457758285}, {""rank"": ""2등"", ""winners"": 100, ""prize_amount"": 45058902}, {""rank"": ""3등"", ""winners"": 3371, ""prize_amount"": 1336663}, {""rank"": ""4등"", ""winners"": 165233, ""prize_amount"": 50000}, {""rank"": ""5등"", ""winners"": 2718563, ""prize_amount"": 5000}]",2024-10-12
1142,"[2, 8, 28, 30, 37, 41]",22,"[{""rank"": ""1등"", ""winners"": 9, ""prize_amount"": 3117517709}, {""rank"": ""2등"", ""winners"": 67, ""prize_amount"": 69795173}, {""rank"": ""3등"", ""winners"": 2841, ""prize_amount"": 1645997}, {""rank"": ""4등"", ""winners"": 146936, ""prize_amount"": 50000}, {""rank"": ""5등"", ""winners"": 2474033, ""prize_amount"": 5000}]",2024-10-19
1143,"[10, 16, 17, 27, 28, 36]",6,"[{""rank"": ""1등"", ""winners"": 11, ""prize_amount"": 2545657023}, {""rank"": ""2등"", ""winners"": 90, ""prize_amount"": 51855977}, {""rank"": ""3등"", ""winners"": 3154, ""prize_amount"": 1479721}, {""rank"": ""4등"", ""winners"": 156400, ""prize_amount"": 50000}, {""rank"": ""5등"", ""winners"": 2612029, ""prize_amount"": 5000}]",2024-10-26
1144,"[3, 4, 12, 15, 26, 34]",6,"[{""rank"": ""1등"", ""winners"": 18, ""prize_amount"": 1489347375}, {""rank"": ""2등"", ""winners"": 94, ""prize_amount"": 47532364}, {""rank"": ""3등"", ""winners"": 3626, ""prize_amount"": 1232224}, {""rank"": ""4등"", ""winners"": 172239, ""prize_amount"": 50000}, {""rank"": ""5등"", ""winners"": 2766594, ""prize_amount"": 5000}]",2024-11-02
1145,"[2, 11, 31, 33, 37, 44]",32,"[{""rank"": ""1등"", ""winners"": 9, ""prize_amount"": 3051630084}, {""rank"": ""2등"", ""winners"": 63, ""prize_amount"": 72657860}, {""rank"": ""3등"", ""winners"": 3312, ""prize_amount"": 1382079}, {""rank"": ""4등"", ""winners"": 164055, ""prize_amount"": 50000}, {""rank"": ""5등"", ""winners"": 2647054, ""prize_amount"": 5000}]",2024-11-09
1146,"[6, 11, 17, 19, 40, 43]",28,"[{""rank"": ""1등"", ""winners"": 11, ""prize_amount"": 2526476353}, {""rank"": ""2등"", ""winners"": 72, ""prize_amount"": 64331574}, {""rank"": ""3등"", ""winners"": 3030, ""prize_amount"": 1528672}, {""rank"": ""4등"", ""winners"": 158146, ""prize_amount"": 50000}, {""rank"": ""5등"", ""winners"": 2677017, ""prize_amount"": 5000}]",2024-11-16
1147,"[7, 11, 24, 26, 27, 37]",32,"[{""rank"": ""1등"", ""winners"": 8, ""prize_amount"": 3323422079}, {""rank"": ""2등"", ""winners"": 83, ""prize_amount"": 53388307}, {""rank"": ""3등"", ""winners"": 3588, ""prize_amount"": 1235014}, {""rank"": ""4등"", ""winners"": 173036, ""prize_amount"": 50000}, {""rank"": ""5등"", ""winners"": 2750379, ""prize_amount"": 5000}]",2024-11-23
1148,"[3, 6, 13, 15, 16, 22]",32,"[{""rank"": ""1등"", ""winners"": 13, ""prize_amount"": 2073332308}, {""rank"": ""2등"", ""winners"": 97, ""prize_amount"": 46311547}, {""rank"": ""3등"", ""winners"": 3082, ""prize_amount"": 1457567}, {""rank"": ""4등"", ""winners"": 154963, ""prize_amount"": 50000}, {""rank"": ""5등"", ""winners"": 2581682, ""prize_amount"": 5000}]",2024-11-30
1149,"[8, 15, 19, 21, 32, 36]",38,"[{""rank"": ""1등"", ""winners"": 17, ""prize_amount"": 1613380765}, {""rank"": ""2등"", ""winners"": 74, ""prize_amount"": 61773588}, {""rank"": ""3등"", ""winners"": 2924, ""prize_amount"": 1563354}, {""rank"": ""4등"", ""winners"": 145209, ""prize_amount"": 50000}, {""rank"": ""5등"", ""winners"": 2448589, ""prize_amount"": 5000}]",2024-12-07
1150,"[8, 9, 18, 35, 39, 45]",25,"[{""rank"": ""1등"", ""winners"": 17, ""prize_amount"": 1570620309}, {""rank"": ""2등"", ""winners"": 226, ""prize_amount"": 19690668}, {""rank"": ""3등"", ""winners"": 3413, ""prize_amount"": 1303865}, {""rank"": ""4등"", ""winners"": 166846, ""prize_amount"": 50000}, {""rank"": ""5등"", ""winners"": 2626598, ""prize_amount"": 5000}]",2024-12-14
1151,"[2, 3, 9, 15, 27, 29]",8,"[{""rank"": ""1등"", ""winners"": 17, ""prize_amount"": 1620503030}, {""rank"": ""2등"", ""winners"": 102, ""prize_amount"": 45013974}, {""rank"": ""3등"", ""winners"": 3351, ""prize_amount"": 1370166}, {""rank"": ""4등"", ""winners"": 163055, ""prize_amount"": 50000}, {""rank"": ""5등"", ""winners"": 2635014, ""prize_amount"": 5000}]",2024-12-21
1152,"[30, 31, 32, 35, 36, 37]",5,"[{""rank"": ""1등"", ""winners"": 35, ""prize_amount"": 874349668}, {""rank"": ""2등"", ""winners"": 79, ""prize_amount"": 64561685}, {""rank"": ""3등"", ""winners"": 3354, ""prize_amount"": 1520684}, {""rank"": ""4등"", ""winners"": 146890, ""prize_amount"": 50000}, {""rank"": ""5등"", ""winners"": 2440804, ""prize_amount"": 5000}]",2024-12-28
1153,"[1, 9, 10, 13, 35, 44]",5,"[{""rank"": ""1등"", ""winners"": 15, ""prize_amount"": 2027312925}, {""rank"": ""2등"", ""winners"": 79, ""prize_amount"": 64155473}, {""rank"": ""3등"", ""winners"": 3506, ""prize_amount"": 1445603}, {""rank"": ""4등"", ""winners"": 167692, ""prize_amount"": 50000}, {""rank"": ""5등"", ""winners"": 2848165, ""prize_amount"": 5000}]",2025-01-04
1154,"[4, 8, 22, 26, 32, 38]",27,"[{""rank"": ""1등"", ""winners"": 15, ""prize_amount"": 1854965425}, {""rank"": ""2등"", ""winners"": 62, ""prize_amount"": 74796993}, {""rank"": ""3등"", ""winners"": 3190, ""prize_amount"": 1453735}, {""rank"": ""4등"", ""winners"": 154785, ""prize_amount"": 50000}, {""rank"": ""5등"", ""winners"": 2559114, ""prize_amount"": 5000}]",2025-01-11
1155,"[10, 16, 19, 27, 37, 38]",13,"[{""rank"": ""1등"", ""winners"": 7, ""prize_amount"": 4066375179}, {""rank"": ""2등"", ""winners"": 78, ""prize_amount"": 60821851}, {""rank"": ""3등"", ""winners"": 3171, ""prize_amount"": 1496091}, {""rank"": ""4등"", ""winners"": 160366, ""prize_amount"": 50000}, {""rank"": ""5등"", ""winners"": 2654046, ""prize_amount"": 5000}]",2025-01-18
1156,"[30, 31, 34, 39, 41, 45]",7,"[{""rank"": ""1등"", ""winners"": 21, ""prize_amount"": 1505207090}, {""rank"": ""2등"", ""winners"": 73, ""prize_amount"": 72167464}, {""rank"": ""3등"", ""winners"": 3494, ""prize_amount"": 1507792}, {""rank"": ""4등"", ""winners"": 162883, ""prize_amount"": 50000}, {""rank"": ""5등"", ""winners"": 2706409, ""prize_amount"": 5000}]",2025-01-25
1157,"[5, 7, 12, 20, 25, 26]",28,"[{""rank"": ""1등"", ""winners"": 12, ""prize_amount"": 2257842157}, {""rank"": ""2등"", ""winners"": 141, ""prize_amount"": 32026130}, {""rank"": ""3등"", ""winners"": 4549, ""prize_amount"": 992677}, {""rank"": ""4등"", ""winners"": 201847, ""prize_amount"": 50000}, {""rank"": ""5등"", ""winners"": 3100779, ""prize_amount"": 5000}]",2025-02-01
1158,"[21, 25, 27, 32, 37, 38]",20,"[{""rank"": ""1등"", ""winners"": 21, ""prize_amount"": 1394358197}, {""rank"": ""2등"", ""winners"": 86, ""prize_amount"": 56747136}, {""rank"": ""3등"", ""winners"": 3032, ""prize_amount"": 1609583}, {""rank"": ""4등"", ""winners"": 155209, ""prize_amount"": 50000}, {""rank"": ""5등"", ""winners"": 2610120, ""prize_amount"": 5000}]",2025-02-08
1159,"[3, 9, 27, 28, 38, 39]",7,"[{""rank"": ""1등"", ""winners"": 23, ""prize_amount"": 1284854250}, {""rank"": ""2등"", ""winners"": 110, ""prize_amount"": 44775224}, {""rank"": ""3등"", ""winners"": 3742, ""prize_amount"": 1316215}, {""rank"": ""4등"", ""winners"": 177373, ""prize_amount"": 50000}, {""rank"": ""5등"", ""winners"": 2826061, ""prize_amount"": 5000}]",2025-02-15
1160,"[7, 13, 18, 36, 39, 45]",19,"[{""rank"": ""1등"", ""winners"": 12, ""prize_amount"": 2509359875}, {""rank"": ""2등"", ""winners"": 84, ""prize_amount"": 59746664}, {""rank"": ""3등"", ""winners"": 3176, ""prize_amount"": 1580202}, {""rank"": ""4등"", ""winners"": 160611, ""prize_amount"": 50000}, {""rank"": ""5등"", ""winners"": 2681692, ""prize_amount"": 5000}]",2025-02-22
1161,"[2, 12, 20, 24, 34, 42]",37,"[{""rank"": ""1등"", ""winners"": 16, ""prize_amount"": 1792657969}, {""rank"": ""2등"", ""winners"": 117, ""prize_amount"": 40858302}, {""rank"": ""3등"", ""winners"": 4107, ""prize_amount"": 1163970}, {""rank"": ""4등"", ""winners"": 181457, ""prize_amount"": 50000}, {""rank"": ""5등"", ""winners"": 2859815, ""prize_amount"": 5000}]",2025-03-01
1162,"[20, 21, 22, 25, 28, 29]",6,"[{""rank"": ""1등"", ""winners"": 36, ""prize_amount"": 823931021}, {""rank"": ""2등"", ""winners"": 78, ""prize_amount"": 63379310}, {""rank"": ""3등"", ""winners"": 4752, ""prize_amount"": 1040317}, {""rank"": ""4등"", ""winners"": 160953, ""prize_amount"": 50000}, {""rank"": ""5등"", ""winners"": 2538565, ""prize_amount"": 5000}]",2025-03-08
1163,"[2, 13, 15, 16, 33, 43]",4,"[{""rank"": ""1등"", ""winners"": 15, ""prize_amount"": 1936891150}, {""rank"": ""2등"", ""winners"": 75, ""prize_amount"": 64563039}, {""rank"": ""3등"", ""winners"": 3386, ""prize_amount"": 1430074}, {""rank"": ""4등"", ""winners"": 168204, ""prize_amount"": 50000}, {""rank"": ""5등"", ""winners"": 2795027, ""prize_amount"": 5000}]",2025-03-15
1164,"[17, 18, 23, 25, 38, 39]",22,"[{""rank"": ""1등"", ""winners"": 13, ""prize_amount"": 2193092164}, {""rank"": ""2등"", ""winners"": 76, ""prize_amount"": 62522365}, {""rank"": ""3등"", ""winners"": 3470, ""prize_amount"": 1369366}, {""rank"": ""4등"", ""winners"": 170045, ""prize_amount"": 50000}, {""rank"": ""5등"", ""winners"": 2807095, ""prize_amount"": 5000}]",2025-03-22
1165,"[6, 7, 27, 29, 38, 45]",17,"[{""rank"": ""1등"", ""winners"": 13, ""prize_amount"": 2192485270}, {""rank"": ""2등"", ""winners"": 91, ""prize_amount"": 52202031}, {""rank"": ""3등"", ""winners"": 3173, ""prize_amount"": 1497128}, {""rank"": ""4등"", ""winners"": 158014, ""prize_amount"": 50000}, {""rank"": ""5등"", ""winners"": 2630455, ""prize_amount"": 5000}]",2025-03-29
1166,"[14, 23, 25, 27, 29, 42]",16,"[{""rank"": ""1등"", ""winners"": 14, ""prize_amount"": 2072319938}, {""rank"": ""2등"", ""winners"": 80, ""prize_amount"": 60442665}, {""rank"": ""3등"", ""winners"": 2803, ""prize_amount"": 1725085}, {""rank"": ""4등"", ""winners"": 147837, ""prize_amount"": 50000}, {""rank"": ""5등"", ""winners"": 2456735, ""prize_amount"": 5000}]",2025-04-05
1167,"[8, 23, 31, 35, 39, 40]",24,"[{""rank"": ""1등"", ""winners"": 10, ""prize_amount"": 2884087913}, {""rank"": ""2등"", ""winners"": 69, ""prize_amount"": 69663960}, {""rank"": ""3등"", ""winners"": 2942, ""prize_amount"": 1633859}, {""rank"": ""4등"", ""winners"": 157094, ""prize_amount"": 50000}, {""rank"": ""5등"", ""winners"": 2614372, ""prize_amount"": 5000}]",2025-04-12
1168,"[9, 21, 24, 30, 33, 37]",29,"[{""rank"": ""1등"", ""winners"": 13, ""prize_amount"": 2136635914}, {""rank"": ""2등"", ""winners"": 74, ""prize_amount"": 62559160}, {""rank"": ""3등"", ""winners"": 3514, ""prize_amount"": 1317410}, {""rank"": ""4등"", ""winners"": 166163, ""prize_amount"": 50000}, {""rank"": ""5등"", ""winners"": 2712545, ""prize_amount"": 5000}]",2025-04-19
1169,"[5, 12, 24, 26, 39, 42]",20,"[{""rank"": ""1등"", ""winners"": 10, ""prize_amount"": 2852735813}, {""rank"": ""2등"", ""winners"": 112, ""prize_amount"": 42451426}, {""rank"": ""3등"", ""winners"": 3244, ""prize_amount"": 1465648}, {""rank"": ""4등"", ""winners"": 160483, ""prize_amount"": 50000}, {""rank"": ""5등"", ""winners"": 2668194, ""prize_amount"": 5000}]",2025-04-26
1170,"[3, 13, 28, 34, 38, 42]",25,"[{""rank"": ""1등"", ""winners"": 20, ""prize_amount"": 1386550969}, {""rank"": ""2등"", ""winners"": 103, ""prize_amount"": 44872200}, {""rank"": ""3등"", ""winners"": 5668, ""prize_amount"": 815427}, {""rank"": ""4등"", ""winners"": 163866, ""prize_amount"": 50000}, {""rank"": ""5등"", ""winners"": 2637401, ""prize_amount"": 5000}]",2025-05-03
1171,"[3, 6, 7, 11, 12, 17]",19,"[{""rank"": ""1등"", ""winners"": 21, ""prize_amount"": 1128345286}, {""rank"": ""2등"", ""winners"": 148, ""prize_amount"": 26683842}, {""rank"": ""3등"", ""winners"": 5317, ""prize_amount"": 742752}, {""rank"": ""4등"", ""winners"": 211503, ""prize_amount"": 50000}, {""rank"": ""5등"", ""winners"": 3094806, ""prize_amount"": 5000}]",2025-05-10
1172,"[7, 9, 24, 40, 42, 44]",45,"[{""rank"": ""1등"", ""winners"": 13, ""prize_amount"": 2203004452}, {""rank"": ""2등"", ""winners"": 98, ""prize_amount"": 48705881}, {""rank"": ""3등"", ""winners"": 3059, ""prize_amount"": 1560372}, {""rank"": ""4등"", ""winners"": 152897, ""prize_amount"": 50000}, {""rank"": ""5등"", ""winners"": 2590472, ""prize_amount"": 5000}]",2025-05-17
1173,"[1, 5, 18, 20, 30, 35]",3,"[{""rank"": ""1등"", ""winners"": 24, ""prize_amount"": 1179946063}, {""rank"": ""2등"", ""winners"": 94, ""prize_amount"": 50210471}, {""rank"": ""3등"", ""winners"": 3139, ""prize_amount"": 1503595}, {""rank"": ""4등"", ""winners"": 163678, ""prize_amount"": 50000}, {""rank"": ""5등"", ""winners"": 2689832, ""prize_amount"": 5000}]",2025-05-24
1174,"[8, 11, 14, 17, 36, 39]",22,"[{""rank"": ""1등"", ""winners"": 15, ""prize_amount"": 1910619425}, {""rank"": ""2등"", ""winners"": 85, ""prize_amount"": 56194689}, {""rank"": ""3등"", ""winners"": 3196, ""prize_amount"": 1494540}, {""rank"": ""4등"", ""winners"": 158944, ""prize_amount"": 50000}, {""rank"": ""5등"", ""winners"": 2670129, ""prize_amount"": 5000}]",2025-05-31
1175,"[3, 4, 6, 8, 32, 42]",31,"[{""rank"": ""1등"", ""winners"": 20, ""prize_amount"": 1384026094}, {""rank"": ""2등"", ""winners"": 92, ""prize_amount"": 50145873}, {""rank"": ""3등"", ""winners"": 3178, ""prize_amount"": 1451675}, {""rank"": ""4등"", ""winners"": 164364, ""prize_amount"": 50000}, {""rank"": ""5등"", ""winners"": 2723718, ""prize_amount"": 5000}]",2025-06-07
1176,"[7, 9, 11, 21, 30, 35]",29,"[{""rank"": ""1등"", ""winners"": 13, ""prize_amount"": 2052166154}, {""rank"": ""2등"", ""winners"": 89, ""prize_amount"": 49959102}, {""rank"": ""3등"", ""winners"": 3533, ""prize_amount"": 1258523}, {""rank"": ""4등"", ""winners"": 171545, ""prize_amount"": 50000}, {""rank"": ""5등"", ""winners"": 2746919, ""prize_amount"": 5000}]",2025-06-14
1177,"[3, 7, 15, 16, 19, 43]",21,"[{""rank"": ""1등"", ""winners"": 6, ""prize_amount"": 4576672000}, {""rank"": ""2등"", ""winners"": 75, ""prize_amount"": 61022294}, {""rank"": ""3등"", ""winners"": 3111, ""prize_amount"": 1471126}, {""rank"": ""4등"", ""winners"": 157438, ""prize_amount"": 50000}, {""rank"": ""5등"", ""winners"": 2644128, ""prize_amount"": 5000}]",2025-06-21
1178,"[5, 6, 11, 27, 43, 44]",17,"[{""rank"": ""1등"", ""winners"": 12, ""prize_amount"": 2391608407}, {""rank"": ""2등"", ""winners"": 89, ""prize_amount"": 53744010}, {""rank"": ""3등"", ""winners"": 3061, ""prize_amount"": 1562633}, {""rank"": ""4등"", ""winners"": 157044, ""prize_amount"": 50000}, {""rank"": ""5등"", ""winners"": 2653841, ""prize_amount"": 5000}]",2025-06-28
1179,"[3, 16, 18, 24, 40, 44]",21,"[{""rank"": ""1등"", ""winners"": 13, ""prize_amount"": 2162821097}, {""rank"": ""2등"", ""winners"": 63, ""prize_amount"": 74382737}, {""rank"": ""3등"", ""winners"": 2989, ""prize_amount"": 1567787}, {""rank"": ""4등"", ""winners"": 148832, ""prize_amount"": 50000}, {""rank"": ""5등"", ""winners"": 2516368, ""prize_amount"": 5000}]",2025-07-05
1180,"[6, 12, 18, 37, 40, 41]",3,"[{""rank"": ""1등"", ""winners"": 11, ""prize_amount"": 2535566421}, {""rank"": ""2등"", ""winners"": 72, ""prize_amount"": 64563034}, {""rank"": ""3등"", ""winners"": 3010, ""prize_amount"": 1544365}, {""rank"": ""4등"", ""winners"": 153274, ""prize_amount"": 50000}, {""rank"": ""5등"", ""winners"": 2567395, ""prize_amount"": 5000}]",2025-07-12
1181,"[8, 10, 14, 20, 33, 41]",28,"[{""rank"": ""1등"", ""winners"": 17, ""prize_amount"": 1593643500}, {""rank"": ""2등"", ""winners"": 86, ""prize_amount"": 52503759}, {""rank"": ""3등"", ""winners"": 3109, ""prize_amount"": 1452340}, {""rank"": ""4등"", ""winners"": 155938, ""prize_amount"": 50000}, {""rank"": ""5등"", ""winners"": 2596371, ""prize_amount"": 5000}]",2025-07-19
1182,"[1, 13, 21, 25, 28, 31]",22,"[{""rank"": ""1등"", ""winners"": 13, ""prize_amount"": 2124785424}, {""rank"": ""2등"", ""winners"": 79, ""prize_amount"": 58274706}, {""rank"": ""3등"", ""winners"": 3015, ""prize_amount"": 1526933}, {""rank"": ""4등"", ""winners"": 156025, ""prize_amount"": 50000}, {""rank"": ""5등"", ""winners"": 2616958, ""prize_amount"": 5000}]",2025-07-26
1183,"[4, 15, 17, 23, 27, 36]",31,"[{""rank"": ""1등"", ""winners"": 13, ""prize_amount"": 2073966000}, {""rank"": ""2등"", ""winners"": 92, ""prize_amount"": 48843403}, {""rank"": ""3등"", ""winners"": 3623, ""prize_amount"": 1240297}, {""rank"": ""4등"", ""winners"": 169030, ""prize_amount"": 50000}, {""rank"": ""5등"", ""winners"": 2680548, ""prize_amount"": 5000}]",2025-08-02
1184,"[14, 16, 23, 25, 31, 37]",42,"[{""rank"": ""1등"", ""winners"": 15, ""prize_amount"": 1910655600}, {""rank"": ""2등"", ""winners"": 95, ""prize_amount"": 50280411}, {""rank"": ""3등"", ""winners"": 3115, ""prize_amount"": 1533432}, {""rank"": ""4등"", ""winners"": 155556, ""prize_amount"": 50000}, {""rank"": ""5등"", ""winners"": 2576710, ""prize_amount"": 5000}]",2025-08-09
1185,"[6, 17, 22, 28, 29, 32]",38,"[{""rank"": ""1등"", ""winners"": 12, ""prize_amount"": 2388695125}, {""rank"": ""2등"", ""winners"": 79, ""prize_amount"": 60473295}, {""rank"": ""3등"", ""winners"": 2903, ""prize_amount"": 1645674}, {""rank"": ""4등"", ""winners"": 153798, ""prize_amount"": 50000}, {""rank"": ""5등"", ""winners"": 2566276, ""prize_amount"": 5000}]",2025-08-16
1186,"[2, 8, 13, 16, 23, 28]",35,"[{""rank"": ""1등"", ""winners"": 14, ""prize_amount"": 1985676911}, {""rank"": ""2등"", ""winners"": 89, ""prize_amount"": 52058946}, {""rank"": ""3등"", ""winners"": 3226, ""prize_amount"": 1436221}, {""rank"": ""4등"", ""winners"": 162707, ""prize_amount"": 50000}, {""rank"": ""5등"", ""winners"": 2628810, ""prize_amount"": 5000}]",2025-08-23
1187,"[5, 13, 26, 29, 37, 40]",42,"[{""rank"": ""1등"", ""winners"": 11, ""prize_amount"": 2619380012}, {""rank"": ""2등"", ""winners"": 79, ""prize_amount"": 60787300}, {""rank"": ""3등"", ""winners"": 3147, ""prize_amount"": 1525961}, {""rank"": ""4등"", ""winners"": 152448, ""prize_amount"": 50000}, {""rank"": ""5등"", ""winners"": 2557090, ""prize_amount"": 5000}]",2025-08-30
1188,"[3, 4, 12, 19, 22, 27]",9,"[{""rank"": ""1등"", ""winners"": 24, ""prize_amount"": 1074625172}, {""rank"": ""2등"", ""winners"": 111, ""prize_amount"": 38725232}, {""rank"": ""3등"", ""winners"": 3713, ""prize_amount"": 1157690}, {""rank"": ""4등"", ""winners"": 188314, ""prize_amount"": 50000}, {""rank"": ""5등"", ""winners"": 2901056, ""prize_amount"": 5000}]",2025-09-06
1189,"[9, 19, 29, 35, 37, 38]",31,"[{""rank"": ""1등"", ""winners"": 13, ""prize_amount"": 2263651299}, {""rank"": ""2등"", ""winners"": 167, ""prize_amount"": 29368730}, {""rank"": ""3등"", ""winners"": 3121, ""prize_amount"": 1571477}, {""rank"": ""4등"", ""winners"": 152345, ""prize_amount"": 50000}, {""rank"": ""5등"", ""winners"": 2577694, ""prize_amount"": 5000}]",2025-09-13
1190,"[7, 9, 19, 23, 26, 45]",33,"[{""rank"": ""1등"", ""winners"": 6, ""prize_amount"": 4622793813}, {""rank"": ""2등"", ""winners"": 113, ""prize_amount"": 40909680}, {""rank"": ""3등"", ""winners"": 3293, ""prize_amount"": 1403825}, {""rank"": ""4등"", ""winners"": 168764, ""prize_amount"": 50000}, {""rank"": ""5등"", ""winners"": 2752776, ""prize_amount"": 5000}]",2025-09-20
1191,"[1, 4, 11, 12, 20, 41]",2,"[{""rank"": ""1등"", ""winners"": 18, ""prize_amount"": 1536334355}, {""rank"": ""2등"", ""winners"": 132, ""prize_amount"": 34916690}, {""rank"": ""3등"", ""winners"": 3649, ""prize_amount"": 1263087}, {""rank"": ""4등"", ""winners"": 184758, ""prize_amount"": 50000}, {""rank"": ""5등"", ""winners"": 2905296, ""prize_amount"": 5000}]",2025-09-27
1192,"[10, 16, 23, 36, 39, 40]",11,"[{""rank"": ""1등"", ""winners"": 29, ""prize_amount"": 1079546587}, {""rank"": ""2등"", ""winners"": 95, ""prize_amount"": 54924300}, {""rank"": ""3등"", ""winners"": 3476, ""prize_amount"": 1501096}, {""rank"": ""4등"", ""winners"": 171551, ""prize_amount"": 50000}, {""rank"": ""5등"", ""winners"": 2841016, ""prize_amount"": 5000}]",2025-10-04
1193,"[6, 9, 16, 19, 24, 28]",17,"[{""rank"": ""1등"", ""winners"": 16, ""prize_amount"": 1717013508}, {""rank"": ""2등"", ""winners"": 84, ""prize_amount"": 54508366}, {""rank"": ""3등"", ""winners"": 3635, ""prize_amount"": 1259616}, {""rank"": ""4등"", ""winners"": 175936, ""prize_amount"": 50000}, {""rank"": ""5등"", ""winners"": 2782376, ""prize_amount"": 5000}]",2025-10-11
1194,"[3, 13, 15, 24, 33, 37]",2,"[{""rank"": ""1등"", ""winners"": 28, ""prize_amount"": 985155349}, {""rank"": ""2등"", ""winners"": 99, ""prize_amount"": 46438300}, {""rank"": ""3등"", ""winners"": 5442, ""prize_amount"": 844799}, {""rank"": ""4등"", ""winners"": 186820, ""prize_amount"": 50000}, {""rank"": ""5등"", ""winners"": 2884544, ""prize_amount"": 5000}]",2025-10-18
1195,"[3, 15, 27, 33, 34, 36]",37,"[{""rank"": ""1등"", ""winners"": 10, ""prize_amount"": 2939186738}, {""rank"": ""2등"", ""winners"": 86, ""prize_amount"": 56960984}, {""rank"": ""3등"", ""winners"": 3337, ""prize_amount"": 1467979}, {""rank"": ""4등"", ""winners"": 165621, ""prize_amount"": 50000}, {""rank"": ""5등"", ""winners"": 2797760, ""prize_amount"": 5000}]",2025-10-25
1196,"[8, 12, 15, 29, 40, 45]",14,"[{""rank"": ""1등"", ""winners"": 15, ""prize_amount"": 2001627550}, {""rank"": ""2등"", ""winners"": 94, ""prize_amount"": 53234776}, {""rank"": ""3등"", ""winners"": 2837, ""prize_amount"": 1763860}, {""rank"": ""4등"", ""winners"": 153894, ""prize_amount"": 50000}, {""rank"": ""5등"", ""winners"": 2619093, ""prize_amount"": 5000}]",2025-11-01
1197,"[1, 5, 7, 26, 28, 43]",30,"[{""rank"": ""1등"", ""winners"": 13, ""prize_amount"": 2205089827}, {""rank"": ""2등"", ""winners"": 74, ""prize_amount"": 64563441}, {""rank"": ""3등"", ""winners"": 3087, ""prize_amount"": 1547683}, {""rank"": ""4등"", ""winners"": 162871, ""prize_amount"": 50000}, {""rank"": ""5등"", ""winners"": 2751422, ""prize_amount"": 5000}]",2025-11-08
1198,"[26, 30, 33, 38, 39, 41]",21,"[{""rank"": ""1등"", ""winners"": 10, ""prize_amount"": 2953686638}, {""rank"": ""2등"", ""winners"": 78, ""prize_amount"": 63112963}, {""rank"": ""3등"", ""winners"": 3110, ""prize_amount"": 1582898}, {""rank"": ""4등"", ""winners"": 155228, ""prize_amount"": 50000}, {""rank"": ""5등"", ""winners"": 2591974, ""prize_amount"": 5000}]",2025-11-15
1199,"[16, 24, 25, 30, 31, 32]",7,"[{""rank"": ""1등"", ""winners"": 17, ""prize_amount"": 1695609839}, {""rank"": ""2등"", ""winners"": 75, ""prize_amount"": 64056372}, {""rank"": ""3등"", ""winners"": 3504, ""prize_amount"": 1371070}, {""rank"": ""4등"", ""winners"": 157073, ""prize_amount"": 50000}, {""rank"": ""5등"", ""winners"": 2604985, ""prize_amount"": 5000}]",2025-11-22
1200,"[1, 2, 4, 16, 20, 32]",45,"[{""rank"": ""1등"", ""winners"": 12, ""prize_amount"": 2357299875}, {""rank"": ""2등"", ""winners"": 80, ""prize_amount"": 58932497}, {""rank"": ""3등"", ""winners"": 3584, ""prize_amount"": 1315458}, {""rank"": ""4등"", ""winners"": 161754, ""prize_amount"": 50000}, {""rank"": ""5등"", ""winners"": 2673060, ""prize_amount"": 5000}]",2025-11-29
1201,"[7, 9, 24, 27, 35, 36]",37,"[{""rank"": ""1등"", ""winners"": 19, ""prize_amount"": 1414555718}, {""rank"": ""2등"", ""winners"": 84, ""prize_amount"": 53326506}, {""rank"": ""3등"", ""winners"": 3321, ""prize_amount"": 1348819}, {""rank"": ""4등"", ""winners"": 166050, ""prize_amount"": 50000}, {""rank"": ""5등"", ""winners"": 2711377, ""prize_amount"": 5000}]",2025-12-06
1202,"[5, 12, 21, 33, 37, 40]",7,"[{""rank"": ""1등"", ""winners"": 14, ""prize_amount"": 1920410813}, {""rank"": ""2등"", ""winners"": 109, ""prize_amount"": 41109712}, {""rank"": ""3등"", ""winners"": 3764, ""prize_amount"": 1190478}, {""rank"": ""4등"", ""winners"": 180212, ""prize_amount"": 50000}, {""rank"": ""5등"", ""winners"": 2723770, ""prize_amount"": 5000}]",2025-12-13
1203,"[3, 6, 18, 29, 35, 39]",24,"[{""rank"": ""1등"", ""winners"": 21, ""prize_amount"": 1368060733}, {""rank"": ""2등"", ""winners"": 118, ""prize_amount"": 40578073}, {""rank"": ""3등"", ""winners"": 3588, ""prize_amount"": 1334508}, {""rank"": ""4등"", ""winners"": 171960, ""prize_amount"": 50000}, {""rank"": ""5등"", ""winners"": 2784823, ""prize_amount"": 5000}]",2025-12-20
1204,"[8, 16, 28, 30, 31, 44]",27,"[{""rank"": ""1등"", ""winners"": 18, ""prize_amount"": 1661007688}, {""rank"": ""2등"", ""winners"": 95, ""prize_amount"": 52452875}, {""rank"": ""3등"", ""winners"": 3361, ""prize_amount"": 1482602}, {""rank"": ""4등"", ""winners"": 164919, ""prize_amount"": 50000}, {""rank"": ""5등"", ""winners"": 2753835, ""prize_amount"": 5000}]",2025-12-27
1205,"[1, 4, 16, 23, 31, 41]",2,"[{""rank"": ""1등"", ""winners"": 10, ""prize_amount"": 3226386263}, {""rank"": ""2등"", ""winners"": 97, ""prize_amount"": 55436191}, {""rank"": ""3등"", ""winners"": 3486, ""prize_amount"": 1542545}, {""rank"": ""4등"", ""winners"": 174740, ""prize_amount"": 50000}, {""rank"": ""5등"", ""winners"": 2915978, ""prize_amount"": 5000}]",2026-01-03
1206,"[1, 3, 17, 26, 27, 42]",23,"[{""rank"": ""1등"", ""winners"": 15, ""prize_amount"": 1868807000}, {""rank"": ""2등"", ""winners"": 74, ""prize_amount"": 63135372}, {""rank"": ""3등"", ""winners"": 3329, ""prize_amount"": 1403430}, {""rank"": ""4등"", ""winners"": 172867, ""prize_amount"": 50000}, {""rank"": ""5등"", ""winners"": 2897371, ""prize_amount"": 5000}]",2026-01-10
1207,"[10, 22, 24, 27, 38, 45]",11,"[{""rank"": ""1등"", ""winners"": 17, ""prize_amount"": 1733202949}, {""rank"": ""2등"", ""winners"": 86, ""prize_amount"": 57101648}, {""rank"": ""3등"", ""winners"": 3365, ""prize_amount"": 1459359}, {""rank"": ""4등"", ""winners"": 168020, ""prize_amount"": 50000}, {""rank"": ""5등"", ""winners"": 2756042, ""prize_amount"": 5000}]",2026-01-17
1208,"[6, 27, 30, 36, 38, 42]",25,"[{""rank"": ""1등"", ""winners"": 6, ""prize_amount"": 5001713625}, {""rank"": ""2등"", ""winners"": 68, ""prize_amount"": 73554613}, {""rank"": ""3등"", ""winners"": 2932, ""prize_amount"": 1705906}, {""rank"": ""4등"", ""winners"": 149359, ""prize_amount"": 50000}, {""rank"": ""5등"", ""winners"": 2544535, ""prize_amount"": 5000}]",2026-01-24
1209,"[2, 17, 20, 35, 37, 39]",24,"[{""rank"": ""1등"", ""winners"": 22, ""prize_amount"": 1371910466}, {""rank"": ""2등"", ""winners"": 73, ""prize_amount"": 68908745}, {""rank"": ""3등"", ""winners"": 3141, ""prize_amount"": 1601509}, {""rank"": ""4등"", ""winners"": 163147, ""prize_amount"": 50000}, {""rank"": ""5등"", ""winners"": 2724028, ""prize_amount"": 5000}]",2026-01-31
1210,"[1, 7, 9, 17, 27, 38]",31,"[{""rank"": ""1등"", ""winners"": 24, ""prize_amount"": 1102298407}, {""rank"": ""2등"", ""winners"": 153, ""prize_amount"": 28818259}, {""rank"": ""3등"", ""winners"": 4649, ""prize_amount"": 948418}, {""rank"": ""4등"", ""winners"": 211663, ""prize_amount"": 50000}, {""rank"": ""5등"", ""winners"": 3139766, ""prize_amount"": 5000}]",2026-02-07
1211,"[23, 26, 27, 35, 38, 40]",10,"[{""rank"": ""1등"", ""winners"": 14, ""prize_amount"": 2370956036}, {""rank"": ""2등"", ""winners"": 86, ""prize_amount"": 64328265}, {""rank"": ""3등"", ""winners"": 3332, ""prize_amount"": 1660334}, {""rank"": ""4등"", ""winners"": 174056, ""prize_amount"": 50000}, {""rank"": ""5등"", ""winners"": 2902451, ""prize_amount"": 5000}]",2026-02-14
1212,"[5, 8, 25, 31, 41, 44]",45,"[{""rank"": ""1등"", ""winners"": 12, ""prize_amount"": 2654089032}, {""rank"": ""2등"", ""winners"": 79, ""prize_amount"": 67192128}, {""rank"": ""3등"", ""winners"": 3482, ""prize_amount"": 1524463}, {""rank"": ""4등"", ""winners"": 175609, ""prize_amount"": 50000}, {""rank"": ""5등"", ""winners"": 2923618, ""prize_amount"": 5000}]",2026-02-21
1213,"[5, 11, 25, 27, 36, 38]",2,"[{""rank"": ""1등"", ""winners"": 18, ""prize_amount"": 1740011646}, {""rank"": ""2등"", ""winners"": 110, ""prize_amount"": 47454864}, {""rank"": ""3등"", ""winners"": 3724, ""prize_amount"": 1401728}, {""rank"": ""4등"", ""winners"": 180063, ""prize_amount"": 50000}, {""rank"": ""5등"", ""winners"": 2958422, ""prize_amount"": 5000}]",2026-02-28
1214,"[10, 15, 19, 27, 30, 33]",14,"[{""rank"": ""1등"", ""winners"": 12, ""prize_amount"": 2431577188}, {""rank"": ""2등"", ""winners"": 99, ""prize_amount"": 49122772}, {""rank"": ""3등"", ""winners"": 3618, ""prize_amount"": 1344156}, {""rank"": ""4등"", ""winners"": 177889, ""prize_amount"": 50000}, {""rank"": ""5등"", ""winners"": 2921649, ""prize_amount"": 5000}]",2026-03-07
1215,"[13, 15, 19, 21, 44, 45]",39,"[{""rank"": ""1등"", ""winners"": 16, ""prize_amount"": 1998542133}, {""rank"": ""2등"", ""winners"": 76, ""prize_amount"": 70124286}, {""rank"": ""3등"", ""winners"": 3120, ""prize_amount"": 1708156}, {""rank"": ""4등"", ""winners"": 153024, ""prize_amount"": 50000}, {""rank"": ""5등"", ""winners"": 2640357, ""prize_amount"": 5000}]",2026-03-14
1216,"[3, 10, 14, 15, 23, 24]",25,"[{""rank"": ""1등"", ""winners"": 14, ""prize_amount"": 2148654000}, {""rank"": ""2등"", ""winners"": 87, ""prize_amount"": 57626736}, {""rank"": ""3등"", ""winners"": 3181, ""prize_amount"": 1576085}, {""rank"": ""4등"", ""winners"": 168089, ""prize_amount"": 50000}, {""rank"": ""5등"", ""winners"": 2853121, ""prize_amount"": 5000}]",2026-03-21
1217,"[8, 10, 15, 20, 29, 31]",41,"[{""rank"": ""1등"", ""winners"": 14, ""prize_amount"": 2179738018}, {""rank"": ""2등"", ""winners"": 85, ""prize_amount"": 59835946}, {""rank"": ""3등"", ""winners"": 3344, ""prize_amount"": 1520950}, {""rank"": ""4등"", ""winners"": 163563, ""prize_amount"": 50000}, {""rank"": ""5등"", ""winners"": 2742207, ""prize_amount"": 5000}]",2026-03-28
1218,"[3, 28, 31, 32, 42, 45]",25,"[{""rank"": ""1등"", ""winners"": 18, ""prize_amount"": 1714482042}, {""rank"": ""2등"", ""winners"": 80, ""prize_amount"": 64293077}, {""rank"": ""3등"", ""winners"": 2889, ""prize_amount"": 1780356}, {""rank"": ""4등"", ""winners"": 150326, ""prize_amount"": 50000}, {""rank"": ""5등"", ""winners"": 2600819, ""prize_amount"": 5000}]",2026-04-04
1219,"[1, 2, 15, 28, 39, 45]",31,"[{""rank"": ""1등"", ""winners"": 12, ""prize_amount"": 2508232844}, {""rank"": ""2등"", ""winners"": 77, ""prize_amount"": 65148906}, {""rank"": ""3등"", ""winners"": 3079, ""prize_amount"": 1629252}, {""rank"": ""4등"", ""winners"": 150733, ""prize_amount"": 50000}, {""rank"": ""5등"", ""winners"": 2560905, ""prize_amount"": 5000}]",2026-04-11
1220,"[2, 22, 25, 28, 34, 43]",16,"[{""rank"": ""1등"", ""winners"": 14, ""prize_amount"": 2114514161}, {""rank"": ""2등"", ""winners"": 85, ""prize_amount"": 58045487}, {""rank"": ""3등"", ""winners"": 3192, ""prize_amount"": 1545698}, {""rank"": ""4등"", ""winners"": 161279, ""prize_amount"": 50000}, {""rank"": ""5등"", ""winners"": 2688906, ""prize_amount"": 5000}]",2026-04-18
1221,"[6, 13, 18, 28, 30, 36]",9,"[{""rank"": ""1등"", ""winners"": 16, ""prize_amount"": 1830801165}, {""rank"": ""2등"", ""winners"": 96, ""prize_amount"": 50855588}, {""rank"": ""3등"", ""winners"": 3465, ""prize_amount"": 1408986}, {""rank"": ""4등"", ""winners"": 174082, ""prize_amount"": 50000}, {""rank"": ""5등"", ""winners"": 2745724, ""prize_amount"": 5000}]",2026-04-25
1222,"[4, 11, 17, 22, 32, 41]",34,"[{""rank"": ""1등"", ""winners"": 24, ""prize_amount"": 1202986844}, {""rank"": ""2등"", ""winners"": 115, ""prize_amount"": 41843021}, {""rank"": ""3등"", ""winners"": 4081, ""prize_amount"": 1179110}, {""rank"": ""4등"", ""winners"": 182844, ""prize_amount"": 50000}, {""rank"": ""5등"", ""winners"": 2896800, ""prize_amount"": 5000}]",2026-05-02
1223,"[16, 18, 20, 32, 33, 39]",26,"[{""rank"": ""1등"", ""winners"": 16, ""prize_amount"": 1857554133}, {""rank"": ""2등"", ""winners"": 103, ""prize_amount"": 48092017}, {""rank"": ""3등"", ""winners"": 3481, ""prize_amount"": 1423005}, {""rank"": ""4등"", ""winners"": 161967, ""prize_amount"": 50000}, {""rank"": ""5등"", ""winners"": 2716882, ""prize_amount"": 5000}]",2026-05-09
1224,"[9, 18, 21, 27, 44, 45]",28,"[{""rank"": ""1등"", ""winners"": 12, ""prize_amount"": 2414855250}, {""rank"": ""2등"", ""winners"": 70, ""prize_amount"": 68995865}, {""rank"": ""3등"", ""winners"": 3373, ""prize_amount"": 1431874}, {""rank"": ""4등"", ""winners"": 166726, ""prize_amount"": 50000}, {""rank"": ""5등"", ""winners"": 2716244, ""prize_amount"": 5000}]",2026-05-16
1225,"[8, 9, 19, 25, 41, 42]",33,"[{""rank"": ""1등"", ""winners"": 13, ""prize_amount"": 2228133087}, {""rank"": ""2등"", ""winners"": 76, ""prize_amount"": 63521338}, {""rank"": ""3등"", ""winners"": 3333, ""prize_amount"": 1448432}, {""rank"": ""4등"", ""winners"": 161090, ""prize_amount"": 50000}, {""rank"": ""5등"", ""winners"": 2705194, ""prize_amount"": 5000}]",2026-05-23
1226,"[4, 6, 13, 17, 26, 28]",41,"[{""rank"": ""1등"", ""winners"": 10, ""prize_amount"": 2815230113}, {""rank"": ""2등"", ""winners"": 75, ""prize_amount"": 62560670}, {""rank"": ""3등"", ""winners"": 3557, ""prize_amount"": 1319104}, {""rank"": ""4등"", ""winners"": 171525, ""prize_amount"": 50000}, {""rank"": ""5등"", ""winners"": 2803464, ""prize_amount"": 5000}]",2026-05-30
1227,"[1, 14, 16, 34, 41, 44]",13,"[{""rank"": ""1등"", ""winners"": 11, ""prize_amount"": 2674808455}, {""rank"": ""2등"", ""winners"": 70, ""prize_amount"": 70054508}, {""rank"": ""3등"", ""winners"": 3042, ""prize_amount"": 1612037}, {""rank"": ""4등"", ""winners"": 151881, ""prize_amount"": 50000}, {""rank"": ""5등"", ""winners"": 2523341, ""prize_amount"": 5000}]",2026-06-06
1228,"[24, 29, 30, 31, 35, 44]",1,"[{""rank"": ""1등"", ""winners"": 11, ""prize_amount"": 2698334421}, {""rank"": ""2등"", ""winners"": 83, ""prize_amount"": 59601765}, {""rank"": ""3등"", ""winners"": 2836, ""prize_amount"": 1744340}, {""rank"": ""4등"", ""winners"": 147604, ""prize_amount"": 50000}, {""rank"": ""5등"", ""winners"": 2514073, ""prize_amount"": 5000}]",2026-06-13
1229,"[12, 13, 29, 34, 37, 42]",16,"[{""rank"": ""1등"", ""winners"": 8, ""prize_amount"": 3519759000}, {""rank"": ""2등"", ""winners"": 89, ""prize_amount"": 52730472}, {""rank"": ""3등"", ""winners"": 2925, ""prize_amount"": 1604449}, {""rank"": ""4등"", ""winners"": 152290, ""prize_amount"": 50000}, {""rank"": ""5등"", ""winners"": 2583834, ""prize_amount"": 5000}]",2026-06-20
1230,"[3, 8, 9, 22, 28, 42]",45,"[{""rank"": ""1등"", ""winners"": 16, ""prize_amount"": 1771357196}, {""rank"": ""2등"", ""winners"": 90, ""prize_amount"": 52484658}, {""rank"": ""3등"", ""winners"": 3336, ""prize_amount"": 1415953}, {""rank"": ""4등"", ""winners"": 168902, ""prize_amount"": 50000}, {""rank"": ""5등"", ""winners"": 2770957, ""prize_amount"": 5000}]",2026-06-27
1231,"[4, 13, 14, 18, 31, 38]",15,"[{""rank"": ""1등"", ""winners"": 17, ""prize_amount"": 1652990074}, {""rank"": ""2등"", ""winners"": 92, ""prize_amount"": 50907303}, {""rank"": ""3등"", ""winners"": 3329, ""prize_amount"": 1406871}, {""rank"": ""4등"", ""winners"": 162821, ""prize_amount"": 50000}, {""rank"": ""5등"", ""winners"": 2686693, ""prize_amount"": 5000}]",2026-07-04
1232,"[12, 15, 19, 22, 24, 36]",3,"[{""rank"": ""1등"", ""winners"": 11, ""prize_amount"": 2533260819}, {""rank"": ""2등"", ""winners"": 92, ""prize_amount"": 50481647}, {""rank"": ""3등"", ""winners"": 2984, ""prize_amount"": 1556405}, {""rank"": ""4등"", ""winners"": 149349, ""prize_amount"": 50000}, {""rank"": ""5등"", ""winners"": 2539242, ""prize_amount"": 5000}]",2026-07-11
1233,"[2, 7, 20, 25, 37, 40]",29,"[{""rank"": ""1등"", ""winners"": 31, ""prize_amount"": 837965396}, {""rank"": ""2등"", ""winners"": 76, ""prize_amount"": 56966946}, {""rank"": ""3등"", ""winners"": 4438, ""prize_amount"": 975550}, {""rank"": ""4등"", ""winners"": 185487, ""prize_amount"": 50000}, {""rank"": ""5등"", ""winners"": 2833927, ""prize_amount"": 5000}]",2026-07-18
1234,"[1, 15, 19, 31, 35, 43]",27,"[{""rank"": ""1등"", ""winners"": 18, ""prize_amount"": 1595129563}, {""rank"": ""2등"", ""winners"": 71, ""prize_amount"": 67399841}, {""rank"": ""3등"", ""winners"": 2985, ""prize_amount"": 1603146}, {""rank"": ""4등"", ""winners"": 146684, ""prize_amount"": 50000}, {""rank"": ""5등"", ""winners"": 2475581, ""prize_amount"": 5000}]",2026-07-25
1235,"[6, 7, 11, 15, 39, 43]",20,"[{""rank"": ""1등"", ""winners"": 9, ""prize_amount"": 3090961625}, {""rank"": ""2등"", ""winners"": 82, ""prize_amount"": 56541981}, {""rank"": ""3등"", ""winners"": 2859, ""prize_amount"": 1621701}, {""rank"": ""4등"", ""winners"": 154048, ""prize_amount"": 50000}, {""rank"": ""5등"", ""winners"": 2585719, ""prize_amount"": 5000}]",2026-08-01
1236,"[12, 18, 21, 29, 34, 38]",10,"[{""rank"": ""1등"", ""winners"": 11, ""prize_amount"": 2441919375}, {""rank"": ""2등"", ""winners"": 84, ""prize_amount"": 53295860}, {""rank"": ""3등"", ""winners"": 3371, ""prize_amount"": 1328049}, {""rank"": ""4등"", ""winners"": 161927, ""prize_amount"": 50000}, {""rank"": ""5등"", ""winners"": 2624850, ""prize_amount"": 5000}]",2026-08-08
1237,"[10, 20, 23, 34, 37, 40]",36,"[{""rank"": ""1등"", ""winners"": 23, ""prize_amount"": 1214932680}, {""rank"": ""2등"", ""winners"": 75, ""prize_amount"": 62096560}, {""rank"": ""3등"", ""winners"": 3745, ""prize_amount"": 1243590}, {""rank"": ""4등"", ""winners"": 172132, ""prize_amount"": 50000}, {""rank"": ""5등"", ""winners"": 2663409, ""prize_amount"": 5000}]",2026-08-15
1238,"[2, 13, 18, 32, 38, 42]",22,"[{""rank"": ""1등"", ""winners"": 23, ""prize_amount"": 1197258718}, {""rank"": ""2등"", ""winners"": 84, ""prize_amount"": 54636807}, {""rank"": ""3등"", ""winners"": 3235, ""prize_amount"": 1418700}, {""rank"": ""4등"", ""winners"": 156141, ""prize_amount"": 50000}, {""rank"": ""5등"", ""winners"": 2549183, ""prize_amount"": 5000}]",2026-08-22
1239,"[11, 13, 22, 32, 33, 36]",8,"[{""rank"": ""1등"", ""winners"": 13, ""prize_amount"": 2214789375}, {""rank"": ""2등"", ""winners"": 71, ""prize_amount"": 67587470}, {""rank"": ""3등"", ""winners"": 3081, ""prize_amount"": 1557518}, {""rank"": ""4등"", ""winners"": 152825, ""prize_amount"": 50000}, {""rank"": ""5등"", ""winners"": 2570542, ""prize_amount"": 5000}]",2026-08-29
1240,"[11, 13, 19, 20, 31, 44]",27,"[{""rank"": ""1등"", ""winners"": 16, ""prize_amount"": 1791817758}, {""rank"": ""2등"", ""winners"": 78, ""prize_amount"": 61258727}, {""rank"": ""3등"", ""winners"": 3087, ""prize_amount"": 1547840}, {""rank"": ""4등"", ""winners"": 155202, ""prize_amount"": 50000}, {""rank"": ""5등"", ""winners"": 2619423, ""prize_amount"": 5000}]",2026-09-05
